raw_code,code,market,name,price,pct_change,turnover_rate,volume_ratio,pe_ttm,pb,momentum_5d,momentum_10d,momentum_20d,momentum_60d,momentum_ytd,amount_cny,market_cap_cny,float_cap_cny,score,factor_momentum,factor_value,factor_liquidity,factor_activity,factor_daily_strength,factor_size,reasons
sh601919,601919,sh,中远海控,17.42,2.41,1.21,1.33,10.62,1.16,9.08,11.38,13.78,27.15,18.18,2633790000.0,265971000000.0,218735000000.0,90.5,92.6,88.3,95.4,74.3,98.7,97.2,中期趋势靠前、估值相对占优、成交活跃
sz000975,000975,sz,山金国际,29.26,2.38,3.22,1.35,21.39,5.1,8.69,7.81,30.39,30.28,22.68,2346050000.0,81124000000.0,73829000000.0,83.7,97.9,40.0,94.5,90.5,98.3,87.1,中期趋势靠前、成交活跃、量比与换手适中
sh601318,601318,sh,中国平安,54.92,2.94,1.23,1.88,6.24,0.97,6.02,3.0,2.83,6.13,-17.6,7149810000.0,994471999999.9999,585451000000.0,83.2,65.6,94.1,99.5,69.7,93.7,99.5,估值相对占优、成交活跃、市值稳定性较高
sh600919,600919,sh,江苏银行,12.13,1.59,0.61,1.09,6.16,0.82,4.39,2.71,5.66,9.7,23.32,1357580000.0,222602000000.0,222602000000.0,82.9,75.3,95.9,88.1,64.1,87.0,96.2,中期趋势靠前、估值相对占优、成交活跃
sz000001,000001,sz,平安银行,11.56,1.31,0.62,1.15,5.16,0.48,4.14,2.39,4.05,9.37,4.62,1383380000.0,224332000000.00003,224330000000.00003,82.5,72.2,98.9,88.3,65.6,83.0,96.4,中期趋势靠前、估值相对占优、成交活跃
sh600036,600036,sh,招商银行,39.58,1.75,0.51,1.39,6.62,0.9,3.61,1.72,1.49,6.95,-1.26,4125330000.0,998201000000.0,816494000000.0,82.3,64.5,94.5,97.7,70.1,89.3,99.6,估值相对占优、成交活跃、量比与换手适中
sh601233,601233,sh,桐昆股份,24.5,-0.85,2.27,1.6,17.56,1.46,4.48,0.41,14.43,29.22,43.36,1339850000.0,58286000000.0,58179000000.0,82.2,93.5,73.9,87.8,84.2,52.1,83.2,中期趋势靠前、估值相对占优、成交活跃
sh600489,600489,sh,中金黄金,27.26,0.29,3.22,1.61,21.06,4.32,6.99,4.2,29.3,24.12,19.03,4254610000.0,132138000000.00002,132138000000.00002,82.0,96.4,43.4,97.9,91.4,68.4,91.9,中期趋势靠前、成交活跃、量比与换手适中
sh601229,601229,sh,上海银行,9.87,1.33,0.51,0.98,5.79,0.56,4.67,6.47,7.75,12.03,-0.1,717620000.0,140243000000.0,140243000000.0,82.0,80.9,97.7,76.9,60.9,83.3,92.5,中期趋势靠前、估值相对占优、成交活跃
sh601077,601077,sh,渝农商行,7.04,3.38,0.91,1.58,6.35,0.57,7.65,8.98,6.99,7.94,14.68,563830000.0,79953000000.0,62221000000.0,81.3,75.3,97.2,71.8,73.9,87.4,86.8,中期趋势靠前、估值相对占优、成交活跃
sh601328,601328,sh,交通银行,7.2,1.12,0.59,0.96,6.6,0.55,4.35,4.35,2.71,10.91,1.67,1099080000.0,636219000000.0,187722000000.0,80.6,71.0,97.2,85.4,61.1,80.3,98.9,中期趋势靠前、估值相对占优、成交活跃
sh601939,601939,sh,建设银行,10.66,1.23,1.13,0.89,8.16,0.8,3.5,5.23,2.9,9.25,17.44,1154720000.0,2788660000000.0,102268000000.0,80.4,69.4,94.6,86.4,63.7,81.9,100.0,估值相对占优、成交活跃、市值稳定性较高
sh601009,601009,sh,南京银行,11.78,0.0,0.65,1.16,6.38,0.75,4.53,4.71,4.62,11.58,5.11,945460000.0,145643000000.0,145643000000.0,79.9,75.5,96.2,82.4,66.0,64.3,92.9,中期趋势靠前、估值相对占优、成交活跃
sz000983,000983,sz,山西焦煤,7.44,1.64,2.25,1.68,31.81,1.16,9.25,9.9,16.98,11.04,17.54,955120000.0,42238000000.0,42237000000.0,79.8,87.6,60.7,82.8,82.2,87.7,78.4,中期趋势靠前、成交活跃、量比与换手适中
sh601169,601169,sh,北京银行,5.17,1.57,0.97,2.12,5.33,0.39,4.44,2.78,2.17,7.44,-0.62,1059460000.0,109308999999.99998,109308999999.99998,79.5,66.3,98.8,85.0,62.2,86.7,90.6,估值相对占优、成交活跃、市值稳定性较高
sh600015,600015,sh,华夏银行,6.85,2.09,0.55,1.22,4.02,0.34,3.95,1.33,2.39,7.2,6.2,576200000.0,109017000000.0,105402000000.0,79.1,66.3,99.8,72.2,66.6,94.1,90.5,估值相对占优、成交活跃、市值稳定性较高
sh600801,600801,sh,华新建材,23.59,1.77,0.96,1.42,15.09,1.51,3.15,-1.79,13.14,28.0,-3.04,305120000.0,49044000000.0,31651000000.0,79.0,92.3,76.6,52.5,74.3,89.6,80.1,中期趋势靠前、估值相对占优、量比与换手适中
sh601899,601899,sh,紫金矿业,34.54,-0.58,1.64,1.31,13.58,4.81,4.86,-1.4,10.18,16.53,2.58,11751470000.0,918443000000.0,711586000000.0,78.5,85.6,53.4,99.9,77.2,56.0,99.3,中期趋势靠前、成交活跃、量比与换手适中
sh600362,600362,sh,江西铜业,45.95,0.2,3.06,1.11,19.9,1.92,-3.71,-5.72,6.37,7.11,-15.41,2918680000.0,159112000000.0,95358000000.0,78.1,73.5,64.8,96.2,83.8,67.1,93.8,中期趋势靠前、成交活跃、量比与换手适中
sz000651,000651,sz,格力电器,41.45,0.51,1.01,1.26,7.96,1.53,3.91,1.92,2.62,5.82,5.68,2304460000.0,232178000000.00003,228887000000.0,78.1,64.3,86.0,94.4,71.1,71.6,96.6,估值相对占优、成交活跃、量比与换手适中
sh601225,601225,sh,陕西煤业,26.5,2.99,0.6,1.62,15.89,2.75,5.03,1.77,7.9,6.72,29.83,1543090000.0,256917999999.99997,256917999999.99997,78.1,75.3,61.9,90.2,70.6,93.0,97.0,中期趋势靠前、成交活跃、量比与换手适中
sh600547,600547,sh,山东黄金,36.5,-1.48,5.06,1.49,32.62,5.48,21.67,16.35,38.57,27.67,-5.02,6744300000.0,168262000000.0,131927000000.0,77.4,98.1,27.9,99.3,91.4,43.1,94.5,中期趋势靠前、成交活跃、量比与换手适中
sh601166,601166,sh,兴业银行,18.28,0.99,0.55,1.19,4.99,0.47,2.52,-0.33,-0.11,1.56,-8.57,2101790000.0,386857000000.0,386857000000.0,76.9,51.6,99.1,93.7,65.9,78.4,98.3,估值相对占优、成交活跃、市值稳定性较高
sh600352,600352,sh,浙江龙盛,12.94,3.19,1.77,1.41,21.37,1.33,-1.22,-7.51,1.73,20.15,26.74,737460000.0,42098000000.0,42098000000.0,76.9,74.6,69.5,77.7,80.5,90.1,78.3,中期趋势靠前、成交活跃、量比与换手适中
sh601211,601211,sh,国泰海通,17.64,1.5,0.65,0.92,9.59,0.94,-2.22,-3.08,-6.91,17.37,-12.67,1530630000.0,310130000000.0,237242999999.99997,76.8,58.0,92.2,89.8,60.6,85.7,97.7,估值相对占优、成交活跃、市值稳定性较高
sz002966,002966,sz,苏州银行,8.7,1.4,0.87,1.12,7.1,0.76,1.99,4.19,7.81,8.75,6.88,330110000.0,38895000000.0,38241000000.0,76.6,77.5,95.4,55.0,66.9,84.3,75.3,中期趋势靠前、估值相对占优、市值稳定性较高
sh600028,600028,sh,中国石化,5.33,4.51,0.63,2.94,17.93,0.76,6.39,4.1,3.5,12.49,-12.16,3174540000.0,644533000000.0,505031000000.00006,76.3,74.3,81.3,96.8,41.1,71.3,99.1,中期趋势靠前、估值相对占优、成交活跃
sh600346,600346,sh,恒力石化,18.76,-0.58,0.52,0.82,11.76,1.84,7.45,2.29,14.81,11.01,-15.65,689800000.0,132054000000.0,132054000000.0,76.3,86.4,77.9,75.8,57.4,56.0,91.8,中期趋势靠前、估值相对占优、成交活跃
sh601601,601601,sh,中国太保,31.03,2.01,0.97,1.78,5.54,0.97,2.92,0.29,-1.87,0.0,-23.87,2049670000.0,298519000000.0,212402000000.0,75.9,44.9,94.4,93.4,69.9,93.0,97.4,估值相对占优、成交活跃、市值稳定性较高
sh600941,600941,sh,中国移动,97.53,1.33,1.41,1.49,16.05,1.49,1.57,0.86,3.33,0.65,-1.33,1245870000.0,2115154000000.0,88047000000.0,75.7,57.5,76.0,87.1,79.4,83.3,99.9,估值相对占优、成交活跃、量比与换手适中
sh601838,601838,sh,成都银行,18.88,1.23,0.55,1.09,5.96,0.91,4.71,4.31,3.68,6.79,24.22,437520000.0,80022000000.0,80022000000.0,75.4,68.7,95.0,62.6,63.7,81.9,87.0,估值相对占优、市值稳定性较高
sh601101,601101,sh,昊华能源,13.51,6.21,5.29,1.28,24.05,1.56,6.46,0.9,23.27,14.39,95.51,1004890000.0,19454000000.0,19454000000.0,75.3,91.6,63.4,83.6,84.9,47.0,51.7,中期趋势靠前、成交活跃、量比与换手适中
sz002648,002648,sz,卫星化学,26.57,-1.59,1.29,0.75,10.18,2.35,2.98,0.42,7.88,16.68,54.65,1153060000.0,89505000000.0,89447000000.0,75.2,83.7,74.8,86.3,61.8,41.6,88.1,中期趋势靠前、估值相对占优、成交活跃
sh601818,601818,sh,光大银行,3.07,1.66,0.54,1.68,4.8,0.36,2.68,0.66,-0.97,1.32,-7.39,768330000.0,181393000000.0,142469000000.0,75.1,49.3,99.5,78.8,68.8,88.0,94.9,估值相对占优、成交活跃、市值稳定性较高
sz002558,002558,sz,巨人网络,26.66,2.03,3.45,1.02,20.37,3.18,-1.95,-10.51,7.85,3.05,-38.15,1735570000.0,50669000000.0,50669000000.0,74.9,69.1,51.6,91.7,84.9,93.3,80.8,成交活跃、量比与换手适中、市值稳定性较高
sh600988,600988,sh,赤峰黄金,48.77,-1.34,7.07,1.65,25.84,6.77,19.59,11.53,27.87,46.15,57.73,5814080000.0,92683000000.0,81149000000.0,74.8,98.4,30.9,98.9,72.5,45.1,88.9,中期趋势靠前、成交活跃、量比与换手适中
sz002440,002440,sz,闰土股份,12.4,0.81,4.24,1.12,17.31,1.41,-4.91,-10.6,4.11,33.72,70.49,494360000.0,13938000000.0,11735000000.0,74.6,82.4,75.0,66.6,89.6,75.9,38.8,中期趋势靠前、估值相对占优、量比与换手适中
sh603259,603259,sh,药明康德,155.84,-4.31,2.77,1.08,21.46,5.58,-6.62,-3.41,25.01,53.39,74.98,10767740000.0,464989000000.00006,385436000000.0,74.5,98.4,38.6,99.7,80.9,2.7,98.8,中期趋势靠前、成交活跃、量比与换手适中
sh600030,600030,sh,中信证券,27.27,0.55,0.87,1.16,10.74,1.44,-0.98,-2.43,-3.5,6.36,-2.64,2871420000.0,426074000000.0,332055000000.0,74.4,52.9,84.6,96.1,67.8,72.1,98.5,估值相对占优、成交活跃、市值稳定性较高
sh601609,601609,sh,金田股份,13.38,1.13,5.54,0.7,28.16,2.27,14.26,28.65,36.25,9.55,25.47,1271110000.0,23129000000.0,23129000000.0,74.3,88.9,49.8,87.2,69.9,80.4,60.3,中期趋势靠前、成交活跃
sz000776,000776,sz,广发证券,20.64,0.39,0.85,1.03,10.32,1.21,-2.69,-1.34,-3.55,12.23,-4.09,1035820000.0,161505000000.0,121859999999.99998,74.2,59.4,88.1,84.3,64.7,69.9,94.1,估值相对占优、成交活跃、市值稳定性较高
sz002237,002237,sz,恒邦股份,15.19,-1.68,5.86,1.85,21.86,1.58,5.12,3.12,17.57,13.99,14.33,1063680000.0,21721000000.0,18112000000.0,74.1,89.7,65.6,85.1,77.5,40.3,56.9,中期趋势靠前、成交活跃、量比与换手适中
sh601886,601886,sh,江河集团,13.23,1.07,2.66,0.79,20.74,2.07,3.76,45.38,57.69,47.16,69.4,402280000.0,14990000000.0,14990000000.0,74.1,99.7,60.5,60.5,73.5,79.6,40.5,中期趋势靠前、量比与换手适中
sz300628,300628,sz,亿联网络,42.18,1.08,2.41,1.05,18.52,5.8,5.13,5.37,10.94,16.68,22.79,737220000.0,53439000000.0,30617000000.0,74.0,86.9,42.9,77.6,77.4,79.7,81.6,中期趋势靠前、成交活跃、量比与换手适中
sh600737,600737,sh,中粮糖业,14.54,-0.14,3.6,0.66,31.41,2.85,6.05,4.15,23.85,15.76,-13.81,1141890000.0,31099000000.0,31099000000.0,73.9,92.2,42.2,86.0,78.0,62.3,69.8,中期趋势靠前、成交活跃、量比与换手适中
sh600985,600985,sh,淮北矿业,17.99,-0.22,1.1,0.92,37.11,1.17,6.58,6.7,20.33,24.07,65.65,536370000.0,48452000000.0,48452000000.0,73.9,94.5,56.6,69.8,64.2,61.1,80.0,中期趋势靠前、市值稳定性较高
sh601336,601336,sh,新华保险,59.43,1.09,1.09,1.71,5.02,1.58,1.5,-1.05,-2.96,3.11,-12.14,1350700000.0,185395000000.0,123938000000.00002,73.7,48.7,87.5,87.9,72.4,79.9,95.2,估值相对占优、成交活跃、量比与换手适中
sh600016,600016,sh,民生银行,3.51,1.15,0.6,1.17,5.24,0.27,2.93,-0.57,-0.57,0.37,-7.07,745610000.0,153676000000.0,124472000000.0,73.5,48.6,99.3,78.3,65.9,80.7,93.6,估值相对占优、成交活跃、市值稳定性较高
sh601872,601872,sh,招商轮船,19.0,-3.94,1.71,1.04,19.4,3.56,6.2,4.51,19.5,21.72,117.64,2668520000.0,153416000000.0,153416000000.0,73.4,93.6,50.3,95.7,71.7,8.0,93.4,中期趋势靠前、成交活跃、量比与换手适中
sh601898,601898,sh,中煤能源,14.81,3.57,0.73,1.69,10.71,1.18,6.01,2.85,7.01,-5.55,19.05,986220000.0,196361000000.0,135541000000.00002,73.4,49.4,87.6,83.5,70.0,84.7,95.4,估值相对占优、成交活跃、量比与换手适中
sh600497,600497,sh,驰宏锌锗,10.19,0.69,3.35,1.36,42.7,3.05,-1.36,-5.03,10.76,7.04,40.75,1715850000.0,51361000000.0,51361000000.0,73.3,78.7,33.6,91.5,91.7,74.1,80.9,中期趋势靠前、成交活跃、量比与换手适中
sh600909,600909,sh,华安证券,8.19,0.24,2.25,1.11,20.4,1.6,-4.1,-0.61,0.37,16.17,22.97,921850000.0,41148000000.0,41148000000.0,72.9,69.7,67.4,81.9,77.5,67.7,77.9,成交活跃、量比与换手适中、市值稳定性较高
sh600188,600188,sh,兖矿能源,21.83,1.96,0.91,1.2,21.52,2.99,-1.18,0.23,9.31,1.63,70.15,1186210000.0,219104000000.0,130135999999.99998,72.8,67.9,51.1,86.8,69.0,92.3,96.0,成交活跃、市值稳定性较高
sz000737,000737,sz,北方铜业,14.91,1.43,5.77,1.13,27.45,3.96,-0.27,2.76,13.82,8.36,-2.23,1628130000.0,28399000000.0,28397000000.000004,72.7,82.5,37.3,90.7,77.8,84.7,67.2,中期趋势靠前、成交活跃、量比与换手适中
sz300760,300760,sz,迈瑞医疗,158.68,2.74,0.98,1.36,24.54,4.98,5.99,1.99,6.81,4.51,-15.99,1874050000.0,192288000000.0,192108000000.0,72.3,69.6,36.9,92.5,73.1,96.6,95.3,成交活跃、量比与换手适中、市值稳定性较高
sh603225,603225,sh,新凤鸣,19.7,3.58,1.43,1.73,30.59,1.6,3.68,-1.15,6.37,17.4,2.28,468840000.0,33047000000.000004,32870000000.0,72.3,81.7,55.8,65.0,74.6,84.6,72.1,中期趋势靠前、量比与换手适中、市值稳定性较高
sz000783,000783,sz,长江证券,8.63,0.35,1.41,0.83,11.35,1.36,-5.58,-4.32,-0.46,10.22,9.94,673450000.0,47725000000.0,47725000000.0,71.9,63.5,84.8,75.6,64.6,69.3,79.7,估值相对占优、成交活跃、市值稳定性较高
sh600546,600546,sh,山煤国际,13.66,3.41,2.02,1.72,20.21,1.69,4.51,2.71,10.25,1.0,40.32,543060000.0,27080000000.0,27080000000.0,71.5,67.8,67.0,70.2,79.5,87.0,65.9,成交活跃、量比与换手适中
sz002215,002215,sz,诺 普 信,9.46,2.83,4.42,1.07,12.39,2.07,5.11,2.71,10.26,7.62,-8.07,335730000.0,9500000000.0,7644000000.0,71.5,78.7,73.8,55.7,87.0,95.3,21.9,中期趋势靠前、估值相对占优、量比与换手适中
sh601699,601699,sh,潞安环能,16.85,0.96,1.15,1.05,42.83,1.1,3.31,3.44,11.44,6.56,45.1,578510000.0,50405000000.0,50405000000.0,71.4,78.7,54.7,72.3,67.5,78.0,80.5,中期趋势靠前、成交活跃、市值稳定性较高
sz000415,000415,sz,渤海租赁,4.5,-2.17,1.65,1.81,5.78,0.89,-2.81,-3.02,4.9,9.22,11.11,403960000.0,27830000000.0,24268000000.0,71.4,73.2,95.4,60.9,74.6,33.3,66.6,中期趋势靠前、估值相对占优、量比与换手适中
sh603198,603198,sh,迎驾贡酒,39.79,2.1,0.92,1.02,15.98,3.1,0.99,-0.97,12.91,12.24,4.55,294200000.0,31832000000.0,31832000000.0,71.4,85.9,58.8,51.0,65.0,94.3,70.9,中期趋势靠前、市值稳定性较高
sh601156,601156,sh,东航物流,18.67,0.59,1.12,0.96,10.89,1.55,-1.37,4.48,9.82,18.22,5.28,199770000.0,29639999999.999996,17636000000.0,71.4,86.1,83.0,34.2,65.2,72.7,68.2,中期趋势靠前、估值相对占优
sh603993,603993,sh,洛阳钼业,18.99,1.99,1.72,1.43,14.6,4.53,-0.73,-8.48,-1.91,2.59,-3.67,5725240000.0,406278000000.0,331581000000.0,71.3,49.5,52.4,98.8,80.5,92.7,98.4,成交活跃、量比与换手适中、市值稳定性较高
sh600690,600690,sh,海尔智家,20.94,0.38,0.67,0.98,10.49,1.68,1.57,-2.04,-0.27,4.67,-16.96,878140000.0,196368000000.0,130938000000.00002,71.3,56.4,81.9,81.2,62.1,69.7,95.6,估值相对占优、成交活跃、市值稳定性较高
sh600026,600026,sh,中远海能,19.14,-2.25,2.2,1.08,19.03,2.27,8.14,8.38,20.08,0.21,69.38,1638310000.0,104719000000.0,73268000000.0,71.2,71.9,61.5,91.0,76.4,32.1,89.9,中期趋势靠前、成交活跃、量比与换手适中
sh601877,601877,sh,正泰电器,26.22,1.55,1.82,1.35,11.11,1.22,5.3,2.7,6.72,-8.15,-3.94,1030420000.0,56346000000.0,56346000000.0,71.2,41.7,86.4,84.0,79.5,86.4,82.6,估值相对占优、成交活跃、量比与换手适中
sh600795,600795,sh,国电电力,5.16,0.98,0.65,0.68,14.18,1.53,3.2,2.79,5.52,3.01,5.33,595440000.0,92032000000.0,92032000000.0,71.2,65.3,78.1,73.2,55.2,78.3,88.7,估值相对占优、成交活跃、市值稳定性较高
sh601665,601665,sh,齐鲁银行,6.56,0.61,0.55,0.71,6.84,0.81,3.47,5.13,6.32,10.22,19.47,223220000.0,40369000000.0,40369000000.0,71.1,76.7,95.3,38.0,55.1,73.0,77.2,中期趋势靠前、估值相对占优、市值稳定性较高
sh600711,600711,sh,盛屯矿业,11.87,-1.9,4.42,1.3,13.52,2.05,-1.41,-6.83,10.73,-2.7,-21.45,1618640000.0,36686000000.0,36686000000.0,71.0,60.1,72.1,90.6,92.2,37.1,74.4,估值相对占优、成交活跃、量比与换手适中
sh600938,600938,sh,中国海油,33.72,-0.41,1.16,0.8,12.86,1.97,2.52,5.37,6.88,-0.59,13.53,1162920000.0,1602710000000.0,100823000000.0,71.0,60.1,74.5,86.7,61.9,58.4,99.7,估值相对占优、成交活跃、市值稳定性较高
sz300483,300483,sz,首华燃气,23.2,1.13,5.6,1.61,25.7,2.3,-0.47,-2.03,15.37,25.0,63.61,495080000.0,8934000000.0,8921000000.0,71.0,93.3,52.0,66.7,85.0,80.4,18.8,中期趋势靠前、量比与换手适中
sz000426,000426,sz,兴业银锡,42.29,3.45,8.85,1.98,28.15,6.94,7.12,3.98,26.88,6.52,18.79,6500130000.0,75092000000.0,75073000000.0,70.9,84.5,28.6,99.2,51.1,86.4,86.3,中期趋势靠前、成交活跃、市值稳定性较高
sh600019,600019,sh,宝钢股份,5.86,0.86,0.59,1.28,12.72,0.62,2.09,1.38,-1.35,0.17,-19.39,743330000.0,127643000000.0,125486999999.99998,70.7,46.0,90.4,78.1,68.3,76.6,91.5,估值相对占优、成交活跃、市值稳定性较高
sz000923,000923,sz,河钢资源,15.71,3.42,3.83,1.35,22.1,1.06,0.0,2.55,7.75,5.29,-23.63,377620000.0,10254000000.0,9864000000.0,70.4,72.3,71.8,59.1,95.3,86.9,25.5,中期趋势靠前、估值相对占优、量比与换手适中
sh600583,600583,sh,海油工程,6.1,-0.33,0.98,0.5,12.98,0.93,8.73,9.91,10.31,12.67,15.22,262490000.0,26970000000.0,26970000000.0,70.2,84.1,87.3,45.9,53.8,59.6,65.6,中期趋势靠前、估值相对占优
sz002948,002948,sz,青岛银行,6.0,0.84,0.92,0.78,6.4,0.83,4.71,3.45,4.17,10.91,39.53,194240000.0,34922000000.0,21133000000.0,70.2,74.5,95.6,32.6,59.6,76.3,72.9,中期趋势靠前、估值相对占优、市值稳定性较高
sh600177,600177,sh,雅戈尔,8.02,1.65,0.6,1.12,14.45,0.89,1.78,4.29,3.35,10.47,9.53,216560000.0,37080000000.0,36118000000.0,70.1,72.0,85.2,36.4,64.7,87.9,74.5,中期趋势靠前、估值相对占优、市值稳定性较高
sh605599,605599,sh,菜百股份,17.1,1.42,2.8,2.65,10.98,2.99,7.82,0.18,12.87,12.28,9.69,375050000.0,13300000000.0,13300000000.0,69.8,85.9,67.5,58.5,64.7,84.6,36.0,中期趋势靠前
sh600392,600392,sh,盛和资源,22.84,0.48,3.53,1.01,40.11,3.24,-5.46,-10.04,9.07,5.79,7.58,1418310000.0,40035000000.0,40035000000.0,69.7,74.4,32.7,88.6,85.3,71.1,76.9,中期趋势靠前、成交活跃、量比与换手适中
sh601555,601555,sh,东吴证券,7.89,0.77,0.8,1.25,11.62,0.92,-2.83,-1.38,2.73,3.54,-10.75,313560000.0,39203000000.0,39203000000.0,69.7,61.0,89.7,53.2,69.2,75.3,76.0,估值相对占优、市值稳定性较高
sh600256,600256,sh,广汇能源,6.16,-1.12,2.41,1.22,22.24,1.58,3.88,6.39,13.65,-1.39,26.83,947240000.0,39375000000.0,39375000000.0,69.6,65.3,65.2,82.6,81.2,48.3,76.4,成交活跃、量比与换手适中、市值稳定性较高
sh600961,600961,sh,株冶集团,27.82,-2.08,9.11,1.28,12.0,5.09,-6.71,-7.79,20.17,9.79,72.8,1920380000.0,29847000000.000004,20915000000.0,69.5,86.9,54.9,92.8,54.9,34.6,68.3,中期趋势靠前、成交活跃
sh600531,600531,sh,豫光金铅,13.89,-0.07,8.56,1.9,18.54,2.45,2.74,-0.07,18.82,6.72,20.42,1439600000.0,16797000000.0,16797000000.0,69.5,82.9,60.2,88.9,55.2,63.3,46.0,中期趋势靠前、成交活跃
sh603268,603268,sh,松发股份,180.93,-1.03,2.18,1.14,52.75,10.54,-1.29,-1.27,18.98,31.68,116.99,923420000.0,184316000000.0,42202000000.0,69.5,95.7,12.1,82.0,77.6,49.6,95.0,中期趋势靠前、成交活跃、量比与换手适中
sz000100,000100,sz,TCL科技,4.92,-2.19,2.14,0.95,20.22,1.68,-5.2,1.03,-3.53,17.42,10.56,2128640000.0,102340000000.0,98966000000.0,69.4,62.4,67.1,94.0,73.0,33.0,89.7,成交活跃、量比与换手适中、市值稳定性较高
sh601168,601168,sh,西部矿业,36.7,-3.04,3.04,1.34,14.72,3.9,-6.71,-13.55,-2.7,20.45,33.26,2685850000.0,87456000000.0,87456000000.0,69.1,65.2,55.0,95.8,88.9,20.9,87.8,成交活跃、量比与换手适中、市值稳定性较高
sz300012,300012,sz,华测检测,15.16,0.2,3.24,0.8,22.93,3.15,-0.39,4.19,12.38,5.5,13.13,707020000.0,25512000000.0,21708000000.0,69.1,77.2,48.1,76.2,78.3,67.1,64.2,中期趋势靠前、成交活跃、量比与换手适中
sh601688,601688,sh,华泰证券,18.64,0.22,0.62,0.74,9.59,0.96,-1.74,-1.84,-6.24,4.84,-19.62,840050000.0,168261000000.0,136198000000.0,69.0,46.6,92.0,79.9,56.3,67.4,94.4,估值相对占优、成交活跃、市值稳定性较高
sh600674,600674,sh,川投能源,15.59,2.23,0.61,1.01,16.44,1.7,3.18,3.59,0.78,3.93,16.34,456970000.0,75995000000.0,75995000000.0,69.0,57.8,72.1,63.9,62.3,96.1,86.6,估值相对占优、市值稳定性较高
sh600901,600901,sh,江苏金租,6.63,1.38,0.68,1.04,11.34,1.49,0.15,1.84,1.22,9.05,11.43,259640000.0,38400000000.0,38391000000.0,68.8,66.2,83.3,45.4,63.6,84.0,75.0,估值相对占优、市值稳定性较高
sh600096,600096,sh,云天化,29.91,0.81,1.91,0.92,10.24,2.15,1.25,-0.76,2.43,-2.38,-7.14,1048560000.0,54526000000.0,54526000000.0,68.7,48.3,76.0,84.7,70.5,75.9,81.7,估值相对占优、成交活跃、量比与换手适中
sh600887,600887,sh,伊利股份,25.84,1.73,1.08,1.12,13.52,3.03,2.42,-1.6,-0.84,-0.69,-6.71,1743320000.0,163447000000.0,162635000000.0,68.6,45.0,63.5,91.8,68.5,89.0,94.2,成交活跃、市值稳定性较高
sz000617,000617,sz,中油资本,7.15,2.44,1.23,2.04,19.68,0.85,3.47,-0.14,3.77,-7.78,-24.72,1111600000.0,90391000000.0,90391000000.0,68.6,38.0,78.4,85.6,66.1,99.1,88.2,估值相对占优、成交活跃、市值稳定性较高
sh601997,601997,sh,贵阳银行,5.79,1.05,1.19,1.05,4.01,0.33,3.76,2.66,3.39,2.84,3.95,251950000.0,21169000000.0,21169000000.0,68.6,61.2,99.9,44.2,67.8,79.3,54.9,估值相对占优
sz002493,002493,sz,荣盛石化,13.65,-0.8,0.51,0.77,44.34,3.0,6.89,0.96,15.97,22.27,17.53,646800000.0,136356000000.0,127465000000.00002,68.5,92.7,33.1,74.4,56.2,52.9,92.2,中期趋势靠前、成交活跃、市值稳定性较高
sz002517,002517,sz,恺英网络,16.55,-0.42,2.75,0.81,16.32,3.49,-5.7,-9.61,7.47,3.82,-23.98,852760000.0,35358000000.0,31264000000.0,68.3,69.5,55.2,80.5,74.7,58.3,73.3,成交活跃、量比与换手适中、市值稳定性较高
sz000902,000902,sz,新洋丰,13.75,0.95,1.87,1.21,10.64,1.38,3.7,1.63,3.15,5.61,-10.83,294820000.0,17253000000.0,15713000000.0,68.3,65.1,85.4,51.4,76.7,77.9,47.2,估值相对占优、量比与换手适中
sh601069,601069,sh,西部黄金,34.08,6.27,7.77,2.15,35.0,6.04,20.0,12.55,46.45,24.91,28.49,2255730000.0,31047000000.000004,30235000000.000004,68.2,97.4,24.5,94.2,55.8,46.1,69.7,中期趋势靠前、成交活跃
sh600888,600888,sh,新疆众和,10.53,2.73,5.83,1.74,20.62,1.26,1.15,3.64,15.71,-8.03,30.65,955720000.0,16354000000.0,16354000000.0,68.1,50.7,71.4,83.0,80.2,96.7,44.4,估值相对占优、成交活跃、量比与换手适中
sh600428,600428,sh,中远海特,11.35,-4.06,1.79,0.86,16.92,1.92,-3.98,-2.58,8.35,51.84,67.53,443770000.0,31143000000.0,24364000000.0,68.0,89.4,69.0,63.1,68.2,6.3,69.9,中期趋势靠前
sh601001,601001,sh,晋控煤业,17.28,2.61,1.57,1.3,17.45,1.55,0.93,-4.0,4.92,-2.99,37.11,452460000.0,28922000000.000004,28922000000.000004,67.9,52.1,73.1,63.6,76.4,98.4,67.7,估值相对占优、量比与换手适中
sz002073,002073,sz,软控股份,5.99,0.84,4.28,1.82,15.62,0.95,6.02,5.09,10.11,5.83,-26.32,260080000.0,6136000000.0,6074000000.0,67.9,75.6,82.5,45.6,90.6,76.3,6.2,中期趋势靠前、估值相对占优、量比与换手适中
sh600918,600918,sh,中泰证券,5.59,0.9,1.54,2.1,17.88,0.99,0.36,-0.18,0.54,3.71,-13.33,391240000.0,44264000000.0,25506000000.0,67.5,56.9,78.9,60.0,67.2,77.1,78.8,估值相对占优、市值稳定性较高
sz000807,000807,sz,云铝股份,26.29,1.58,1.7,0.93,10.5,2.66,-1.57,-5.6,2.62,-6.48,-19.01,1540450000.0,91173000000.0,91172000000.0,67.4,39.1,71.2,89.9,69.1,86.9,88.5,估值相对占优、成交活跃、市值稳定性较高
sh603766,603766,sh,隆鑫通用,14.57,5.12,1.85,2.14,19.12,3.27,5.66,5.05,4.44,11.65,-5.45,552510000.0,29920000000.0,29920000000.0,67.2,75.6,52.5,70.9,68.7,62.6,68.5,中期趋势靠前、成交活跃
sz301039,301039,sz,中集车辆,8.26,3.51,1.42,1.34,17.55,1.1,6.31,2.35,11.77,6.31,-6.14,169350000.0,15480000000.000002,11997000000.0,67.2,78.4,78.3,26.3,76.1,85.6,41.6,中期趋势靠前、估值相对占优、量比与换手适中
sh600219,600219,sh,南山铝业,4.8,1.05,1.54,0.62,12.65,1.11,-1.23,-4.38,6.19,-7.69,-8.47,845900000.0,55122000000.0,55122000000.0,67.1,42.1,85.9,80.3,60.9,79.3,82.0,估值相对占优、成交活跃、市值稳定性较高
sz002415,002415,sz,海康威视,34.15,-0.73,0.85,1.33,19.05,3.95,-1.13,-7.43,-6.28,13.8,19.66,2654960000.0,312980000000.0,308924000000.0,66.9,56.8,48.3,95.6,71.4,53.9,98.0,成交活跃、量比与换手适中、市值稳定性较高
sz000630,000630,sz,铜陵有色,6.63,0.61,2.44,0.97,33.81,2.41,-2.36,-3.91,7.63,-3.21,11.24,1793620000.0,88905000000.0,73878000000.0,66.8,55.4,44.5,92.1,75.8,73.0,87.9,成交活跃、量比与换手适中、市值稳定性较高
sh688169,688169,sh,石头科技,112.5,-3.4,2.16,0.78,20.58,2.06,-0.65,1.69,9.91,10.27,-25.76,635590000.0,29200000000.0,29200000000.0,66.4,81.2,61.0,73.8,69.3,15.7,67.8,中期趋势靠前、成交活跃
sz000157,000157,sz,中联重科,7.07,1.58,0.98,1.85,14.11,1.08,2.02,-2.35,-5.23,0.86,-14.09,488470000.0,61145000000.00001,49983000000.0,66.4,41.4,83.7,66.2,68.4,86.9,84.3,估值相对占优、市值稳定性较高
sh601108,601108,sh,财通证券,8.38,-0.83,0.98,0.66,13.15,1.03,-5.74,-0.36,0.6,7.44,-3.34,383090000.0,38915000000.0,38915000000.0,66.4,63.1,86.0,59.5,57.4,52.4,75.4,估值相对占优、市值稳定性较高
sh600760,600760,sh,中航沈飞,45.06,2.29,0.68,1.57,39.28,5.55,1.24,-0.09,4.14,4.84,-19.17,862690000.0,127742000000.0,127500000000.0,66.3,66.2,22.9,80.8,72.3,97.0,91.7,成交活跃、量比与换手适中、市值稳定性较高
sz300677,300677,sz,英科医疗,48.1,-0.64,2.1,1.48,47.15,1.73,-1.78,-3.02,3.78,10.96,23.97,466780000.0,31494000000.0,22396000000.0,66.0,73.7,44.8,64.8,84.6,55.1,70.2,中期趋势靠前、量比与换手适中、市值稳定性较高
sh603588,603588,sh,高能环境,13.48,-2.53,2.97,0.76,15.13,1.97,-5.14,-8.24,3.37,9.5,76.88,611580000.0,20533000000.0,20533000000.0,65.8,70.9,70.1,73.4,75.3,28.1,54.2,中期趋势靠前、估值相对占优、成交活跃
sz001248,001248,sz,华润新能源,12.03,-1.23,3.95,0.83,29.83,1.37,-6.45,-8.86,-13.89,18.99,18.99,507140000.0,160259000000.0,12781000000.0,65.8,56.4,59.8,67.7,84.5,46.7,94.0,量比与换手适中、市值稳定性较高
sh601128,601128,sh,常熟银行,6.31,1.12,1.16,1.01,5.3,0.73,3.44,2.94,1.28,-0.41,0.3,267230000.0,23020000000.0,23020000000.0,65.7,50.9,97.0,46.8,66.7,80.3,60.0,估值相对占优
sz002807,002807,sz,江阴银行,4.05,1.0,2.1,1.31,5.3,0.54,4.11,1.76,2.27,2.27,0.12,229950000.0,10966000000.0,10949000000.0,65.7,57.6,98.2,39.7,80.8,78.6,28.6,估值相对占优、量比与换手适中
sh600348,600348,sh,华阳股份,9.08,1.34,0.86,1.16,20.61,1.21,2.71,4.13,5.58,0.3,13.17,281390000.0,32756000000.0,32756000000.0,65.6,60.8,72.0,48.6,67.7,83.4,71.8,估值相对占优、市值稳定性较高
sz002003,002003,sz,伟星股份,10.75,2.87,2.26,1.71,20.05,3.04,6.86,3.86,3.86,16.97,5.39,245660000.0,12781000000.0,10988000000.0,65.6,77.6,53.7,42.7,81.6,94.7,34.4,中期趋势靠前、量比与换手适中
sz000725,000725,sz,京东方Ａ,5.75,-4.17,4.08,0.66,35.8,1.59,-5.43,-2.38,-3.69,13.77,38.42,8371770000.0,213005000000.00003,203361000000.0,65.5,59.9,52.3,99.6,80.5,4.7,95.8,成交活跃、量比与换手适中、市值稳定性较高
sh600415,600415,sh,小商品城,12.3,-1.44,1.23,0.71,15.36,3.19,3.19,1.23,10.81,-0.08,-20.39,845480000.0,67448000000.0,67448000000.0,65.5,66.1,58.5,80.1,60.5,43.7,84.8,成交活跃、市值稳定性较高
sh603939,603939,sh,益丰药房,23.65,-1.17,0.87,1.29,16.59,2.51,-1.46,0.94,6.82,14.03,10.93,251410000.0,28673000000.0,28673000000.0,65.5,80.6,62.9,44.0,70.7,47.6,67.4,中期趋势靠前、量比与换手适中
sz000933,000933,sz,神火股份,26.08,1.16,1.91,1.11,8.52,2.12,-1.81,-4.61,2.88,-10.22,-2.23,1113390000.0,58654000000.0,58616999999.99999,65.3,31.0,77.6,85.8,74.8,80.9,83.4,估值相对占优、成交活跃、量比与换手适中
sh601058,601058,sh,赛轮轮胎,13.91,0.65,0.54,0.6,12.92,2.1,-0.43,0.29,1.98,11.73,-13.06,248090000.0,45737000000.0,45737000000.0,65.3,70.6,72.4,43.2,52.6,73.6,79.1,中期趋势靠前、估值相对占优、市值稳定性较高
sz001301,001301,sz,尚太科技,63.82,0.98,2.7,0.65,26.86,3.23,13.96,21.56,16.42,2.9,4.97,444760000.0,23270000000.0,16599000000.0,65.2,75.7,42.6,63.2,70.7,78.3,60.4,中期趋势靠前、量比与换手适中
sh600908,600908,sh,无锡银行,5.53,2.79,1.4,1.76,5.22,0.53,3.75,2.03,2.6,3.95,-4.66,152930000.0,12137000000.0,11056000000.0,65.0,61.4,98.5,20.1,73.7,95.9,31.9,估值相对占优、量比与换手适中
sh603228,603228,sh,景旺电子,91.64,-3.37,3.69,0.82,77.56,6.69,-5.46,-4.54,11.67,15.74,26.33,3304390000.0,91759000000.0,89991000000.0,64.9,86.8,7.6,97.0,82.3,16.1,88.6,中期趋势靠前、成交活跃、量比与换手适中
sh601958,601958,sh,金钼股份,23.29,6.15,3.71,3.09,21.39,3.88,1.48,-5.59,12.19,-2.02,53.43,2821630000.0,75148000000.0,75148000000.0,64.9,62.7,45.1,96.0,61.9,47.9,86.4,成交活跃、市值稳定性较高
sz000960,000960,sz,锡业股份,36.03,-2.88,3.41,1.2,24.62,2.76,-9.04,-11.04,10.59,-3.92,30.92,2024610000.0,59285000000.0,59285000000.0,64.9,56.9,49.4,93.2,88.6,23.1,83.8,成交活跃、量比与换手适中、市值稳定性较高
sh688002,688002,sh,睿创微纳,158.4,-1.25,2.22,0.77,36.27,9.29,-6.15,-6.27,3.01,24.23,57.6,1641240000.0,73743000000.0,73743000000.0,64.9,78.1,20.7,91.1,69.6,46.4,86.0,中期趋势靠前、成交活跃、市值稳定性较高
sh689009,689009,sh,九号公司-WD,43.41,-0.44,1.26,0.74,20.95,4.93,-1.34,2.5,13.68,16.7,-20.15,307700000.0,31943000000.0,24406000000.0,64.9,88.9,41.4,52.6,61.4,58.0,71.0,中期趋势靠前、市值稳定性较高
sh600549,600549,sh,厦门钨业,53.93,-2.97,3.81,0.98,24.18,4.58,-7.65,-10.04,7.43,-0.07,32.64,3209990000.0,85619000000.0,83804000000.0,64.8,62.1,38.3,96.9,86.8,21.9,87.5,成交活跃、量比与换手适中、市值稳定性较高
sh600490,600490,sh,鹏欣资源,7.45,1.09,4.81,1.77,72.3,2.62,3.76,-5.7,15.68,1.79,-3.23,714330000.0,16486000000.000002,14844999999.999998,64.5,73.5,26.4,76.6,87.6,79.9,45.4,中期趋势靠前、成交活跃、量比与换手适中
sh600312,600312,sh,平高电气,20.18,2.28,1.92,1.21,21.53,2.31,0.55,-0.54,5.65,-4.3,17.28,522730000.0,27383000000.0,27383000000.0,64.5,50.0,56.8,68.7,77.1,96.9,66.0,量比与换手适中
sz000973,000973,sz,佛塑科技,14.67,1.66,6.14,1.04,55.94,3.95,3.53,7.24,18.02,-0.53,-0.12,915660000.0,36062000000.0,14841999999.999998,64.4,69.5,21.2,81.7,72.8,88.0,73.6,成交活跃、量比与换手适中、市值稳定性较高
sh603236,603236,sh,移远通信,56.99,-1.76,2.61,0.5,23.86,3.14,-5.49,13.62,13.57,6.78,-16.04,605330000.0,23102000000.0,23102000000.0,64.4,80.2,47.1,73.3,66.6,39.1,60.1,中期趋势靠前、成交活跃
sh601117,601117,sh,中国化学,7.5,-0.27,0.78,1.06,6.98,0.67,0.94,-2.46,-0.91,-1.43,2.47,356030000.0,45792000000.0,45661000000.0,64.4,43.3,96.0,57.2,64.8,60.4,79.2,估值相对占优、市值稳定性较高
sz002064,002064,sz,华峰化学,11.39,-2.65,0.73,0.74,19.78,1.96,-2.06,-3.72,4.02,13.79,4.5,412560000.0,56523000000.0,56403000000.0,64.3,75.9,64.2,61.2,57.2,26.4,82.7,中期趋势靠前、市值稳定性较高
sz002508,002508,sz,老板电器,16.57,2.41,1.41,1.18,12.81,1.38,6.01,5.07,6.63,-1.43,-12.1,216980000.0,15658000000.000002,15469000000.0,64.3,58.0,82.4,36.5,72.4,98.7,42.3,估值相对占优、量比与换手适中
sh600064,600064,sh,南京高科,7.59,1.61,1.33,1.34,7.7,0.66,-0.13,-0.78,1.07,3.55,-9.21,173570000.0,13133000000.000002,13133000000.000002,64.3,58.2,95.8,27.4,75.4,87.3,35.4,估值相对占优、量比与换手适中
sz000949,000949,sz,新乡化纤,6.95,0.43,3.48,1.01,40.21,1.7,3.27,4.51,20.24,2.21,26.82,399020000.0,11515000000.0,11513000000.0,64.1,75.5,47.8,60.4,84.9,70.4,30.3,中期趋势靠前、量比与换手适中
sz002423,002423,sz,中粮资本,9.3,3.68,2.0,3.34,17.82,0.93,3.56,0.98,3.22,3.08,-19.49,429370000.0,21428000000.0,21428000000.0,64.0,61.4,79.8,61.9,42.9,83.1,55.7,估值相对占优
sh600031,600031,sh,三一重工,18.61,-1.01,0.64,1.02,20.32,1.92,-0.48,-5.72,-4.07,4.79,-11.17,1015060000.0,171119000000.0,157708000000.0,63.9,48.9,64.0,83.8,62.8,49.9,94.8,成交活跃、市值稳定性较高
sh600459,600459,sh,贵研铂业,21.35,-2.38,4.26,0.71,26.42,1.95,-7.05,-2.02,17.31,0.51,16.28,693670000.0,17577000000.0,16219999999.999998,63.9,72.2,55.2,76.0,80.2,30.3,47.9,中期趋势靠前、成交活跃、量比与换手适中
sh603269,603269,sh,海鸥股份,18.23,2.36,6.37,1.43,66.09,8.06,2.99,17.39,54.23,19.23,97.55,501150000.0,7873999999.999999,7873999999.999999,63.9,95.9,9.1,67.1,79.8,98.0,14.4,中期趋势靠前、量比与换手适中
sz002841,002841,sz,视源股份,48.73,-0.85,1.09,1.0,31.02,2.59,-4.68,-4.54,5.93,33.36,25.23,277060000.0,34070999999.999996,25405000000.0,63.9,85.0,44.4,47.8,65.9,52.1,72.2,中期趋势靠前、市值稳定性较高
sh600395,600395,sh,盘江股份,5.5,0.73,2.42,1.38,29.66,1.11,5.16,8.48,17.27,-0.9,19.57,282360000.0,11806000000.0,11806000000.0,63.8,68.2,63.1,49.0,84.9,74.7,31.1,量比与换手适中
sh600309,600309,sh,万华化学,73.19,-1.07,0.75,0.79,17.41,2.13,0.08,-6.18,-1.29,-0.35,-2.97,1713140000.0,229119000000.0,229119000000.0,63.6,45.0,65.1,91.4,58.5,49.0,96.5,成交活跃、市值稳定性较高
sz000596,000596,sz,古井贡酒,90.65,0.0,1.01,0.8,16.96,1.97,-4.62,-6.13,3.3,1.14,-29.29,378190000.0,47918000000.0,37040000000.0,63.5,58.3,67.9,59.2,60.8,64.3,79.9,市值稳定性较高
sz003013,003013,sz,地铁设计,19.0,1.77,2.33,1.02,23.53,2.63,-3.16,3.54,9.01,32.5,37.09,175520000.0,8754000000.0,7647000000.0,63.5,88.9,52.0,28.5,76.1,89.6,18.1,中期趋势靠前、量比与换手适中
sh600298,600298,sh,安琪酵母,40.57,-1.74,1.24,0.73,21.65,2.83,-3.15,-6.71,5.16,12.54,-6.07,432230000.0,35207000000.0,34775000000.0,63.3,77.3,52.2,62.1,61.0,39.4,73.0,中期趋势靠前、市值稳定性较高
sh601377,601377,sh,兴业证券,5.81,0.35,0.57,1.06,13.67,0.89,-0.68,-1.69,-3.49,2.83,-20.63,286590000.0,50175000000.0,50175000000.0,63.3,46.9,86.7,49.7,63.2,69.3,80.3,估值相对占优、市值稳定性较高
sh601963,601963,sh,重庆银行,11.21,1.08,0.86,1.27,6.79,0.68,3.32,2.19,2.09,-4.51,7.98,195590000.0,40645000000.0,22802000000.0,63.3,42.9,96.1,32.9,70.2,79.7,77.4,估值相对占优、量比与换手适中、市值稳定性较高
sh603323,603323,sh,苏农银行,4.25,1.43,1.85,1.5,4.57,0.49,2.91,0.71,0.95,1.19,-5.18,174170000.0,9437000000.0,9437000000.0,63.3,54.0,99.2,27.7,83.1,84.7,21.6,估值相对占优、量比与换手适中
sh601187,601187,sh,厦门银行,7.41,2.49,0.74,0.91,7.29,0.72,-0.13,1.93,-0.4,5.71,2.49,144370000.0,19556000000.0,19513000000.0,63.3,57.6,95.6,16.8,61.1,99.9,52.2,估值相对占优
sz000811,000811,sz,冰轮环境,41.4,0.95,5.33,1.19,67.4,6.32,-8.18,-2.54,-4.67,26.1,124.76,2152450000.0,41089000000.0,40514000000.0,63.2,63.7,10.3,94.1,82.6,77.9,77.7,成交活跃、量比与换手适中、市值稳定性较高
sz300017,300017,sz,网宿科技,15.2,-2.19,4.89,0.46,48.95,3.65,-13.49,2.7,14.03,4.04,52.0,1756450000.0,37934000000.0,35970000000.0,63.2,76.4,26.2,91.9,69.6,33.0,74.6,中期趋势靠前、成交活跃、市值稳定性较高
sh688315,688315,sh,诺禾致源,16.93,6.14,5.36,1.3,43.36,2.65,5.68,11.45,37.64,20.1,27.91,365440000.0,7045999999.999999,7045999999.999999,63.2,95.8,36.3,57.7,84.8,48.0,10.1,中期趋势靠前、量比与换手适中
sz300059,300059,sz,东方财富,18.92,0.05,1.38,1.01,20.53,3.04,-3.37,-5.54,-3.72,-1.25,-18.02,3509640000.0,299356000000.0,253384000000.0,63.1,38.2,52.7,97.4,68.4,65.0,97.6,成交活跃、市值稳定性较高
sz300454,300454,sz,深信服,116.73,-3.21,7.57,1.6,59.15,4.55,-5.2,-5.91,13.88,9.27,1.46,2510690000.0,50376000000.0,33618000000.0,63.1,83.5,17.1,95.0,69.7,18.4,80.4,中期趋势靠前、成交活跃、市值稳定性较高
sz000568,000568,sz,泸州老窖,85.51,0.36,0.65,1.0,12.65,2.44,-0.97,-5.77,2.13,-6.07,-25.55,825090000.0,125861999999.99998,125790000000.00002,63.1,39.3,69.7,79.3,62.4,69.4,91.4,成交活跃、市值稳定性较高
sz300832,300832,sz,新产业,51.47,-0.77,1.11,0.7,23.55,4.51,0.04,5.0,9.58,10.12,-6.51,389700000.0,40441000000.0,35160000000.0,63.0,80.5,39.6,59.9,59.3,53.3,77.3,中期趋势靠前、市值稳定性较高
sh600282,600282,sh,南钢股份,4.78,3.69,1.06,1.48,10.81,1.06,4.14,1.06,-3.43,-2.85,-6.7,310820000.0,29469000000.0,29469000000.0,62.9,35.3,89.0,53.0,76.4,83.0,67.9,估值相对占优、量比与换手适中
sz002832,002832,sz,比音勒芬,24.17,-0.49,3.05,1.13,22.78,2.59,-8.52,-6.72,0.83,27.88,69.5,289100000.0,13794000000.0,9412000000.0,62.8,75.0,52.9,50.2,84.2,57.3,38.0,中期趋势靠前、量比与换手适中
sh601528,601528,sh,瑞丰银行,4.97,2.05,1.2,1.54,4.97,0.49,2.05,1.02,3.54,4.41,-9.47,109870000.0,9752000000.0,9223000000.0,62.8,64.1,99.0,3.4,77.1,93.6,23.0,估值相对占优、量比与换手适中
sz000792,000792,sz,盐湖股份,28.48,-1.15,1.29,1.14,14.61,3.37,1.57,-3.46,4.9,-7.44,1.14,1974530000.0,150704000000.0,150703000000.0,62.7,41.0,58.7,93.0,70.6,47.9,93.0,成交活跃、量比与换手适中、市值稳定性较高
sh600916,600916,sh,中国黄金,8.12,-0.25,6.36,2.17,44.78,1.93,6.28,0.25,10.48,4.21,1.47,873620000.0,13641999999.999998,13641999999.999998,62.7,73.6,43.3,81.1,66.4,60.7,37.4,中期趋势靠前、成交活跃
sz301127,301127,sz,武汉天源,18.52,-1.59,5.21,0.65,58.31,3.72,2.09,25.64,21.52,33.6,22.23,623030000.0,12484000000.0,12120000000.0,62.7,97.0,21.7,73.6,71.4,41.6,33.3,中期趋势靠前、成交活跃、量比与换手适中
sh603529,603529,sh,爱玛科技,21.8,2.49,1.12,2.21,11.59,2.01,5.83,2.49,3.81,1.16,-25.23,208150000.0,18841000000.0,18547000000.0,62.7,59.6,75.8,35.8,61.4,99.9,50.6,估值相对占优
sh688617,688617,sh,惠泰医疗,258.57,-1.87,1.26,0.74,39.23,11.85,20.19,22.54,23.94,25.77,6.72,462470000.0,36595000000.0,36595000000.0,62.6,96.2,18.2,64.7,61.4,37.6,74.1,中期趋势靠前、市值稳定性较高
sz300433,300433,sz,蓝思科技,37.95,2.04,2.45,0.88,58.03,3.8,2.6,8.77,3.6,-5.25,27.26,4572100000.0,200328000000.0,188505000000.0,62.4,44.6,21.5,98.4,73.9,93.4,95.7,成交活跃、量比与换手适中、市值稳定性较高
sz000623,000623,sz,吉林敖东,17.98,0.06,0.83,0.87,7.83,0.69,-0.99,-1.64,-0.28,6.04,-6.53,176850000.0,21502000000.0,21414000000.0,62.3,59.0,95.3,29.0,60.9,65.1,56.0,估值相对占优
sz300684,300684,sz,中石科技,84.2,0.12,10.99,0.75,73.82,12.55,4.17,62.71,63.5,49.93,73.67,1885480000.0,25219000000.0,17225000000.0,62.1,99.8,5.4,92.6,28.2,66.0,63.5,中期趋势靠前、成交活跃
sh600585,600585,sh,海螺水泥,17.57,0.92,0.61,1.41,11.93,0.49,1.15,-1.51,-1.01,-10.08,-17.32,429670000.0,92718000000.0,69884000000.0,62.0,23.0,92.5,62.0,71.3,77.4,89.0,估值相对占优、量比与换手适中、市值稳定性较高
sz002266,002266,sz,浙富控股,4.86,0.62,1.53,1.2,17.5,2.06,-4.14,-6.18,7.05,-4.54,18.51,360060000.0,25366000000.0,23535000000.0,62.0,51.6,65.9,57.3,73.8,73.1,63.9,量比与换手适中
sz000685,000685,sz,中山公用,11.11,1.18,1.14,1.36,7.56,0.88,0.0,-1.33,1.55,0.32,-1.38,157220000.0,16306000000.0,13850000000.0,62.0,53.5,94.5,22.6,74.4,81.1,44.3,估值相对占优、量比与换手适中
sh600368,600368,sh,五洲交通,4.06,1.0,1.68,1.49,11.79,0.89,2.27,-0.25,7.69,7.38,7.38,109160000.0,6534999999.999999,6534999999.999999,62.0,75.7,89.8,3.1,81.5,78.6,7.9,中期趋势靠前、估值相对占优、量比与换手适中
sh600150,600150,sh,中国船舶,33.8,0.36,0.83,1.02,22.5,1.73,0.45,-2.96,0.81,-8.69,2.75,2113710000.0,254366000000.0,254366000000.0,61.9,30.1,62.8,93.8,64.3,69.4,96.9,成交活跃、市值稳定性较高
sh601952,601952,sh,苏垦农发,8.81,4.38,2.33,0.77,25.37,1.69,3.28,5.76,9.71,3.89,-1.78,277930000.0,12140000000.0,12140000000.0,61.9,72.1,59.8,48.1,70.5,73.1,32.1,中期趋势靠前、量比与换手适中
sh600704,600704,sh,物产中大,4.88,0.62,0.68,1.16,6.99,0.61,0.21,-2.01,-0.41,0.62,-8.79,172290000.0,25235000000.0,25235000000.0,61.8,49.4,96.4,27.0,66.3,73.1,63.6,估值相对占优
sh600612,600612,sh,老凤祥,35.64,1.68,1.16,1.88,11.04,1.43,4.33,-1.6,4.24,2.92,-17.4,132160000.0,18644000000.0,11302000000.0,61.8,63.3,84.1,12.0,69.1,88.3,50.1,估值相对占优
sh600196,600196,sh,复星医药,22.79,-3.27,1.69,0.77,17.51,1.26,-5.08,-5.51,0.18,-0.32,-12.7,822830000.0,60859000000.0,48280000000.0,61.7,48.4,76.5,79.2,65.4,17.6,84.2,估值相对占优、成交活跃、市值稳定性较高
sz002539,002539,sz,云图控股,12.81,-0.31,1.67,0.77,17.64,1.63,2.64,0.08,15.3,3.14,10.24,191360000.0,15471000000.0,11398000000.0,61.6,75.8,71.0,31.7,65.3,59.9,41.5,中期趋势靠前、估值相对占优
sz002850,002850,sz,科达利,183.81,-0.01,1.33,0.53,27.16,3.48,-4.78,1.66,3.85,5.71,18.31,512370000.0,52630999999.99999,38538000000.0,61.5,66.9,40.6,68.2,57.2,64.1,81.2,市值稳定性较高
sh600989,600989,sh,宝丰能源,23.22,-3.49,1.07,1.01,11.09,3.08,1.26,-2.85,1.71,-3.25,20.87,1831040000.0,170281000000.0,170281000000.0,61.4,44.7,66.5,92.3,66.0,14.4,94.6,成交活跃、市值稳定性较高
sz002458,002458,sz,益生股份,8.77,-1.35,3.96,0.71,26.89,2.84,-8.47,-10.89,7.45,10.84,38.52,333680000.0,12552000000.0,8475000000.0,61.4,79.0,45.9,55.4,81.9,45.0,33.8,中期趋势靠前、量比与换手适中
sz002602,002602,sz,世纪华通,13.79,-0.22,0.71,0.54,16.18,3.19,-1.99,-3.63,9.18,-5.42,-18.88,660710000.0,101642000000.0,93728000000.0,61.3,52.1,57.6,75.0,52.6,61.1,89.4,成交活跃、市值稳定性较高
sh603039,603039,sh,泛微网络,41.74,-2.7,4.37,0.54,38.02,4.79,-6.58,-7.96,42.55,13.92,-6.32,557110000.0,12841000000.0,12841000000.0,61.2,92.9,26.3,71.5,75.5,25.7,34.5,中期趋势靠前、成交活跃、量比与换手适中
sz300244,300244,sz,迪安诊断,19.82,-4.02,7.57,1.08,46.55,1.91,-3.51,-6.24,20.56,14.45,27.81,758100000.0,12387000000.0,9939000000.0,61.1,91.0,43.4,78.5,62.5,6.9,32.8,中期趋势靠前、成交活跃
sh603162,603162,sh,海通发展,12.22,-0.97,8.82,1.15,18.64,3.45,3.04,-3.63,14.31,5.07,51.46,453620000.0,16801000000.0,5161000000.0,61.1,77.8,52.2,63.8,54.3,50.4,46.2,中期趋势靠前
sz002479,002479,sz,富春环保,5.8,-3.01,4.84,1.79,14.86,1.14,1.05,0.0,7.81,8.61,20.83,243060000.0,5017000000.0,5006000000.0,61.0,77.4,81.5,41.7,86.9,21.3,0.1,中期趋势靠前、估值相对占优、量比与换手适中
sh603995,603995,sh,甬金股份,24.76,-2.02,1.56,0.54,14.92,1.52,-3.84,0.12,26.26,25.81,40.84,140590000.0,9003000000.0,9003000000.0,61.0,96.7,76.8,15.6,59.2,35.4,19.1,中期趋势靠前、估值相对占优
sh600809,600809,sh,山西汾酒,117.1,0.47,0.5,0.96,13.01,3.86,-1.55,-4.87,0.52,-3.81,-29.09,715510000.0,142858000000.0,142858000000.0,60.9,41.1,58.3,76.8,60.4,71.0,92.6,成交活跃、市值稳定性较高
sh601006,601006,sh,大秦铁路,4.7,0.64,0.55,0.97,15.46,0.57,0.0,-1.67,-2.69,-6.89,-6.34,507520000.0,93356000000.0,93356000000.0,60.9,27.0,85.8,67.8,61.0,73.4,89.3,估值相对占优、市值稳定性较高
sz000768,000768,sz,中航西飞,21.36,1.91,0.89,1.39,53.57,2.69,-1.11,-0.84,2.94,-1.11,-15.34,525770000.0,59394000000.00001,59304000000.0,60.8,52.3,31.3,69.1,73.1,91.6,83.9,量比与换手适中、市值稳定性较高
sz300054,300054,sz,鼎龙股份,73.62,-0.3,3.76,0.9,84.65,13.09,-9.45,-6.4,-0.74,9.82,96.32,2044660000.0,70270000000.0,54795000000.00001,60.6,62.4,3.1,93.3,84.6,60.0,85.4,成交活跃、量比与换手适中、市值稳定性较高
sz002532,002532,sz,天山铝业,12.7,0.24,1.61,0.78,8.51,1.83,-4.18,-6.92,3.22,-13.22,-18.26,835590000.0,58785000000.0,52157000000.00001,60.5,24.6,81.7,79.6,65.0,67.7,83.5,估值相对占优、成交活跃、市值稳定性较高
sz002078,002078,sz,太阳纸业,13.75,0.59,0.58,1.25,12.0,1.26,-0.94,-2.0,-3.91,1.03,-11.58,219630000.0,39245000000.0,38178000000.0,60.5,43.1,85.0,37.2,67.5,72.7,76.1,估值相对占优、市值稳定性较高
sh600398,600398,sh,海澜之家,5.98,1.36,0.55,1.01,13.17,1.66,1.01,-2.13,-0.17,4.91,6.03,158320000.0,28720999999.999996,28720999999.999996,60.5,56.9,77.8,23.1,61.9,83.7,67.5,估值相对占优
sz000878,000878,sz,云南铜业,16.54,-0.24,2.12,1.04,29.69,2.24,-2.36,-3.61,7.54,-6.66,-18.44,702990000.0,40113000000.0,33139999999.999996,60.4,47.3,49.0,76.1,74.9,60.9,77.0,成交活跃、量比与换手适中、市值稳定性较高
sz002839,002839,sz,张家港行,4.4,1.62,1.22,1.08,5.4,0.57,2.8,0.92,0.92,3.77,-1.12,130440000.0,10755000000.0,10745000000.0,60.4,58.0,97.8,11.1,68.7,87.4,27.5,估值相对占优
sh600141,600141,sh,兴发集团,30.21,-1.53,2.19,0.63,25.25,1.49,-8.51,-8.62,1.21,-1.79,-11.36,793300000.0,36305000000.0,36305000000.0,60.3,47.7,63.1,78.9,66.2,42.4,73.8,成交活跃、市值稳定性较高
sh600598,600598,sh,北大荒,12.77,2.0,3.3,0.64,18.79,2.99,4.33,4.59,6.15,-10.39,-11.32,741420000.0,22701000000.0,22701000000.0,60.2,36.4,55.7,77.9,75.2,92.9,59.3,成交活跃、量比与换手适中
sh601901,601901,sh,方正证券,6.65,-1.04,0.67,1.45,12.85,1.06,-2.44,-4.67,-5.22,-2.44,-13.82,370290000.0,54742999999.99999,54742999999.99999,60.1,33.5,86.3,58.1,72.7,49.4,81.9,估值相对占优、量比与换手适中、市值稳定性较高
sz002409,002409,sz,雅克科技,140.59,1.51,7.59,0.95,66.46,8.41,-11.58,-9.44,-16.98,30.95,90.53,3380930000.0,66911000000.0,44781000000.0,60.0,59.2,8.7,97.3,59.4,85.9,84.6,成交活跃、市值稳定性较高
sh601000,601000,sh,唐山港,4.54,1.34,0.66,1.01,12.89,1.3,1.57,-2.16,-2.99,3.42,24.73,176130000.0,26904000000.000004,26904000000.000004,60.0,49.2,83.3,28.6,62.7,83.4,65.5,估值相对占优
sz000657,000657,sz,中钨高新,66.76,-2.03,6.17,0.95,54.11,13.49,-5.29,-8.3,13.17,-1.49,142.94,5992710000.0,152120000000.0,97032000000.0,59.9,64.7,10.7,99.1,70.6,35.3,93.3,成交活跃、量比与换手适中、市值稳定性较高
sz000612,000612,sz,焦作万方,11.11,-0.18,2.35,0.95,9.32,1.81,-2.11,-4.88,4.61,-3.89,3.88,308820000.0,13244999999.999998,13244999999.999998,59.9,49.0,81.5,52.8,74.7,61.7,35.6,估值相对占优、量比与换手适中
sh600233,600233,sh,圆通速递,17.3,-0.69,0.89,1.16,10.45,1.59,-7.88,-8.42,-2.09,-6.49,6.99,532740000.0,59235000000.0,59235000000.0,59.8,29.1,83.1,69.7,67.9,54.4,83.6,估值相对占优、市值稳定性较高
sh603283,603283,sh,赛腾股份,47.6,1.82,6.36,0.86,33.05,4.91,-3.8,7.13,6.37,-1.21,44.65,1047190000.0,16780000000.000002,16780000000.000002,59.7,58.3,29.4,84.6,67.1,90.3,45.9,成交活跃
sz002203,002203,sz,海亮股份,19.32,2.55,1.01,1.14,42.81,2.64,-2.33,-2.18,6.92,-5.23,54.1,423990000.0,44277000000.0,42739000000.0,59.7,50.0,37.0,61.6,68.4,99.3,78.9,市值稳定性较高
sz002223,002223,sz,鱼跃医疗,25.99,2.04,1.68,1.68,23.22,1.95,-1.03,-5.66,-3.74,-1.66,-30.9,413990000.0,26054000000.000004,24490000000.0,59.7,37.4,59.1,61.3,77.7,93.4,64.6,量比与换手适中
sh603132,603132,sh,金徽股份,18.75,-1.0,1.31,1.93,26.27,5.98,0.16,1.52,26.95,10.88,32.88,241690000.0,18338000000.0,18338000000.0,59.7,89.7,31.6,41.5,69.2,50.0,49.1,中期趋势靠前
sz002746,002746,sz,仙坛股份,6.27,1.13,2.93,1.14,18.82,1.17,1.79,-4.57,6.09,8.29,6.81,128930000.0,5396000000.0,4450000000.0,59.7,74.2,75.3,10.6,83.5,80.4,2.3,中期趋势靠前、估值相对占优、量比与换手适中
sz002241,002241,sz,歌尔股份,23.48,0.34,5.84,2.38,20.91,2.19,6.2,2.85,2.67,-12.49,-17.71,4427250000.0,83407000000.0,73861000000.0,59.6,25.2,58.9,98.1,65.7,69.1,87.4,成交活跃、市值稳定性较高
sz002637,002637,sz,赞宇科技,11.33,-1.73,4.87,0.72,23.74,1.44,3.75,2.81,19.64,5.54,11.79,259990000.0,5330000000.0,5266000000.0,59.6,81.0,65.2,45.5,75.6,39.6,1.3,中期趋势靠前、量比与换手适中
sh603369,603369,sh,今世缘,27.78,-0.39,0.95,0.54,14.1,2.02,-6.24,-2.15,7.51,-4.54,-17.27,332210000.0,34636000000.0,34636000000.0,59.5,52.2,71.4,55.3,54.4,58.7,72.6,估值相对占优、市值稳定性较高
sh603366,603366,sh,日出东方,7.32,1.95,4.84,1.44,35.0,1.38,5.02,5.48,11.76,-4.25,-23.47,285530000.0,5952000000.0,5952000000.0,59.3,57.4,55.8,49.4,92.1,92.1,5.1,量比与换手适中
sz002262,002262,sz,恩华药业,21.85,-0.46,1.38,0.8,20.22,2.64,0.83,-2.32,1.72,7.69,-7.92,267390000.0,22195000000.0,19311000000.0,59.3,66.0,56.6,47.0,63.7,57.7,58.0,趋势因子相对较强
sh600458,600458,sh,时代新材,11.72,1.56,2.49,1.11,20.06,1.37,-0.42,0.43,8.02,-6.22,-10.59,253590000.0,11159000000.0,10187000000.0,59.3,49.4,71.5,44.6,79.4,86.6,29.4,估值相对占优、量比与换手适中
sh601020,601020,sh,华钰矿业,23.29,5.19,7.53,2.35,22.32,4.51,5.43,0.09,24.95,-4.86,-13.04,1410260000.0,19097000000.0,19097000000.0,59.2,61.6,41.1,88.5,53.1,61.6,51.3,成交活跃
sz002497,002497,sz,雅化集团,19.54,0.31,4.06,1.16,25.34,2.05,-0.2,2.36,10.21,-14.49,-20.86,848680000.0,22521000000.0,20704000000.0,59.2,31.8,55.1,80.4,91.9,68.7,59.2,成交活跃、量比与换手适中
sz002293,002293,sz,罗莱生活,11.83,4.6,2.49,3.72,16.97,2.42,7.45,3.68,5.91,19.01,20.1,242100000.0,9907000000.0,9824000000.0,59.2,81.8,62.9,41.6,43.1,70.0,23.9,中期趋势靠前
sh603338,603338,sh,浙江鼎力,54.66,1.67,0.74,1.0,14.39,2.46,-2.22,-4.72,-6.39,9.36,-1.5,203590000.0,27677000000.0,27677000000.0,59.2,52.8,66.1,35.0,63.1,88.1,66.3,估值因子相对较强
sz301381,301381,sz,赛维时代,23.54,3.2,2.03,1.61,34.36,3.5,1.55,2.3,3.75,24.55,15.73,190280000.0,9569000000.0,9560000000.0,59.2,79.9,35.1,31.4,82.0,90.0,22.1,中期趋势靠前、量比与换手适中
sz002004,002004,sz,华邦健康,4.47,-0.67,1.93,1.04,13.74,0.88,-0.89,0.0,4.68,4.41,-1.35,161520000.0,8850000000.0,8428000000.0,59.2,66.2,86.6,24.3,73.4,54.7,18.7,估值相对占优、量比与换手适中
sh603979,603979,sh,金诚信,74.34,-1.01,1.03,0.83,18.41,4.2,-4.19,-7.28,3.39,1.12,-1.52,481600000.0,46373000000.0,46373000000.0,59.1,58.6,47.9,65.5,61.6,49.9,79.3,市值稳定性较高
sh688553,688553,sh,汇宇制药-W,12.04,1.01,4.56,1.63,66.45,2.02,-4.06,0.0,14.89,1.53,1.13,287410000.0,7536000000.0,6109000000.0,59.1,72.7,33.6,49.9,92.7,78.7,12.8,中期趋势靠前、量比与换手适中
sh600998,600998,sh,九州通,4.92,0.2,0.63,0.83,12.29,0.94,-1.4,-2.57,-3.15,6.96,0.0,156440000.0,24809000000.0,24809000000.0,59.1,54.7,88.4,21.7,58.4,67.1,62.9,估值相对占优
sz002563,002563,sz,森马服饰,5.83,2.1,1.04,1.05,15.01,1.37,1.22,-5.66,-0.34,6.39,10.63,132590000.0,15707000000.0,12905000000.000002,59.0,59.3,78.5,12.3,66.6,94.3,42.7,估值相对占优
sz300014,300014,sz,亿纬锂能,55.82,0.05,1.77,1.02,20.81,2.42,-2.41,1.09,1.29,-12.34,-14.81,2094990000.0,121313000000.00002,117947000000.0,58.8,23.3,56.9,93.6,71.7,65.0,91.1,成交活跃、量比与换手适中、市值稳定性较高
sh601717,601717,sh,中创智领,15.12,1.68,1.35,1.19,6.59,1.18,-1.37,-5.68,-1.37,-10.59,-35.11,317020000.0,26995000000.0,23318000000.0,58.8,21.1,91.1,53.6,72.2,88.3,65.8,估值相对占优、量比与换手适中
sz300171,300171,sz,东富龙,13.77,-4.57,3.72,0.75,50.76,1.34,-2.2,4.95,13.05,17.69,-11.84,292230000.0,10545000000.0,7748000000.0,58.7,88.9,48.1,50.7,80.9,0.0,26.4,中期趋势靠前、量比与换手适中
sz002842,002842,sz,翔鹭钨业,38.92,-1.39,11.78,0.86,33.0,9.0,-3.73,-7.82,22.97,20.79,171.75,1230870000.0,12734000000.0,10449000000.0,58.6,94.5,23.7,87.0,30.6,44.4,34.2,中期趋势靠前、成交活跃
sz000893,000893,sz,亚钾国际,46.53,-1.77,1.77,0.92,23.62,3.12,0.61,-3.38,-2.88,5.29,-2.78,673240000.0,42996000000.0,37773000000.0,58.6,52.2,47.5,75.4,69.4,39.0,78.5,成交活跃、市值稳定性较高
sh600066,600066,sh,宇通客车,30.36,2.95,1.02,1.36,12.25,5.18,4.87,-7.92,-5.6,-6.01,-1.11,683330000.0,67215000000.0,67215000000.0,58.5,24.8,54.5,75.7,73.4,93.6,84.7,成交活跃、量比与换手适中、市值稳定性较高
sz002594,002594,sz,比亚迪,90.66,0.21,0.78,1.13,30.0,3.62,0.87,-0.54,-1.5,-5.39,-6.88,2472850000.0,826565000000.0,316096000000.0,58.3,33.3,37.4,94.9,66.4,67.3,99.2,成交活跃、市值稳定性较高
sh688621,688621,sh,阳光诺和,65.0,-1.53,5.97,1.59,37.35,5.9,-3.75,1.09,10.58,20.78,4.89,445060000.0,7280000000.0,7280000000.0,58.3,88.2,23.1,63.4,82.5,42.4,11.0,中期趋势靠前、量比与换手适中
sh603650,603650,sh,彤程新材,63.95,-0.81,2.7,0.69,65.59,9.38,-5.68,-2.49,-2.01,22.55,46.53,1051800000.0,39398000000.0,39303000000.0,58.2,67.1,8.6,84.8,71.6,52.7,76.5,成交活跃、量比与换手适中、市值稳定性较高
sh600160,600160,sh,巨化股份,37.82,-2.27,0.93,0.74,24.59,4.96,-7.39,-14.55,-5.83,15.87,-0.11,955050000.0,102104000000.0,102104000000.0,58.2,58.4,36.9,82.7,58.8,31.9,89.5,成交活跃、市值稳定性较高
sz300613,300613,sz,富瀚微,68.4,-3.02,3.82,0.73,73.96,5.5,-12.77,-7.75,14.38,15.29,48.76,574660000.0,15930000000.000002,15027000000.000002,58.2,88.7,10.4,72.1,81.3,21.1,43.6,中期趋势靠前、成交活跃、量比与换手适中
sh600483,600483,sh,福能股份,10.83,5.45,1.32,3.3,10.21,1.09,4.74,3.04,0.0,-2.76,18.79,394520000.0,30108999999.999996,30108999999.999996,58.2,42.3,90.0,60.1,38.4,57.9,68.9,估值相对占优
sz002543,002543,sz,万和电气,7.38,0.96,3.86,0.98,47.32,1.18,6.19,9.99,14.77,2.34,-25.99,186240000.0,5488000000.0,4883000000.0,58.2,73.8,51.6,30.6,87.2,78.0,2.6,中期趋势靠前、量比与换手适中
sh603087,603087,sh,甘李药业,65.47,-4.33,1.91,0.7,38.19,3.48,-11.79,-3.29,1.21,25.23,-2.39,711650000.0,39114000000.0,36756000000.0,58.1,75.2,32.2,76.4,65.6,2.4,75.7,中期趋势靠前、成交活跃、市值稳定性较高
sh688578,688578,sh,艾力斯,112.19,-3.7,1.74,0.77,18.85,5.97,-6.54,-3.43,-7.43,25.89,8.34,892480000.0,50486000000.0,50486000000.0,57.9,60.8,41.8,81.6,65.8,11.4,80.7,成交活跃、市值稳定性较高
sz000751,000751,sz,锌业股份,5.29,2.92,7.75,2.53,75.38,2.32,2.92,0.0,20.78,2.32,29.66,660960000.0,8547000000.0,8547000000.0,57.9,76.1,28.2,75.2,47.4,94.0,17.0,中期趋势靠前、成交活跃
sz300191,300191,sz,潜能恒信,33.97,1.58,7.39,1.0,57.55,8.84,1.86,0.8,21.49,5.11,84.32,543950000.0,10870000000.0,7514000000.0,57.9,81.2,10.9,70.3,62.1,86.9,28.1,中期趋势靠前、成交活跃
sz002236,002236,sz,大华股份,16.1,-0.06,1.05,0.54,13.98,1.35,-1.77,-4.45,-3.77,-3.54,-13.31,403010000.0,52635000000.0,38497000000.0,57.8,32.5,80.8,60.8,55.2,63.4,81.3,估值相对占优、市值稳定性较高
sz002043,002043,sz,兔 宝 宝,13.32,1.29,2.0,0.82,16.21,3.36,6.05,4.88,5.46,3.0,-5.55,215330000.0,11052000000.0,10737000000.0,57.7,65.0,56.7,36.2,69.0,82.7,28.7,趋势因子相对较强
sh605090,605090,sh,九丰能源,34.62,-2.97,1.96,0.76,15.59,1.99,-5.92,-1.48,6.36,-4.05,-19.21,476700000.0,24462000000.0,24437000000.0,57.6,51.3,69.3,65.4,67.3,21.9,62.3,估值因子相对较强
sz000977,000977,sz,浪潮信息,73.22,-4.1,4.13,0.77,42.08,4.83,-9.25,-4.54,-13.86,13.29,10.01,4428460000.0,107522000000.0,107401000000.0,57.5,53.4,24.2,98.3,82.6,5.7,90.1,成交活跃、量比与换手适中、市值稳定性较高
sz002396,002396,sz,星网锐捷,32.08,-3.29,12.46,1.03,42.83,3.37,-5.4,6.83,2.49,41.38,38.62,3043590000.0,24399000000.0,24298000000.0,57.5,79.0,31.0,96.5,34.4,17.3,62.1,中期趋势靠前、成交活跃
sz001280,001280,sz,中国铀业,69.6,3.83,9.03,1.72,83.72,8.73,3.42,3.79,13.76,-3.61,14.74,1104660000.0,143945000000.0,12091000000.0,57.5,59.9,4.9,85.5,55.5,81.0,92.8,成交活跃、市值稳定性较高
sz300566,300566,sz,激智科技,28.49,-1.72,8.32,0.66,36.86,2.97,-9.56,0.99,13.82,22.21,56.95,531210000.0,7467000000.0,6458000000.0,57.5,91.1,37.3,69.5,47.2,39.7,12.2,中期趋势靠前
sz300602,300602,sz,飞荣达,43.12,3.73,8.76,1.33,56.06,5.77,2.91,19.12,15.29,-4.81,30.27,1521450000.0,25287000000.0,17299000000.0,57.4,58.6,14.9,89.5,58.8,82.4,63.8,成交活跃
sz000060,000060,sz,中金岭南,6.66,-0.3,2.51,1.1,28.65,1.5,-1.04,-4.03,6.22,-13.0,14.93,743040000.0,29577999999.999996,29577999999.999996,57.4,30.6,59.1,78.0,79.3,60.0,68.1,成交活跃、量比与换手适中
sh600740,600740,sh,山西焦化,3.75,3.88,2.99,1.29,71.07,0.63,4.46,4.17,6.23,-1.96,0.4,285190000.0,9608000000.0,9608000000.0,57.4,56.3,48.9,49.3,87.3,80.3,22.6,量比与换手适中
sz002555,002555,sz,三七互娱,18.4,-1.02,1.57,0.79,12.62,3.09,-5.74,-7.91,-0.33,-3.11,-19.98,458430000.0,40705000000.0,29207000000.0,57.3,40.9,64.6,64.0,64.9,49.7,77.6,市值稳定性较高
sz000408,000408,sz,藏格矿业,77.4,-1.01,0.95,0.99,21.34,7.06,-2.53,-13.23,-2.92,0.29,-6.64,1155160000.0,121433999999.99998,121433000000.0,57.2,43.8,36.2,86.6,64.6,49.9,91.3,成交活跃、市值稳定性较高
sz301297,301297,sz,富乐德,35.9,2.69,3.82,1.41,57.51,4.6,-4.27,2.48,13.23,-12.83,0.75,727050000.0,24926000000.0,18963000000.0,57.2,38.4,17.7,77.0,96.6,97.3,63.2,成交活跃、量比与换手适中
sz000921,000921,sz,海信家电,24.78,-0.88,0.58,0.52,12.4,1.97,-2.82,-2.96,3.74,5.92,5.24,133670000.0,34317000000.0,22891000000.0,57.2,67.2,75.2,13.0,51.1,51.7,72.5,估值相对占优、市值稳定性较高
sh688019,688019,sh,安集科技,242.32,0.52,2.66,0.77,67.28,12.19,-7.48,-4.25,-8.52,11.03,44.89,1442380000.0,55335000000.0,55335000000.0,57.1,53.4,7.1,89.0,73.0,71.7,82.3,成交活跃、量比与换手适中、市值稳定性较高
sz000932,000932,sz,华菱钢铁,3.64,1.39,1.1,1.34,22.93,0.46,1.11,-2.41,-3.19,-5.45,-33.33,273650000.0,24943000000.0,24943000000.0,57.1,29.9,75.9,47.5,73.6,84.1,63.4,估值相对占优、量比与换手适中
sz000686,000686,sz,东北证券,7.8,-0.13,1.04,1.57,10.23,0.89,-3.58,-3.47,-2.62,-2.01,-14.94,187870000.0,18256000000.0,18256000000.0,57.1,38.6,92.4,31.1,75.2,62.4,48.9,估值相对占优、量比与换手适中
sz000025,000025,sz,特  力Ａ,15.66,2.09,3.96,1.22,47.03,3.62,3.37,3.3,11.3,0.71,-9.74,246770000.0,6750000000.0,6151000000.0,56.9,68.9,27.6,42.8,93.4,94.1,8.7,量比与换手适中
sh600038,600038,sh,中直股份,26.95,1.58,1.11,1.35,45.3,1.27,0.34,-0.15,3.1,-0.78,-24.91,199540000.0,22096000000.0,18028000000.0,56.9,53.3,51.4,33.8,73.9,86.9,57.6,量比与换手适中
sz002303,002303,sz,美盈森,4.72,0.21,3.33,0.77,33.66,1.64,-8.88,-13.71,0.85,47.04,19.49,166200000.0,7228000000.0,5038000000.0,56.9,76.2,53.4,25.6,78.3,67.3,10.7,中期趋势靠前、量比与换手适中
sh688235,688235,sh,百济神州,276.67,-4.35,4.53,0.86,99.66,11.48,-4.56,-7.71,0.97,13.44,3.0,1450850000.0,426704000000.0,31832000000.0,56.8,69.7,1.2,89.1,81.4,2.1,98.7,成交活跃、量比与换手适中、市值稳定性较高
sz300109,300109,sz,新开源,15.95,-2.74,7.86,1.01,52.75,2.55,14.75,15.92,17.37,9.22,14.69,647920000.0,9201000000.0,8254000000.000001,56.7,85.3,32.8,74.6,58.6,25.1,20.7,中期趋势靠前、成交活跃
sh601678,601678,sh,滨化股份,6.33,-2.16,4.04,0.79,55.3,1.31,-9.31,-14.8,-10.34,18.54,50.71,525140000.0,15249000000.0,12934000000.0,56.7,56.9,46.5,68.9,83.7,33.4,41.1,量比与换手适中
sh600179,600179,sh,安通控股,4.36,-0.46,1.03,1.06,16.8,1.52,1.4,2.83,4.06,-0.46,-21.01,174430000.0,18449000000.0,16840000000.0,56.7,56.2,74.5,27.9,66.8,57.7,49.4,估值相对占优
sz002379,002379,sz,宏桥控股,18.46,1.26,3.58,0.76,9.75,4.16,-6.01,-6.58,-5.38,-13.17,-22.01,748360000.0,240554000000.0,20977000000.0,56.6,8.5,61.7,78.4,80.1,82.3,96.8,成交活跃、量比与换手适中、市值稳定性较高
sz300498,300498,sz,温氏股份,13.66,0.52,0.57,0.77,41.63,2.38,1.41,-2.71,-1.59,1.33,-18.11,461270000.0,90893000000.0,81221000000.0,56.6,48.4,39.7,64.6,56.6,71.7,88.3,市值稳定性较高
sz300358,300358,sz,楚天科技,8.67,-3.67,4.58,0.92,18.73,1.12,-3.88,-5.56,4.84,3.96,-10.8,281450000.0,6200000000.0,6111000000.0,56.6,66.0,76.2,48.7,82.4,11.9,6.8,估值相对占优、量比与换手适中
sz000598,000598,sz,兴蓉环境,7.15,0.28,0.54,1.15,10.54,1.09,0.0,-0.83,-2.72,5.54,3.1,114840000.0,21336000000.0,21333000000.0,56.6,52.8,89.2,5.6,64.9,68.3,55.3,估值相对占优
sh600186,600186,sh,莲花控股,11.33,-2.5,9.66,0.53,57.77,10.76,-13.71,4.14,28.31,11.63,89.46,1930980000.0,20312000000.0,20171000000.0,56.5,90.8,10.1,92.9,33.7,28.6,53.6,中期趋势靠前、成交活跃
sh600739,600739,sh,辽宁成大,10.64,-0.19,1.08,0.83,17.23,0.56,-1.21,-1.02,1.04,0.28,-3.54,174700000.0,16197000000.0,16197000000.0,56.5,52.3,83.8,28.2,62.0,61.6,44.2,估值相对占优
sh600390,600390,sh,五矿资本,4.9,1.24,0.74,1.29,41.75,0.52,0.2,-0.2,-0.2,3.24,-11.49,162040000.0,22041000000.0,22041000000.0,56.5,54.5,60.4,24.6,69.7,82.0,57.3,估值因子相对较强
sz300623,300623,sz,捷捷微电,29.82,0.68,5.0,1.03,47.03,4.0,3.61,12.02,13.77,-11.51,10.36,1142930000.0,24813000000.0,22892000000.0,56.4,41.6,25.2,86.2,81.6,74.0,63.1,成交活跃、量比与换手适中
sh601677,601677,sh,明泰铝业,16.35,-1.62,2.13,0.89,8.38,1.0,-1.98,-6.09,2.83,-11.5,12.18,434510000.0,20328000000.0,20328000000.0,56.3,27.7,92.0,62.3,71.6,41.1,53.7,估值相对占优、量比与换手适中
sz300031,300031,sz,宝通科技,21.5,1.18,4.13,1.06,34.23,2.22,-3.76,-1.96,15.34,-7.37,-4.99,309000000.0,9003000000.0,7566000000.0,56.3,52.6,46.1,52.9,89.1,81.1,19.1,量比与换手适中
sh600511,600511,sh,国药股份,26.26,-0.53,1.29,1.43,10.28,1.05,-3.53,-5.06,-3.7,-1.91,-6.05,187050000.0,19813000000.0,14531000000.0,56.3,36.9,90.3,30.7,77.1,56.7,52.6,估值相对占优、量比与换手适中
sz000089,000089,sz,深圳机场,6.51,1.88,1.04,1.56,14.06,1.11,0.31,-0.76,0.15,-1.96,-4.69,137810000.0,13351000000.0,13351000000.0,56.3,44.6,83.4,14.4,75.4,91.1,36.2,估值相对占优、量比与换手适中
sz002738,002738,sz,中矿资源,53.69,-1.12,4.63,1.74,47.15,3.1,-1.41,-1.21,10.16,-13.25,-31.21,1816410000.0,39161000000.0,38174000000.0,56.2,34.3,31.1,92.2,89.6,48.3,75.8,成交活跃、量比与换手适中、市值稳定性较高
sh600251,600251,sh,冠农股份,10.17,-1.36,2.21,0.81,17.38,1.98,2.62,4.52,10.91,3.46,10.91,176820000.0,7902000000.0,7902000000.0,56.2,73.1,67.2,28.9,70.4,44.9,14.8,中期趋势靠前、量比与换手适中
sh600717,600717,sh,天津港,4.3,1.65,0.9,1.36,10.78,0.61,1.42,0.94,0.94,-2.01,-1.56,112030000.0,12444000000.0,12444000000.0,56.2,46.4,93.1,4.6,72.5,87.9,33.2,估值相对占优、量比与换手适中
sz300773,300773,sz,拉卡拉,15.15,-1.69,5.58,1.4,10.23,3.55,-2.32,-5.31,4.12,-10.96,-24.47,873000000.0,16472999999.999998,15583000000.000002,56.1,32.1,64.8,80.9,85.3,40.1,45.2,成交活跃、量比与换手适中
sh601696,601696,sh,中银证券,11.61,-0.09,0.75,0.75,28.63,1.67,-3.68,-2.79,1.19,1.99,-22.46,241120000.0,32252999999.999996,32252999999.999996,56.1,55.1,56.6,41.3,57.6,63.0,71.3,市值稳定性较高
sh603379,603379,sh,三美股份,59.9,-2.52,0.94,1.07,16.88,4.64,-6.7,-11.55,-0.51,6.38,0.64,344690000.0,36568000000.0,36568000000.0,56.0,58.8,48.8,56.1,66.3,28.3,74.0,市值稳定性较高
sh603277,603277,sh,银都股份,12.56,0.48,1.63,0.93,23.4,2.93,6.62,17.49,23.87,8.18,-23.79,125050000.0,7683000000.0,7658000000.0,56.0,86.3,49.5,9.5,68.6,71.1,13.8,中期趋势靠前
sz300319,300319,sz,麦捷科技,17.66,-3.44,10.86,0.63,49.29,3.17,-7.54,6.84,10.51,21.94,52.46,1629430000.0,15675000000.0,15033000000.000002,55.7,88.3,29.1,90.9,26.5,15.1,42.4,中期趋势靠前、成交活跃
sz300236,300236,sz,上海新阳,88.9,0.23,3.95,0.85,73.2,4.08,-12.38,-5.93,1.39,-2.5,40.48,976370000.0,27860000000.000004,24776000000.0,55.7,46.2,15.8,83.2,85.0,67.6,66.7,成交活跃、量比与换手适中
sz002537,002537,sz,海联金汇,5.86,1.74,3.55,1.93,22.8,1.57,1.38,-0.34,6.93,-6.98,-35.32,244040000.0,6880000000.0,6859999999.999999,55.7,45.2,64.7,42.3,86.8,89.1,9.4,量比与换手适中
sh600562,600562,sh,国睿科技,26.11,0.38,0.73,1.06,56.7,4.8,0.04,-2.39,4.73,10.04,-7.11,236880000.0,32425000000.0,32425000000.0,55.6,74.1,17.5,40.5,64.4,69.7,71.4,中期趋势靠前、市值稳定性较高
sz000937,000937,sz,冀中能源,4.82,2.55,0.92,1.63,46.25,0.99,3.43,1.69,1.26,-0.7,0.42,166030000.0,18735000000.0,18204000000.0,55.6,49.9,54.7,25.5,72.9,99.3,50.5,量比与换手适中
sz002901,002901,sz,大博医疗,45.51,2.94,1.14,1.79,29.3,5.41,3.55,2.96,2.43,13.74,-2.72,148190000.0,18842000000.0,13126000000.0,55.6,72.4,30.6,17.6,71.0,93.7,50.7,中期趋势靠前、量比与换手适中
sh688503,688503,sh,聚和材料,88.8,-3.23,7.37,0.64,34.69,4.13,-7.19,19.29,28.88,-2.83,46.57,1582840000.0,21493000000.0,21493000000.0,55.4,67.0,31.3,90.3,54.2,18.1,55.8,成交活跃
sh600535,600535,sh,天士力,14.82,-1.0,1.14,1.01,18.1,1.69,-3.52,-5.18,-6.91,5.33,-1.0,253240000.0,22140000000.0,22140000000.0,55.4,46.8,69.6,44.4,66.5,50.0,57.9,估值因子相对较强
sz301160,301160,sz,翔楼新材,45.25,-0.37,3.06,0.59,37.04,4.07,-1.35,20.96,21.31,23.45,-7.83,152470000.0,7544000000.0,5013000000.0,55.4,94.9,29.5,19.7,72.1,59.0,13.0,中期趋势靠前、量比与换手适中
sz002913,002913,sz,奥士康,57.5,-4.75,2.4,1.14,85.64,4.21,-2.81,3.92,24.11,10.57,35.48,423960000.0,18248000000.0,17563000000.0,55.2,88.9,12.5,61.5,79.3,0.0,48.7,中期趋势靠前、量比与换手适中
sz002925,002925,sz,盈趣科技,22.17,-0.85,1.64,0.79,22.01,3.27,-8.01,-4.48,-2.89,16.32,32.65,264940000.0,17108000000.000002,16208000000.000002,55.2,63.0,48.3,46.2,65.5,52.1,46.8,趋势因子相对较强
sz002907,002907,sz,华森制药,14.31,0.35,5.98,0.6,80.62,3.44,-14.77,2.95,14.48,15.78,-3.11,291260000.0,5976000000.0,4852000000.0,55.0,89.1,18.1,50.6,64.2,69.3,5.4,中期趋势靠前
sh600060,600060,sh,海信视像,25.3,-1.71,0.66,1.18,13.25,1.6,0.16,-2.69,-5.63,1.69,8.4,218100000.0,33016000000.000004,32894000000.0,55.0,42.0,78.4,36.8,66.6,39.9,71.9,估值相对占优、市值稳定性较高
sh603186,603186,sh,华正新材,165.28,-4.11,11.83,0.72,89.6,11.16,-10.32,8.74,22.25,25.12,234.1,3052330000.0,25914000000.0,25914000000.0,54.9,95.7,2.8,96.6,27.4,5.6,64.4,中期趋势靠前、成交活跃
sz000739,000739,sz,普洛药业,19.71,-4.87,2.49,0.84,26.86,3.48,-11.22,-15.23,-3.38,18.66,22.89,572040000.0,22833000000.0,22824000000.0,54.9,63.2,40.9,71.9,73.3,0.0,59.6,成交活跃、量比与换手适中
sz002120,002120,sz,韵达股份,6.62,0.3,0.85,0.98,14.35,0.93,-1.78,-2.65,-1.49,-1.21,1.21,158930000.0,19193000000.0,18636000000.0,54.9,42.9,85.0,23.4,63.6,68.6,51.4,估值相对占优
sh603929,603929,sh,亚翔集成,165.82,-0.7,2.04,0.63,28.96,14.82,-7.35,1.82,-6.55,9.67,76.69,714200000.0,35379000000.0,35379000000.0,54.8,53.0,24.6,76.5,65.0,54.3,73.4,成交活跃、市值稳定性较高
sz000524,000524,sz,岭南控股,9.89,1.44,2.99,2.1,86.82,2.91,4.77,3.67,17.32,6.01,-17.16,198170000.0,6628000000.0,6626000000.000001,54.8,81.5,21.1,33.6,78.6,84.9,8.2,中期趋势靠前、量比与换手适中
sz002083,002083,sz,孚日股份,10.39,-1.33,3.78,0.56,16.79,2.03,-13.7,-14.27,-13.42,6.65,-10.53,374040000.0,9836000000.0,9832000000.0,54.7,46.9,67.4,58.4,77.1,45.3,23.5,量比与换手适中
sh600642,600642,sh,申能股份,8.49,1.8,0.57,1.33,10.96,1.16,0.71,1.43,-1.62,-13.89,15.98,237330000.0,41551000000.0,41548000000.0,54.7,13.0,87.5,40.8,69.2,90.0,78.1,估值相对占优、市值稳定性较高
sh600323,600323,sh,瀚蓝环境,29.6,1.16,0.55,0.87,10.91,1.59,0.61,-1.27,-0.87,-0.84,6.47,133560000.0,24134000000.0,24134000000.0,54.7,44.5,82.1,12.9,58.7,80.9,61.5,估值相对占优
sz002552,002552,sz,宝鼎科技,57.85,4.91,11.47,1.07,94.22,13.7,-6.69,10.49,45.86,0.26,250.39,2367080000.0,22445000000.0,21318000000.0,54.6,74.7,1.3,94.6,35.3,65.6,58.8,中期趋势靠前、成交活跃
sz300093,300093,sz,金刚光伏,25.02,-3.51,6.4,0.94,50.86,6.94,0.64,6.92,23.07,14.77,49.82,368380000.0,13511000000.000002,5779000000.0,54.6,91.8,14.8,58.0,68.5,14.1,36.9,中期趋势靠前
sh600345,600345,sh,长江通信,47.7,0.21,5.1,1.46,62.67,4.17,-2.61,1.21,5.62,-2.93,38.06,520150000.0,15722000000.0,10091000000.0,54.5,53.3,18.1,68.6,90.5,67.3,42.8,量比与换手适中
sz002258,002258,sz,利尔化学,14.16,-2.95,2.49,0.54,25.71,1.44,-5.22,-2.21,-1.8,15.78,10.19,282960000.0,11334000000.0,11316000000.0,54.5,64.8,62.6,49.1,66.5,22.1,29.8,趋势因子相对较强
sh688138,688138,sh,清溢光电,34.21,0.68,1.94,0.66,56.31,3.84,-3.36,6.24,11.43,10.18,21.87,206360000.0,10769000000.0,10769000000.0,54.5,82.8,22.0,35.4,64.9,74.0,27.7,中期趋势靠前
sh603327,603327,sh,福蓉科技,9.58,2.68,5.11,1.81,68.6,4.19,6.8,4.93,9.49,-4.87,-10.88,510370000.0,10016000000.0,10016000000.0,54.4,53.5,16.3,68.1,84.3,97.4,24.6,量比与换手适中
sh688179,688179,sh,阿拉丁,21.06,0.81,4.33,0.64,53.88,5.65,-11.81,0.0,15.21,2.83,70.53,327850000.0,7623999999.999999,7623999999.999999,54.4,74.8,15.9,54.6,78.1,75.9,13.4,中期趋势靠前、量比与换手适中
sz301280,301280,sz,珠城科技,44.22,4.84,3.49,1.97,40.05,4.34,2.17,8.7,16.06,8.46,16.68,148580000.0,8468000000.000001,4397000000.0,54.4,84.3,26.5,17.9,85.4,66.6,16.9,中期趋势靠前、量比与换手适中
sh600595,600595,sh,中孚实业,6.19,0.0,1.55,0.71,8.89,1.36,-2.67,-8.57,-1.28,-11.57,-19.35,382540000.0,24809000000.0,24809000000.0,54.3,18.9,87.7,59.3,63.0,64.3,62.9,估值相对占优
sz301196,301196,sz,唯科科技,88.98,1.84,8.66,1.06,58.24,4.47,-6.68,7.63,15.11,-4.59,45.92,836420000.0,14612000000.0,9592000000.0,54.2,58.7,17.8,79.7,53.5,90.6,39.7,成交活跃
sz301035,301035,sz,润丰股份,56.05,6.8,1.4,3.86,20.62,2.66,7.07,3.47,4.55,7.42,8.9,286090000.0,20431000000.0,20388000000.0,54.2,71.0,55.3,49.5,34.6,38.6,53.8,中期趋势靠前
sz002734,002734,sz,利民股份,14.59,0.07,3.49,1.02,14.32,1.72,-5.2,-11.9,11.2,-9.94,-5.83,225300000.0,6943000000.000001,6359000000.0,54.2,43.7,75.1,38.8,85.2,65.3,9.7,估值相对占优、量比与换手适中
sh600970,600970,sh,中材国际,7.82,1.43,0.61,1.3,7.73,0.93,-0.64,-0.89,0.13,-6.79,-21.09,124330000.0,20503000000.0,20503000000.0,54.2,33.2,93.5,8.9,68.9,84.7,54.1,估值相对占优
sh600761,600761,sh,安徽合力,16.65,0.85,1.23,1.34,13.74,1.38,-0.54,-4.37,-2.06,-3.76,-18.34,182360000.0,14830000000.000002,14830000000.000002,54.1,35.6,80.3,29.8,74.6,76.4,40.4,估值相对占优、量比与换手适中
sh603883,603883,sh,老百姓,13.01,-1.44,1.54,0.59,24.99,1.5,-1.66,2.12,6.38,8.51,-10.46,152530000.0,9873000000.0,9873000000.0,54.0,75.3,63.1,19.9,60.2,43.7,23.8,中期趋势靠前
sz301003,301003,sz,江苏博云,57.5,2.75,3.11,1.01,54.65,4.83,6.58,11.87,18.02,10.79,29.8,132240000.0,5585000000.0,4321000000.0,54.0,87.3,18.2,12.2,82.0,96.4,3.6,中期趋势靠前、量比与换手适中
sz000858,000858,sz,五 粮 液,71.48,0.41,0.55,0.95,22.02,2.35,-1.47,-6.18,-3.27,-13.16,-30.84,1518520000.0,277457000000.0,277451000000.0,53.9,11.5,56.2,89.3,60.5,70.1,97.3,成交活跃、市值稳定性较高
sh603619,603619,sh,中曼石油,23.57,0.38,8.25,1.1,34.99,2.53,4.48,2.57,15.37,-8.68,2.88,879040000.0,10897000000.0,10897000000.0,53.9,49.4,42.4,81.3,57.6,69.7,28.3,成交活跃
sh688065,688065,sh,凯赛生物,44.0,-2.81,0.94,1.12,50.8,1.79,-5.68,-7.43,0.23,10.64,-10.84,243210000.0,31737000000.0,25669000000.0,53.9,65.7,41.9,41.9,67.4,24.1,70.6,市值稳定性较高
sh603082,603082,sh,北自科技,41.87,2.37,13.0,1.15,46.77,4.07,-5.21,4.6,12.28,19.39,15.31,223230000.0,6973999999.999999,1698000000.0,53.9,89.4,25.1,38.1,37.1,98.1,9.9,中期趋势靠前
sh600211,600211,sh,西藏药业,38.16,-2.13,2.67,1.03,12.57,3.14,-2.33,-3.95,0.47,-0.99,-8.46,329180000.0,12300000000.0,12300000000.0,53.8,47.4,64.3,54.8,79.0,33.9,32.6,量比与换手适中
sz000963,000963,sz,华东医药,27.15,-3.38,1.54,0.69,13.6,1.93,-7.78,-8.37,-5.89,-4.54,-30.15,736320000.0,47614000000.0,47594000000.0,53.7,27.8,73.8,77.4,62.4,16.0,79.6,估值相对占优、成交活跃、市值稳定性较高
sh603876,603876,sh,鼎胜新材,23.22,1.09,2.54,0.82,34.72,2.87,1.8,6.22,7.2,-11.78,56.05,554530000.0,21578000000.0,21578000000.0,53.7,34.7,39.7,71.4,73.2,79.9,56.4,成交活跃、量比与换手适中
sh688332,688332,sh,中科蓝讯,88.86,-2.48,2.19,0.67,8.99,2.79,-12.0,2.2,4.95,-5.94,1.7,348500000.0,15860000000.0,15860000000.0,53.7,45.3,71.4,56.6,67.1,28.9,43.5,估值相对占优
sz000997,000997,sz,新 大 陆,18.32,-0.54,1.72,1.01,18.92,2.55,2.4,-0.54,10.3,-10.34,-34.74,318740000.0,18560000000.0,18456000000.0,53.7,41.7,59.0,53.8,71.1,56.6,49.8,量比与换手适中
sz000999,000999,sz,华润三九,23.6,-2.24,0.76,1.18,11.99,1.72,-3.28,-6.61,-5.56,-3.48,-15.32,300240000.0,39276000000.0,39236000000.0,53.7,30.3,79.1,52.1,67.3,32.3,76.2,估值相对占优、市值稳定性较高
sz002668,002668,sz,TCL智家,9.8,5.95,2.82,0.62,10.66,2.78,-9.43,-5.5,-7.72,4.93,-3.69,290230000.0,10624000000.0,10624000000.0,53.6,45.6,69.7,50.5,70.9,50.7,26.7,量比与换手适中
sz301275,301275,sz,汉朔科技,42.59,2.78,2.1,1.64,37.27,4.37,-0.09,-4.1,4.95,-4.72,-20.13,265950000.0,17990000000.0,12813999999.999998,53.6,47.8,27.9,46.4,81.9,96.0,48.5,量比与换手适中
sz300748,300748,sz,金力永磁,27.71,0.51,2.42,1.24,44.38,5.01,-0.79,-2.43,11.96,-14.13,-18.24,766160000.0,38294000000.0,31364999999.999996,53.5,34.7,22.2,78.7,81.7,71.6,74.9,成交活跃、量比与换手适中、市值稳定性较高
sz300221,300221,sz,银禧科技,14.22,-1.25,8.8,1.81,43.09,4.44,1.07,1.43,28.22,3.19,39.14,585840000.0,6737000000.0,6570000000.0,53.5,79.5,25.0,72.6,55.3,46.4,8.6,中期趋势靠前、成交活跃
sh601098,601098,sh,中南传媒,10.21,0.59,0.56,1.42,11.42,1.16,-0.1,-2.67,0.1,-2.2,-5.55,103390000.0,18337000000.0,18337000000.0,53.5,43.6,86.9,1.3,71.2,72.7,49.0,估值相对占优、量比与换手适中
sh600820,600820,sh,隧道股份,5.38,1.51,0.61,1.13,7.76,0.53,-0.92,-0.92,-0.55,-4.44,-15.54,102640000.0,16915000000.0,16915000000.0,53.5,37.2,96.5,0.7,65.0,85.9,46.4,估值相对占优
sh600191,600191,sh,华资实业,10.93,2.92,3.0,1.21,77.13,3.11,0.74,3.8,27.09,2.55,-14.8,158230000.0,5300000000.0,5300000000.0,53.4,77.7,21.2,23.0,85.6,94.0,1.2,中期趋势靠前、量比与换手适中
sz001696,001696,sz,宗申动力,14.84,-3.01,4.17,0.64,27.82,3.19,-12.03,-8.62,-0.07,2.06,-30.94,549980000.0,16991999999.999998,13228000000.0,53.3,52.1,42.0,70.6,79.3,21.3,46.6,成交活跃、量比与换手适中
sz003010,003010,sz,若羽臣,28.44,-2.4,3.87,0.72,36.97,12.64,2.38,2.86,14.35,11.42,-17.98,247840000.0,8847000000.0,6431000000.0,53.3,86.2,19.4,43.1,81.4,30.0,18.5,中期趋势靠前、量比与换手适中
sz000429,000429,sz,粤高速Ａ,13.37,2.53,0.86,1.57,17.52,2.72,1.75,0.91,-7.51,-0.27,19.63,148790000.0,27954000000.000004,17426000000.0,53.3,36.2,59.8,18.3,73.8,99.6,66.8,量比与换手适中
sh600426,600426,sh,华鲁恒升,20.07,-3.37,1.6,1.2,13.46,1.58,-4.06,-7.3,-5.51,-10.59,-16.32,885920000.0,55191000000.0,55184000000.0,53.2,14.3,78.6,81.5,74.4,16.1,82.1,估值相对占优、成交活跃、量比与换手适中
sh600332,600332,sh,白云山,20.11,-3.83,1.22,1.7,12.76,0.84,-5.23,-6.86,-7.63,-4.56,-20.48,343780000.0,32695000000.0,28272000000.000004,53.2,26.2,89.1,56.0,73.7,9.6,71.7,估值相对占优、量比与换手适中、市值稳定性较高
sh688612,688612,sh,威迈斯,32.98,-0.6,1.8,0.75,24.13,3.85,-7.02,-4.96,16.05,2.77,2.07,151700000.0,13825000000.0,8466000000.0,53.1,75.2,42.1,19.2,65.8,55.7,38.1,中期趋势靠前
sz300154,300154,sz,瑞凌股份,11.59,-1.36,3.79,0.57,59.18,3.05,0.87,22.39,51.5,26.39,20.1,140450000.0,5210000000.0,3653000000.0,53.1,98.1,26.0,15.3,77.4,44.9,0.8,中期趋势靠前、量比与换手适中
sz002432,002432,sz,九安医疗,67.27,-4.85,4.2,0.92,13.66,1.5,-11.04,-6.93,-7.09,-10.07,74.48,1317920000.0,31341000000.000004,31299000000.0,53.0,14.0,79.4,87.5,85.4,0.0,70.1,估值相对占优、成交活跃、量比与换手适中
sz002987,002987,sz,京北方,11.23,1.35,2.21,1.46,38.21,4.14,2.93,-0.62,5.55,-1.92,-36.79,250060000.0,11684000000.0,11386000000.0,53.0,55.3,28.3,43.9,85.0,83.6,30.7,量比与换手适中
sh688396,688396,sh,华润微,61.22,-1.51,2.03,0.97,89.62,3.52,-3.03,2.0,0.79,-4.4,15.93,1651430000.0,81313000000.0,81313000000.0,52.9,40.6,15.7,91.3,72.6,42.7,87.2,成交活跃、量比与换手适中、市值稳定性较高
sh688353,688353,sh,华盛锂电,91.9,0.77,3.45,0.65,48.94,4.01,-15.14,-4.47,-8.99,8.07,-19.17,503860000.0,14658000000.000002,14658000000.000002,52.9,49.8,24.0,67.4,76.6,75.3,40.0,量比与换手适中
sz000968,000968,sz,蓝焰控股,7.06,-1.53,3.38,1.14,22.93,1.08,1.29,-2.35,5.85,-5.11,7.62,228610000.0,6831000000.0,6831000000.0,52.9,48.7,70.6,39.3,87.0,42.4,9.3,估值相对占优、量比与换手适中
sz000019,000019,sz,深粮控股,6.42,0.94,5.87,0.56,34.12,1.51,1.42,3.38,7.9,1.42,-6.0,157030000.0,7398999999.999999,2672000000.0,52.9,66.5,55.3,22.3,64.2,77.7,11.8,趋势因子相对较强
sh600301,600301,sh,华锡有色,47.33,-0.8,4.21,1.07,31.42,5.88,-7.18,-7.07,13.83,-13.33,24.65,550700000.0,29939000000.0,13032000000.0,52.8,37.5,27.6,70.7,88.7,52.9,68.6,成交活跃、量比与换手适中
sz000828,000828,sz,东莞控股,9.93,4.64,1.97,3.34,12.27,1.0,1.22,-0.6,1.02,-1.88,-4.84,202970000.0,10322000000.0,10322000000.0,52.8,47.2,87.6,34.9,42.7,69.4,25.8,估值相对占优
sz000833,000833,sz,粤桂股份,21.27,-1.76,5.68,0.83,18.78,3.83,-0.05,3.3,8.19,-8.91,10.32,554140000.0,17060000000.0,9650000000.0,52.7,42.4,49.9,71.3,71.7,39.1,46.7,成交活跃、量比与换手适中
sz000683,000683,sz,博源化工,6.14,1.49,1.83,0.95,22.09,1.85,2.5,0.16,-0.65,-11.01,-14.01,373530000.0,22821000000.0,20499000000.0,52.7,21.5,61.9,58.3,70.6,85.6,59.5,量比与换手适中
sz002244,002244,sz,滨江集团,9.01,-1.64,1.1,0.79,14.37,0.93,-0.88,3.44,4.65,-12.63,-9.74,272820000.0,28033999999.999996,24846000000.0,52.7,28.9,84.9,47.4,61.2,40.9,67.0,估值相对占优
sz000848,000848,sz,承德露露,8.43,1.81,1.38,0.64,12.9,2.67,3.31,-6.02,4.07,2.31,5.37,116500000.0,8599000000.0,8519000000.0,52.7,61.5,67.4,6.3,60.1,90.1,17.6,估值因子相对较强
sz300738,300738,sz,奥飞数据,21.23,1.92,4.1,0.73,86.78,5.7,-10.12,-7.05,-1.21,-2.37,14.91,841920000.0,20916000000.0,20909000000.0,52.6,40.6,7.6,80.0,81.9,91.7,54.6,成交活跃、量比与换手适中
sz300855,300855,sz,图南股份,34.0,0.53,3.73,0.82,43.19,6.12,2.84,8.56,24.86,-7.38,5.75,375140000.0,13447999999.999998,9961000000.0,52.6,55.4,19.6,58.7,82.6,71.9,36.5,量比与换手适中
sz300001,300001,sz,特锐德,36.26,-0.03,1.42,0.8,30.61,4.54,-3.15,2.55,4.2,-7.26,42.3,525180000.0,38266000000.0,37390000000.0,52.5,40.9,32.1,69.0,64.0,63.9,74.8,市值稳定性较高
sz000423,000423,sz,东阿阿胶,48.0,-0.72,1.44,1.16,17.21,3.02,-6.8,-11.21,-7.34,-3.98,0.74,439480000.0,30712000000.0,30658000000.0,52.5,27.7,58.1,62.7,72.2,54.0,69.5,量比与换手适中
sh600572,600572,sh,康恩贝,4.21,-2.55,3.1,0.53,22.11,1.55,-12.29,-3.0,-2.55,3.19,-2.32,332020000.0,10687000000.0,10659000000.0,52.5,49.7,65.8,55.2,71.1,27.9,27.1,量比与换手适中
sh603296,603296,sh,华勤技术,75.22,-3.86,2.52,0.9,26.68,4.48,-13.44,-6.92,-13.47,0.1,17.6,1519270000.0,114019000000.0,60070000000.00001,52.4,35.2,35.9,89.4,74.9,9.1,90.7,成交活跃、量比与换手适中、市值稳定性较高
sz301500,301500,sz,飞南资源,23.25,0.43,9.79,1.19,16.8,2.42,-4.83,-5.79,8.9,-7.5,48.7,330000000.0,13044999999.999998,3349000000.0,52.4,46.2,63.4,54.9,47.5,70.4,35.0,估值因子相对较强
sz300307,300307,sz,慈星股份,7.4,-0.8,2.58,0.46,52.89,1.8,-5.25,-2.63,18.59,9.79,4.96,148720000.0,5924000000.0,5823000000.0,52.4,86.4,40.9,18.0,65.4,52.9,4.8,中期趋势靠前
sz002603,002603,sz,以岭药业,15.84,-3.71,2.21,0.87,19.33,2.51,-6.88,-6.22,-5.38,0.76,-4.41,484780000.0,26464000000.0,21804000000.0,52.3,41.2,58.7,65.6,71.8,11.3,65.0,量比与换手适中
sh688758,688758,sh,赛分科技,26.55,-2.85,3.72,0.9,79.94,8.15,-9.08,-10.46,5.9,44.22,50.34,294780000.0,11057000000.0,7917000000.0,52.3,85.3,5.7,51.3,84.3,23.6,28.9,中期趋势靠前、量比与换手适中
sh603658,603658,sh,安图生物,34.08,-1.5,0.63,0.55,18.82,2.31,3.68,3.74,6.8,5.81,-0.09,123220000.0,19474000000.0,19474000000.0,52.3,71.6,61.3,8.7,52.1,42.9,51.8,中期趋势靠前
sz002299,002299,sz,圣农发展,15.97,-0.19,1.3,1.11,20.41,1.73,-1.48,-6.83,0.13,-6.0,-2.26,249970000.0,19847000000.0,19461000000.0,52.2,35.2,65.8,43.6,70.0,61.6,52.8,量比与换手适中
sh600315,600315,sh,上海家化,18.23,0.77,1.55,0.93,32.01,1.73,3.58,1.17,3.34,-1.41,-18.32,192080000.0,12255000000.0,12255000000.0,52.2,52.6,53.2,31.8,67.9,75.3,32.5,估值因子相对较强
sh600116,600116,sh,三峡水利,6.31,3.1,1.39,1.67,15.75,1.05,-1.41,-3.96,-0.88,-7.83,-1.65,166290000.0,12066000000.0,12066000000.0,52.1,27.6,81.4,25.8,75.7,91.4,31.5,估值相对占优、量比与换手适中
sz000729,000729,sz,燕京啤酒,11.4,-0.09,1.57,1.15,16.27,1.97,-8.06,-10.94,-8.06,-9.31,3.35,443680000.0,32131000000.0,28610000000.000004,52.0,14.7,68.9,63.0,73.0,63.0,71.1,量比与换手适中、市值稳定性较高
sh605168,605168,sh,三人行,47.5,1.13,2.76,0.92,78.56,3.88,1.8,12.37,34.14,-3.42,25.46,270350000.0,10014000000.0,10014000000.0,52.0,65.5,15.9,47.1,77.2,80.4,24.4,量比与换手适中
sz002468,002468,sz,申通快递,14.1,-0.63,0.96,0.87,13.56,1.92,-3.69,-4.08,3.07,-7.24,5.86,201190000.0,21584000000.0,20816000000.0,51.9,38.2,74.2,34.5,61.9,55.3,56.5,估值相对占优
sh600864,600864,sh,哈投股份,5.44,1.3,1.4,0.67,30.44,0.86,-3.2,0.37,2.47,-1.79,-17.31,157470000.0,11318000000.0,11318000000.0,51.9,49.9,65.5,22.8,60.9,82.9,29.5,估值因子相对较强
sh688779,688779,sh,五矿新能,8.15,-0.12,1.51,0.68,24.86,2.15,0.99,1.75,12.41,-7.48,9.41,236990000.0,15722999999.999998,15722999999.999998,51.8,49.9,54.4,40.7,62.0,62.6,43.0,估值因子相对较强
sz300821,300821,sz,东岳硅材,16.29,-3.89,5.76,0.66,53.22,3.66,-7.91,-4.29,1.69,3.49,39.95,1130350000.0,19548000000.0,19545000000.0,51.6,59.1,24.1,85.9,67.3,8.7,52.1,成交活跃
sz301529,301529,sz,福赛科技,110.18,2.67,7.54,1.01,96.27,9.32,3.16,37.5,31.17,-5.66,36.1,528320000.0,13047999999.999998,7004000000.000001,51.6,60.9,2.3,69.4,61.2,97.6,35.2,流动性因子相对较强
sz002626,002626,sz,金达威,16.32,-1.86,1.22,0.72,35.08,2.39,3.75,-0.85,21.25,10.34,-15.49,122980000.0,9954000000.0,9953000000.0,51.6,88.1,43.2,8.6,60.6,37.7,24.3,中期趋势靠前
sz001258,001258,sz,立新能源,12.57,2.95,12.99,1.0,78.66,3.8,-12.71,-13.19,-12.28,20.52,77.54,1530450000.0,11732000000.0,11732000000.0,51.5,57.5,16.5,89.7,33.8,93.6,30.9,成交活跃
sh601061,601061,sh,中信金属,11.61,-3.25,0.57,1.34,14.53,2.3,-3.49,-7.56,3.66,-11.1,-18.12,327290000.0,56889000000.0,56889000000.0,51.5,30.8,67.8,54.5,69.5,17.9,82.8,市值稳定性较高
sz002138,002138,sz,顺络电子,47.66,-4.57,3.6,0.78,39.12,5.85,-9.72,-0.91,5.47,-5.34,37.2,1309040000.0,38429000000.0,36524000000.0,51.4,47.5,22.3,87.4,80.7,0.0,75.2,成交活跃、量比与换手适中、市值稳定性较高
sh688213,688213,sh,思特威-W,96.78,-1.24,1.8,0.79,34.37,7.22,-4.53,0.39,0.87,-2.12,2.73,559030000.0,38935000000.0,31308999999.999996,51.4,45.9,23.5,71.7,66.7,46.6,75.6,成交活跃、市值稳定性较高
sz300002,300002,sz,神州泰岳,7.86,-1.13,1.34,0.79,21.07,2.01,-5.07,-8.5,1.42,0.26,-31.41,195690000.0,15462000000.0,14549000000.0,51.4,52.8,60.8,33.0,63.1,48.1,41.3,估值因子相对较强
sz000758,000758,sz,中色股份,6.14,1.15,1.59,1.15,25.05,2.0,0.33,-2.85,6.97,-7.6,-6.76,193240000.0,12217000000.0,12174000000.0,51.4,43.6,56.1,32.2,73.2,80.7,32.3,量比与换手适中
sz002867,002867,sz,周大生,12.28,-0.24,0.77,1.25,11.65,2.2,-1.37,-5.03,0.66,2.76,6.5,103200000.0,13330000000.000002,13251000000.0,51.4,55.2,73.3,1.2,69.0,60.9,36.1,估值相对占优
sz002414,002414,sz,高德红外,13.41,-0.81,1.61,0.92,59.13,7.73,-4.76,-5.7,-6.22,4.2,-8.59,734270000.0,57271000000.0,45575000000.0,51.3,45.8,10.8,77.3,68.2,52.7,83.0,成交活跃、市值稳定性较高
sh600062,600062,sh,华润双鹤,15.83,1.02,0.84,0.9,10.19,1.34,-1.43,-3.48,-3.6,-3.25,-11.62,137530000.0,16441000000.0,16435000000.0,51.3,33.6,87.2,14.1,61.7,78.9,45.1,估值相对占优
sz300119,300119,sz,瑞普生物,17.34,-3.24,2.0,0.86,20.54,1.74,-8.3,-5.66,9.89,7.43,-5.65,116220000.0,8059000000.0,5785000000.0,51.2,78.0,65.4,6.2,69.9,18.0,15.0,中期趋势靠前
sh600012,600012,sh,皖通高速,16.25,4.84,0.82,1.9,14.91,2.27,2.07,2.27,-8.71,0.49,14.76,153090000.0,27764999999.999996,18941000000.0,51.1,37.7,67.5,20.3,66.0,66.6,66.4,估值因子相对较强
sz002154,002154,sz,报 喜 鸟,4.01,-1.47,2.44,0.88,13.43,1.25,-6.09,-6.31,9.26,-2.2,8.97,114670000.0,5852000000.0,4732000000.0,51.1,59.3,82.9,5.5,73.8,43.3,4.6,估值相对占优、量比与换手适中
sz002392,002392,sz,北京利尔,7.67,1.86,1.2,1.03,22.55,1.54,1.19,1.19,9.26,-3.94,3.02,105820000.0,9131000000.0,8878000000.0,51.1,55.1,65.4,2.1,67.4,90.9,19.7,估值因子相对较强
sh600521,600521,sh,华海药业,16.2,-2.53,2.44,0.79,65.0,2.56,-6.68,-10.94,-2.23,2.14,-3.97,590810000.0,24255000000.0,24255000000.0,50.9,48.0,28.9,73.0,71.8,28.1,61.7,成交活跃、量比与换手适中
sh600366,600366,sh,宁波韵升,11.56,-1.87,2.82,0.75,25.56,1.98,-8.33,-7.81,2.66,-5.18,-15.56,360680000.0,12705000000.0,12705000000.0,50.8,42.6,55.6,57.4,73.9,37.6,34.1,量比与换手适中
sh600059,600059,sh,古越龙山,8.04,2.03,1.9,0.93,32.53,1.26,-0.12,0.63,3.47,-1.71,-12.32,138950000.0,7329000000.000001,7329000000.000001,50.8,52.3,59.2,14.8,70.7,93.3,11.4,量比与换手适中
sz002920,002920,sz,德赛西威,86.59,0.2,0.91,0.78,20.87,3.22,-5.13,-6.68,4.46,-14.91,-27.27,473730000.0,51678000000.0,51661000000.0,50.7,23.9,50.0,65.1,59.5,67.1,81.1,市值稳定性较高
sh600486,600486,sh,扬农化工,54.75,-0.38,0.82,0.69,17.59,1.92,0.77,-2.18,-0.26,-3.0,-20.28,182500000.0,22125000000.0,22125000000.0,50.7,41.4,67.9,29.9,56.8,58.9,57.7,估值因子相对较强
sz000063,000063,sz,中兴通讯,33.13,-1.92,1.9,0.67,47.84,2.1,-8.02,-3.41,-4.91,-8.76,-11.49,2536040000.0,158479000000.0,133434999999.99998,50.6,18.9,39.5,95.2,64.8,36.9,93.7,成交活跃、市值稳定性较高
sh688111,688111,sh,金山办公,233.3,-2.99,1.31,0.68,30.01,7.18,-8.67,-11.16,-3.11,-1.66,-23.71,1424270000.0,108254000000.0,108254000000.0,50.5,39.0,26.5,88.7,60.4,21.6,90.3,成交活跃、市值稳定性较高
sz300440,300440,sz,运达科技,18.8,1.35,2.11,0.58,99.81,5.0,0.37,-2.99,16.41,8.48,53.29,171300000.0,8308000000.0,8276000000.000001,50.5,84.5,7.5,26.6,64.4,83.6,16.1,中期趋势靠前
sh601888,601888,sh,中国中免,52.06,-0.44,0.78,0.77,26.43,1.88,-3.65,-7.43,-4.37,-11.96,-44.68,796640000.0,108170000000.0,101646000000.0,50.4,12.3,56.2,79.1,58.3,58.0,90.2,成交活跃、市值稳定性较高
sh600482,600482,sh,中国动力,31.66,-0.85,0.7,0.87,48.09,1.78,-6.39,-1.03,7.12,-14.05,54.46,500390000.0,71813000000.0,71813000000.0,50.4,29.5,43.7,67.0,59.9,52.1,85.6,市值稳定性较高
sh688378,688378,sh,奥来德,43.67,-4.67,4.38,0.78,51.63,5.44,-13.28,5.33,9.39,5.1,61.13,459960000.0,11416000000.0,10523000000.0,50.4,73.6,17.6,64.3,80.8,0.0,30.1,中期趋势靠前、量比与换手适中
sz002245,002245,sz,蔚蓝锂芯,17.95,-1.91,3.54,0.74,34.55,3.86,-7.71,4.42,5.4,-13.2,50.08,1030260000.0,30698000000.0,28883000000.0,50.3,28.6,32.9,83.9,79.3,37.0,69.4,成交活跃、量比与换手适中
sh600839,600839,sh,四川长虹,6.83,0.0,0.89,0.5,42.5,2.09,-4.74,-1.59,2.4,-4.34,-24.45,281880000.0,31529000000.000004,31520000000.0,50.3,43.8,42.1,48.9,53.1,64.3,70.3,市值稳定性较高
sz002601,002601,sz,龙佰集团,15.37,-2.54,0.8,0.98,49.16,1.6,-2.35,-7.13,-6.96,7.48,-21.5,247270000.0,36646000000.0,30549000000.0,50.3,50.5,45.0,43.0,63.2,28.0,74.2,市值稳定性较高
sz002125,002125,sz,湘潭电化,13.3,4.72,7.73,2.58,25.81,2.42,1.99,4.23,11.95,-9.49,-5.3,645110000.0,8373000000.0,8373000000.0,50.2,45.0,50.5,74.2,46.4,68.3,16.5,成交活跃
sz300398,300398,sz,飞凯材料,35.16,-1.43,4.37,0.69,49.87,3.99,-10.31,-3.67,-0.57,-3.29,57.42,860370000.0,20042000000.0,19934000000.0,50.1,39.2,23.4,80.7,78.9,43.9,53.2,成交活跃、量比与换手适中
sz300145,300145,sz,南方泵业,4.24,0.95,3.16,0.98,32.51,2.83,-4.07,-4.93,0.24,-2.08,-9.21,255470000.0,8142000000.0,8102000000.0,50.0,44.4,41.7,44.8,81.7,77.9,15.7,量比与换手适中
sh603556,603556,sh,海兴电力,24.92,-3.22,1.79,0.49,18.24,1.78,-2.73,-2.69,10.76,-4.51,-30.02,218460000.0,12118000000.0,12118000000.0,50.0,56.1,68.4,36.9,59.9,18.3,31.8,估值因子相对较强
sz000528,000528,sz,柳    工,8.05,0.0,1.06,1.04,10.53,0.89,-0.74,-4.73,-5.52,-7.09,-30.33,174050000.0,16405000000.000002,16382000000.0,50.0,22.0,91.7,27.5,66.6,64.3,45.0,估值相对占优
sh601388,601388,sh,怡球资源,3.35,1.21,1.64,1.28,35.39,1.59,-0.59,-1.76,10.56,-3.18,12.23,120190000.0,7373999999.999999,7373999999.999999,50.0,58.7,52.6,7.5,76.5,81.6,11.7,量比与换手适中
sh600885,600885,sh,宏发股份,34.06,-3.07,0.82,0.87,27.04,3.99,-6.3,-3.51,-2.29,0.65,13.33,434670000.0,52711000000.0,52711000000.0,49.9,45.8,37.6,62.4,60.8,20.4,81.5,市值稳定性较高
sz002774,002774,sz,快意电梯,16.35,0.25,5.02,0.71,94.13,4.95,-4.39,-3.82,2.96,42.05,82.07,228810000.0,5505000000.0,4607000000.0,49.8,79.9,8.6,39.5,74.2,67.9,2.8,中期趋势靠前、量比与换手适中
sz300181,300181,sz,佐力药业,13.98,-1.2,2.62,0.53,15.08,3.08,-4.83,-2.65,-0.43,1.08,-11.6,221100000.0,9805000000.0,8429000000.000001,49.8,50.1,60.1,37.4,67.3,47.1,23.4,估值因子相对较强
sz002301,002301,sz,齐心集团,7.6,3.12,2.63,1.5,78.68,1.76,-4.16,2.56,12.26,-3.68,-0.52,143980000.0,5502000000.0,5457000000.0,49.8,58.9,34.3,16.5,89.2,91.1,2.7,量比与换手适中
sh600339,600339,sh,中油工程,3.39,0.3,0.98,0.82,50.79,0.71,4.31,1.5,1.8,-3.88,1.59,184450000.0,18927000000.0,18927000000.0,49.7,43.7,54.7,30.5,61.0,68.6,51.1,估值因子相对较强
sh600710,600710,sh,苏美达,10.43,2.66,0.85,1.71,9.71,1.62,0.0,-2.07,-1.7,-7.58,0.34,115270000.0,13629000000.0,13629000000.0,49.7,27.0,83.4,5.9,70.5,97.7,37.3,估值相对占优、量比与换手适中
sz002378,002378,sz,章源钨业,25.55,-2.48,2.69,1.0,35.57,11.92,-4.52,-9.65,10.7,-11.32,81.72,826060000.0,30695999999.999996,30535000000.000004,49.6,40.0,20.4,79.5,78.5,28.9,69.3,成交活跃、量比与换手适中
sz300618,300618,sz,寒锐钴业,35.08,0.26,2.68,0.99,48.09,1.95,-3.78,-12.08,7.21,-7.64,-22.11,257710000.0,10864000000.0,9559000000.0,49.6,43.9,41.6,45.1,78.2,68.0,27.9,量比与换手适中
sh600867,600867,sh,通化东宝,7.95,-1.97,1.43,0.72,12.59,2.34,-6.03,-5.13,-1.24,-1.97,1.02,223540000.0,15569999999.999998,15569999999.999998,49.6,41.4,71.1,38.4,62.3,36.1,42.0,估值相对占优
sz300488,300488,sz,恒锋工具,31.49,0.51,3.2,1.3,30.01,2.72,-6.0,-2.6,5.39,-2.79,-2.94,164940000.0,6022000000.0,5109000000.0,49.6,52.9,44.3,25.1,89.2,71.6,5.9,量比与换手适中
sh688628,688628,sh,优利德,83.71,-3.21,5.56,0.9,48.43,7.05,9.45,25.9,28.09,-1.52,169.68,515690000.0,9356000000.0,9356000000.0,49.5,69.8,16.1,68.3,74.2,18.4,21.2,量比与换手适中
sh600649,600649,sh,城投控股,3.81,-1.8,1.71,0.75,34.78,0.45,1.87,2.42,6.13,-1.8,-13.61,162740000.0,9494000000.0,9494000000.0,49.5,56.4,65.1,24.7,65.1,38.6,21.7,估值因子相对较强
sh605167,605167,sh,利柏特,14.87,1.64,1.94,0.9,35.07,3.72,1.85,-0.6,11.14,-0.6,-9.22,147870000.0,7581999999.999999,7581999999.999999,49.5,65.2,33.2,17.3,70.3,87.7,13.3,量比与换手适中
sh600754,600754,sh,锦江酒店,19.07,0.47,0.81,0.76,19.77,1.31,0.63,-4.41,2.31,-6.57,-22.98,139470000.0,20292000000.0,17278000000.0,49.5,38.4,72.8,14.9,58.3,71.0,53.4,估值相对占优
sh603391,603391,sh,力聚热能,67.57,-1.46,6.99,0.51,29.83,2.84,4.58,7.94,33.35,11.63,5.63,107630000.0,6149000000.0,1537000000.0,49.5,91.1,43.5,2.4,54.2,43.4,6.4,中期趋势靠前
sh688123,688123,sh,聚辰股份,132.41,-4.67,5.16,0.67,30.77,6.74,-8.81,1.0,0.9,-0.42,6.03,1089880000.0,21040000000.0,21040000000.0,49.4,50.0,26.6,85.2,72.2,0.0,54.8,成交活跃、量比与换手适中
sz300996,300996,sz,普联软件,14.09,-1.95,7.63,0.56,59.44,4.31,-17.79,-27.74,8.97,19.1,19.96,354890000.0,5577000000.0,4694000000.0,49.4,85.8,18.0,57.0,50.3,36.4,3.4,中期趋势靠前
sz301589,301589,sz,诺瓦星云,139.15,1.64,3.34,1.54,20.56,3.15,-4.4,-4.91,4.81,-12.26,-14.99,164110000.0,12863999999.999998,4796000000.0,49.4,30.0,51.4,24.8,93.9,87.7,34.8,量比与换手适中
sz002941,002941,sz,新疆交建,10.54,2.43,1.95,1.94,19.24,1.63,-1.31,-3.21,7.22,-11.73,-32.65,151210000.0,7692000000.0,7692000000.0,49.4,34.8,68.6,18.8,74.0,99.0,14.1,量比与换手适中
sz002028,002028,sz,思源电气,175.2,-0.84,1.44,0.74,41.28,8.33,-4.34,5.91,4.1,-13.03,13.85,1541360000.0,137107000000.0,107008000000.0,49.3,27.3,18.6,90.1,62.8,52.3,92.3,成交活跃、市值稳定性较高
sz002478,002478,sz,常宝股份,6.29,-0.32,4.42,1.29,15.66,0.95,-8.31,-2.02,2.95,-12.53,-23.95,196830000.0,5666000000.0,4547000000.0,49.3,25.7,82.5,33.3,92.0,59.7,3.9,估值相对占优、量比与换手适中
sz002984,002984,sz,森麒麟,14.11,0.79,1.28,0.83,15.02,1.08,0.43,-2.49,0.71,-6.99,-33.19,129290000.0,14622000000.0,10073000000.0,49.2,33.8,81.9,10.9,63.6,75.6,39.9,估值相对占优
sh600201,600201,sh,生物股份,12.43,-1.74,1.21,0.78,95.09,2.55,-7.99,-11.02,11.18,6.84,-17.32,166460000.0,13672000000.0,13672000000.0,49.1,79.0,22.7,25.9,61.9,39.4,37.7,中期趋势靠前
sz002810,002810,sz,山东赫达,21.66,3.34,2.22,1.1,31.2,3.33,2.31,5.09,9.28,-3.87,48.03,153490000.0,7538000000.0,6997000000.0,49.1,55.5,38.4,20.4,77.0,88.0,12.9,量比与换手适中
sz002997,002997,sz,瑞鹄模具,28.32,0.57,2.41,1.27,14.61,2.24,0.82,3.02,11.06,-10.24,-23.67,142810000.0,5928000000.0,5928000000.0,49.1,43.0,68.2,16.2,82.3,72.4,5.0,量比与换手适中
sz002057,002057,sz,中钢天源,8.73,0.92,2.09,0.98,33.03,1.98,-2.46,-2.13,10.79,-3.24,-13.84,136510000.0,6581000000.0,6576000000.000001,49.1,58.8,49.3,13.7,73.3,77.4,8.1,量比与换手适中
sz002091,002091,sz,江苏国泰,7.7,0.0,0.97,1.43,10.29,0.8,-1.28,-1.03,2.12,-10.78,-11.8,117840000.0,12534000000.0,12338000000.0,49.0,28.0,93.1,6.6,74.6,64.3,33.6,估值相对占优、量比与换手适中
sh603678,603678,sh,火炬电子,46.73,-4.4,4.19,0.77,73.83,3.45,-10.77,-9.33,3.61,-3.37,32.6,928640000.0,22223000000.0,22223000000.0,48.9,48.3,19.2,82.1,82.1,1.4,58.1,成交活跃、量比与换手适中
sz301015,301015,sz,百洋医药,24.87,-3.83,1.52,0.56,25.45,5.97,-8.6,2.64,6.01,14.04,7.99,199620000.0,13072000000.0,13071000000.0,48.9,79.5,33.0,34.0,59.4,9.6,35.3,中期趋势靠前
sh600906,600906,sh,财达证券,6.42,-0.16,1.15,1.02,18.29,1.63,-3.17,-3.02,-5.73,-2.58,-2.58,157170000.0,20833000000.0,13638000000.0,48.8,32.6,70.0,22.4,66.8,62.0,54.5,估值相对占优
sz000989,000989,sz,九芝堂,8.66,-4.2,4.63,0.89,22.53,2.02,-9.98,-8.84,-5.77,7.31,2.69,296650000.0,7412000000.0,6359000000.0,48.7,51.1,58.8,51.9,81.3,4.3,11.9,量比与换手适中
sh603341,603341,sh,龙旗科技,36.18,-2.98,2.86,0.5,42.36,2.72,-10.22,-7.75,-2.48,6.53,-13.36,278350000.0,18907000000.0,9675000000.0,48.7,55.2,36.6,48.2,68.5,21.7,51.0,趋势因子相对较强
sz000750,000750,sz,国海证券,3.7,0.54,0.52,0.91,28.61,1.04,-2.12,-2.63,-3.14,0.27,-12.11,110380000.0,23629000000.0,21446000000.0,48.7,43.2,64.7,3.6,59.4,72.0,61.2,估值因子相对较强
sz002444,002444,sz,巨星科技,28.59,-2.79,0.85,1.12,13.32,1.83,-4.92,-7.6,-0.83,-10.66,-14.96,279110000.0,34150000000.0,32785000000.000004,48.6,21.9,75.6,48.3,66.7,24.4,72.3,估值相对占优、市值稳定性较高
sh600529,600529,sh,山东药玻,18.72,-0.11,1.3,0.79,18.02,1.5,-2.3,-2.4,-2.5,-2.4,-5.22,161620000.0,12423000000.0,12423000000.0,48.6,38.0,72.7,24.4,62.8,62.7,32.9,估值相对占优
sh600120,600120,sh,浙江东方,4.74,-0.63,0.73,0.62,11.52,0.97,-6.14,-7.96,-4.44,-0.67,-22.14,119260000.0,16188999999.999998,16188999999.999998,48.5,38.5,89.1,7.1,54.5,55.3,44.0,估值相对占优
sz300999,300999,sz,金龙鱼,24.78,-0.92,1.86,0.68,36.39,1.38,-0.72,-6.28,-4.18,-7.4,-13.08,250040000.0,134347000000.0,13447000000.0,48.4,23.1,54.5,43.8,64.7,51.1,92.1,市值稳定性较高
sz002345,002345,sz,潮宏基,9.63,-3.41,2.88,0.93,14.97,2.31,-6.5,-17.34,-7.31,4.56,-20.74,244360000.0,8556000000.0,8351000000.000001,48.4,45.4,66.8,42.4,78.4,15.6,17.2,量比与换手适中
sh600361,600361,sh,创新新材,3.71,1.37,1.16,1.32,16.39,1.25,1.37,-2.11,2.2,-14.56,-10.65,160670000.0,13847999999.999998,13847999999.999998,48.4,19.7,78.2,24.2,73.6,83.9,38.3,估值相对占优、量比与换手适中
sz000597,000597,sz,东北制药,4.88,-2.59,1.9,0.47,27.81,1.27,-2.59,1.88,6.09,5.97,-5.52,131720000.0,6963000000.0,6877000000.0,48.4,71.1,62.7,11.8,60.3,27.3,9.8,中期趋势靠前
sz000676,000676,sz,智度股份,6.44,-0.46,3.15,0.45,56.62,1.89,-8.0,-13.9,-9.55,11.81,-25.38,254350000.0,8113000000.0,8108000000.0,48.3,53.6,38.6,44.7,69.7,57.7,15.6,趋势因子相对较强
sh600993,600993,sh,马应龙,22.73,-1.22,1.77,1.65,16.59,2.28,-1.86,-4.46,0.04,-3.24,-16.74,172350000.0,9798000000.0,9781000000.0,48.3,41.0,65.1,27.1,79.1,46.9,23.2,量比与换手适中
sh600436,600436,sh,片仔癀,123.76,-0.27,0.68,0.9,39.25,5.23,-4.93,-11.45,-6.74,-2.43,-25.99,505360000.0,74667000000.0,74667000000.0,48.2,31.8,23.8,67.5,60.4,60.4,86.2,市值稳定性较高
sz002407,002407,sz,多氟多,34.57,-4.37,11.44,0.76,61.12,4.74,-11.79,-10.23,2.98,2.58,2.53,4316000000.0,41153000000.0,37367000000.0,48.1,59.6,16.2,98.0,28.4,1.9,78.0,成交活跃、市值稳定性较高
sh600276,600276,sh,恒瑞医药,46.76,-2.05,1.35,0.77,40.17,4.81,-11.56,-13.7,-12.76,-6.83,-21.24,4047760000.0,310355000000.0,298282000000.0,48.1,19.2,24.8,97.6,62.8,35.0,97.9,成交活跃、市值稳定性较高
sz300015,300015,sz,爱尔眼科,8.34,0.12,0.53,0.65,23.01,3.56,-3.92,-8.05,-3.25,-7.54,-22.78,350540000.0,77558000000.0,66363000000.0,48.1,24.2,45.0,56.8,53.6,66.0,86.7,市值稳定性较高
sz002007,002007,sz,华兰生物,12.84,-2.51,1.28,0.98,27.33,2.17,-2.58,-4.18,-0.77,-3.02,-12.24,260660000.0,23442000000.0,20204000000.0,48.1,39.9,51.3,45.8,66.9,28.4,60.8,估值因子相对较强
sz300802,300802,sz,矩子科技,23.54,-0.25,3.98,1.09,74.09,4.55,-1.67,1.77,3.61,6.05,24.1,188530000.0,6687000000.0,4764000000.0,48.1,67.4,13.2,31.3,90.6,60.7,8.5,量比与换手适中
sh600388,600388,sh,紫金龙净,17.35,-2.14,0.79,0.75,18.01,2.02,-1.76,-1.64,5.09,-6.82,8.91,174510000.0,22035000000.0,22035000000.0,48.0,43.0,65.4,28.1,57.9,33.7,57.2,估值因子相对较强
sh600851,600851,sh,海欣股份,8.44,-3.65,2.49,0.89,51.5,2.02,-6.43,-0.35,10.76,4.07,24.48,156220000.0,10188000000.0,6230000000.0,48.0,73.9,38.4,21.6,74.4,12.1,25.2,中期趋势靠前、量比与换手适中
sz002541,002541,sz,鸿路钢构,19.52,-3.27,1.47,0.68,20.97,1.39,0.1,-5.1,-1.36,5.97,20.78,143810000.0,13469000000.0,9685000000.0,47.9,56.3,69.1,16.4,61.7,17.6,36.8,估值因子相对较强
sh600827,600827,sh,百联股份,7.54,1.07,0.85,1.05,10.94,0.66,-0.92,-2.96,0.13,-9.59,-14.71,102230000.0,13453000000.0,12098000000.0,47.9,26.3,92.5,0.5,65.1,79.6,36.6,估值相对占优
sz002029,002029,sz,七 匹 狼,8.49,-2.97,2.35,0.76,25.69,0.89,-5.98,-6.23,7.41,-0.05,-22.35,133990000.0,5986000000.0,5649000000.0,47.8,62.1,69.4,13.2,70.4,21.9,5.6,量比与换手适中
sz002027,002027,sz,分众传媒,4.88,-0.41,0.92,0.71,20.67,5.04,-1.41,-7.75,-5.24,-9.46,-32.03,646990000.0,70478000000.0,70478000000.0,47.7,17.0,41.4,74.5,58.0,58.4,85.5,成交活跃、市值稳定性较高
sh688036,688036,sh,传音控股,56.71,-1.9,0.82,0.52,20.78,3.08,2.36,-2.41,-10.38,-5.8,-13.1,542470000.0,65284000000.0,65284000000.0,47.7,22.5,51.6,70.1,53.0,37.1,84.4,成交活跃、市值稳定性较高
sh688278,688278,sh,特宝生物,59.47,-3.89,1.41,0.67,22.48,7.82,1.48,1.88,-1.91,5.16,-28.41,346680000.0,24275000000.0,24275000000.0,47.7,53.8,34.3,56.2,61.0,8.7,61.9,流动性因子相对较强
sh688697,688697,sh,纽威数控,14.69,0.41,1.22,0.78,30.39,5.51,-2.39,-0.2,25.02,0.96,37.75,114550000.0,9406000000.0,9406000000.0,47.7,75.1,29.4,5.4,62.0,70.1,21.3,中期趋势靠前
sh600895,600895,sh,张江高科,30.35,-1.75,1.23,0.75,49.67,3.44,-7.78,-8.28,7.55,-12.31,-30.66,580850000.0,47003000000.0,47003000000.0,47.6,34.3,27.1,72.5,61.4,39.3,79.5,成交活跃、市值稳定性较高
sh601111,601111,sh,中国国航,5.88,1.38,0.57,1.45,60.62,1.88,-0.34,-3.45,-3.61,-13.66,-37.25,388280000.0,120496000000.0,68432000000.00001,47.6,9.5,37.4,59.7,71.9,84.0,91.0,量比与换手适中、市值稳定性较高
sz301603,301603,sz,乔锋智能,119.0,-0.84,6.02,1.09,37.57,5.8,-9.17,-4.03,9.78,-5.88,57.82,266990000.0,14369999999.999998,4490000000.0,47.6,51.7,23.2,46.7,74.9,52.3,39.5,量比与换手适中
sz301345,301345,sz,涛涛车业,242.79,-2.95,2.41,0.75,29.21,7.32,-10.41,-6.82,-6.62,17.72,-2.81,204020000.0,26476000000.0,8505000000.0,47.6,58.7,27.0,35.2,70.6,22.1,65.1,量比与换手适中
sz300453,300453,sz,三鑫医疗,9.72,-1.72,3.47,0.75,18.15,3.56,-2.8,0.1,3.08,6.7,14.08,121610000.0,5075000000.0,3497999999.9999995,47.6,66.9,52.0,8.2,79.0,39.7,0.4,量比与换手适中
sh688605,688605,sh,先锋精科,71.5,-0.14,3.66,0.89,84.28,8.77,-11.08,-8.87,-1.31,5.46,11.44,280810000.0,14469999999.999998,7747000000.0,47.5,55.2,4.7,48.5,83.6,62.3,39.6,量比与换手适中
sh600873,600873,sh,梅花生物,7.87,1.42,0.82,0.77,10.15,1.41,-0.38,-2.96,-5.86,-12.48,-18.88,180590000.0,22069000000.0,22069000000.0,47.5,9.4,86.4,29.4,58.6,84.6,57.4,估值相对占优
sh600258,600258,sh,首旅酒店,12.17,-0.49,0.87,0.66,16.22,1.16,2.18,-1.06,2.01,-4.55,-25.34,118880000.0,13588999999.999998,13588999999.999998,47.5,42.4,79.4,6.7,56.5,57.3,37.2,估值相对占优
sh600582,600582,sh,天地科技,4.78,0.21,0.52,0.91,13.71,0.8,-1.24,-1.85,-1.65,-6.64,-13.56,103010000.0,19782000000.0,19782000000.0,47.4,29.8,87.4,0.9,59.4,67.3,52.5,估值相对占优
sz002179,002179,sz,中航光电,33.01,-4.1,1.47,1.49,36.11,3.0,-7.84,-7.01,-3.14,-9.36,-5.39,1033290000.0,69329000000.0,69203000000.0,47.3,20.5,37.3,84.2,79.9,5.7,85.2,成交活跃、量比与换手适中、市值稳定性较高
sz000830,000830,sz,鲁西化工,11.79,-1.01,1.23,0.88,24.1,1.18,-1.91,-8.6,-5.15,-7.82,-27.98,276560000.0,22452000000.0,22450000000.0,47.3,20.5,67.7,47.7,64.3,49.9,58.9,估值因子相对较强
sh600862,600862,sh,中航高科,17.51,0.75,0.69,0.85,26.4,3.2,-3.1,-6.06,-3.42,-0.5,-25.2,169090000.0,24392000000.0,24392000000.0,47.3,40.6,43.1,26.2,59.4,75.0,62.0,估值因子相对较强
sh600133,600133,sh,东湖高新,8.24,0.0,1.28,0.94,41.66,0.99,-3.63,-2.37,5.51,-1.13,-7.56,112140000.0,8786000000.0,8786000000.0,47.2,56.9,56.5,4.7,66.0,64.3,18.3,趋势因子相对较强
sh603067,603067,sh,振华股份,32.64,-4.51,2.95,0.72,37.18,6.61,-10.62,-7.59,6.35,-6.48,13.93,728310000.0,24660000000.0,24660000000.0,47.1,45.8,22.1,77.2,74.2,0.0,62.6,成交活跃、量比与换手适中
sz002317,002317,sz,众生药业,25.34,-3.17,3.32,0.69,73.51,5.4,-10.27,-8.78,-9.37,7.65,34.93,644430000.0,21537000000.0,19299000000.0,47.1,49.2,11.1,74.1,76.4,19.0,56.1,成交活跃、量比与换手适中
sh688380,688380,sh,中微半导,41.49,-1.4,3.33,0.7,44.98,5.15,-11.82,3.47,6.99,-9.8,30.26,553790000.0,16611000000.000002,16611000000.000002,47.1,38.9,21.5,71.1,76.7,44.3,45.5,成交活跃、量比与换手适中
sz300531,300531,sz,优博讯,16.36,1.61,2.86,1.2,49.83,3.72,-2.33,-4.55,0.25,5.88,-8.91,144680000.0,5253000000.0,5098000000.0,47.1,59.9,25.3,16.9,84.3,87.3,1.1,量比与换手适中
sh603816,603816,sh,顾家家居,24.78,-0.2,0.62,0.75,12.98,1.94,5.0,-0.28,4.42,-10.54,-15.6,125770000.0,22940000000.0,20218000000.0,47.1,33.6,74.8,9.7,56.6,61.4,59.9,估值相对占优
sh600226,600226,sh,亨通股份,6.06,-2.42,3.53,0.68,88.95,4.86,-6.77,0.17,5.57,-5.16,13.7,632740000.0,18025000000.0,18025000000.0,47.0,48.2,9.8,73.7,77.9,29.7,48.6,成交活跃、量比与换手适中
sh600078,600078,sh,澄星股份,10.83,2.36,3.77,1.01,68.44,4.07,-2.61,-5.99,14.6,-11.59,12.93,265630000.0,7361000000.0,7176000000.000001,47.0,42.2,17.1,46.3,87.2,98.0,11.5,量比与换手适中
sh605111,605111,sh,新洁能,59.5,-2.54,5.36,0.92,65.05,5.8,-5.48,6.86,5.76,-10.42,67.42,1338550000.0,24712000000.0,24712000000.0,46.9,35.8,12.3,87.7,76.3,28.0,62.7,成交活跃、量比与换手适中
sz300497,300497,sz,富祥股份,17.02,-1.45,4.86,0.71,71.16,3.92,-10.14,-10.33,-5.39,11.61,13.01,377500000.0,9168000000.0,7766000000.0,46.9,56.3,17.1,58.9,75.5,43.6,20.1,量比与换手适中
sz002448,002448,sz,中原内配,12.37,-3.06,3.18,0.52,14.66,1.91,-9.24,0.65,3.6,-6.29,-2.83,228000000.0,7279000000.000001,7181000000.0,46.9,42.1,72.4,39.2,71.5,20.6,10.9,估值相对占优、量比与换手适中
sz000950,000950,sz,重药控股,5.41,-1.28,2.05,0.43,21.44,0.8,-10.13,-1.81,1.31,-6.4,-6.09,190750000.0,9266000000.0,9266000000.0,46.8,37.4,75.5,31.5,60.6,46.0,21.1,估值相对占优
sh600335,600335,sh,国机汽车,5.04,-4.18,3.14,2.37,16.08,0.64,-0.59,-2.33,1.82,-6.98,-21.59,236820000.0,7497000000.0,7497000000.0,46.7,36.4,84.7,40.4,73.7,4.6,12.5,估值相对占优、量比与换手适中
sz002252,002252,sz,上海莱士,4.81,-0.21,0.66,0.76,23.9,0.99,-2.83,-4.18,-5.13,-8.85,-23.55,208860000.0,31711000000.0,31689999999.999996,46.7,18.3,70.3,36.0,57.1,61.3,70.5,估值相对占优、市值稳定性较高
sz002797,002797,sz,第一创业,6.33,0.16,0.74,0.89,25.49,1.54,-2.91,-3.65,-2.31,-8.63,-6.88,197760000.0,26601000000.0,26601000000.0,46.7,23.5,61.9,33.4,60.7,66.6,65.2,估值因子相对较强
sh603217,603217,sh,元利科技,25.81,-2.6,2.1,0.86,25.92,1.58,-3.48,3.41,36.34,-2.6,1.94,113570000.0,5371000000.0,5371000000.0,46.7,67.9,60.4,5.1,70.7,27.1,2.1,量比与换手适中
sh603233,603233,sh,大参林,17.36,-1.7,0.53,1.0,15.37,2.77,-2.31,-4.77,-6.72,8.43,1.34,105940000.0,19771000000.0,19771000000.0,46.7,51.6,62.1,2.3,61.5,40.0,52.3,估值因子相对较强
sh601611,601611,sh,中国核建,10.56,-1.4,0.73,0.78,27.19,1.42,-6.71,-11.34,2.82,-11.85,-21.37,233150000.0,31826000000.0,31826000000.0,46.6,26.8,61.3,40.1,58.1,44.3,70.7,市值稳定性较高
sz002635,002635,sz,安洁科技,15.4,-1.28,3.68,0.67,88.42,1.77,-6.78,1.52,14.58,-7.45,12.33,223450000.0,10159000000.0,6091000000.0,46.6,51.6,32.4,38.3,78.8,46.0,25.1,量比与换手适中
sh603019,603019,sh,中科曙光,82.18,-2.29,2.01,0.78,49.57,5.21,-9.25,-4.71,-15.05,-6.44,-3.53,2415230000.0,120239000000.00002,120233999999.99998,46.5,20.1,19.0,94.8,68.2,31.6,90.9,成交活跃、市值稳定性较高
sh601969,601969,sh,海南矿业,9.37,-0.95,0.76,1.01,39.45,2.73,0.32,0.0,8.83,-3.0,-20.59,140570000.0,18595000000.0,18482000000.0,46.5,57.3,37.3,15.4,63.5,50.7,49.9,趋势因子相对较强
sz000823,000823,sz,超声电子,14.65,-2.98,6.21,0.77,39.42,1.56,-6.81,-1.81,7.72,-9.9,9.66,537760000.0,8716000000.0,8716000000.0,46.4,39.9,50.4,69.9,66.2,21.7,18.0,流动性因子相对较强
sz000021,000021,sz,深科技,36.79,-2.93,4.42,0.6,48.31,4.45,-13.64,-8.48,-16.29,-7.03,46.81,2552420000.0,57921000000.0,57913000000.0,46.3,18.1,22.6,95.3,76.5,22.4,83.1,成交活跃、量比与换手适中、市值稳定性较高
sz000680,000680,sz,山推股份,10.25,0.59,0.95,0.76,11.65,2.31,-1.16,-10.09,-3.3,-3.86,-13.66,128780000.0,15376000000.0,13474000000.0,46.3,33.0,72.4,10.5,59.4,72.7,41.2,估值相对占优
sh603713,603713,sh,密尔克卫,63.6,-4.03,1.09,0.61,16.87,2.28,-4.48,-5.48,-0.61,14.76,16.12,122690000.0,11069000000.0,11069000000.0,46.3,66.6,64.7,8.5,57.1,6.7,29.0,趋势因子相对较强
sz300679,300679,sz,电连技术,50.2,-2.43,7.58,0.7,91.34,4.35,-1.9,22.83,19.13,-10.32,3.62,1363320000.0,21326000000.0,18044000000.0,46.2,47.2,11.1,88.2,53.9,29.6,55.2,成交活跃
sz300697,300697,sz,电工合金,15.7,-3.21,6.08,1.13,33.8,5.23,4.25,5.8,19.21,-4.09,-5.54,319440000.0,6792000000.0,5200000000.0,46.2,61.5,28.0,54.1,75.3,18.4,9.0,量比与换手适中
sz300596,300596,sz,利安隆,42.62,-1.57,1.65,0.61,17.71,1.96,-2.23,-1.11,9.42,-8.25,2.06,160280000.0,9786000000.0,9786000000.0,46.2,44.8,66.9,24.0,61.5,41.9,23.1,估值因子相对较强
sz002695,002695,sz,煌上煌,11.2,0.45,1.93,1.11,68.92,2.24,-1.93,-0.8,30.84,-2.35,-3.78,110260000.0,6267000000.0,5728000000.0,46.2,68.2,30.8,3.5,75.0,70.7,7.0,量比与换手适中
sz300505,300505,sz,川金诺,18.76,-2.65,6.63,0.46,12.19,1.81,-6.01,-4.04,11.01,-10.92,-14.69,270510000.0,5157000000.0,4078000000.0,46.1,41.3,77.8,47.2,55.9,26.4,0.5,估值相对占优
sz002170,002170,sz,芭田股份,11.12,-0.98,1.74,0.8,10.64,3.09,-1.68,-4.88,-0.63,-3.22,-4.22,152900000.0,10791000000.0,8772000000.0,46.1,39.5,67.3,20.0,66.5,50.3,27.8,估值因子相对较强
sh600566,600566,sh,济川药业,24.4,0.04,0.63,0.76,12.94,1.68,0.62,-5.76,-9.46,-5.39,-0.65,142550000.0,22484000000.0,22416000000.0,46.1,23.7,78.0,16.0,56.9,64.9,59.1,估值相对占优
sh603155,603155,sh,新亚强,13.82,0.51,1.93,1.0,66.53,2.96,-4.56,-1.99,0.95,14.51,19.43,121290000.0,6328000000.0,6328000000.0,46.1,70.6,25.1,7.9,72.5,71.6,7.2,中期趋势靠前、量比与换手适中
sz002399,002399,sz,海普瑞,10.0,-4.49,1.0,1.3,38.57,1.23,-5.3,-8.76,4.82,2.09,-14.13,127330000.0,14672999999.999998,12472000000.0,46.0,62.3,55.0,9.9,71.9,0.1,40.1,量比与换手适中
sh688305,688305,sh,科德数控,62.08,-1.79,2.83,0.59,91.38,4.37,-11.19,1.01,16.25,0.42,0.8,230860000.0,8229000000.000001,8208000000.0,45.7,71.7,10.9,40.0,70.3,38.7,16.0,中期趋势靠前、量比与换手适中
sz002683,002683,sz,广东宏大,29.32,-1.58,0.99,0.62,23.04,3.33,-4.81,1.77,7.99,-8.52,-38.08,195090000.0,22280000000.0,19544000000.0,45.7,43.3,46.5,32.8,56.6,41.7,58.3,估值因子相对较强
sh601865,601865,sh,福莱特,10.28,-2.65,0.8,0.74,26.39,1.11,-3.56,-8.05,7.98,-10.69,-33.76,159120000.0,24085000000.0,19543000000.0,45.7,38.4,65.9,23.8,57.8,26.4,61.3,估值因子相对较强
sz000045,000045,sz,深纺织Ａ,10.55,1.74,2.24,1.66,76.6,1.79,4.87,5.18,16.57,-6.07,-13.33,108060000.0,5344000000.0,4822000000.0,45.7,56.5,34.4,2.6,82.6,89.1,1.9,量比与换手适中
sz001359,001359,sz,平安电工,88.68,-3.61,6.88,0.79,92.54,10.36,-3.71,1.13,-0.66,18.36,63.29,367850000.0,21386000000.0,5347000000.0,45.6,68.1,2.4,57.9,61.4,12.7,55.4,趋势因子相对较强
sh688112,688112,sh,鼎阳科技,68.21,-4.08,2.7,0.66,69.12,6.85,17.22,34.25,33.8,-0.19,85.4,294870000.0,10886000000.0,10886000000.0,45.6,73.2,9.2,51.5,70.9,6.0,28.2,中期趋势靠前、量比与换手适中
sh688678,688678,sh,福立旺,19.54,0.72,3.73,0.84,90.91,3.41,-3.08,8.56,18.35,-11.42,13.6,290160000.0,7877000000.0,7877000000.0,45.6,44.4,16.7,50.3,83.0,74.6,14.6,量比与换手适中
sz002953,002953,sz,日丰股份,10.5,-2.96,9.09,1.06,32.94,2.36,8.36,5.74,8.92,0.57,-7.74,266250000.0,5162000000.0,2849000000.0,45.6,65.8,45.5,46.6,50.1,22.0,0.7,趋势因子相对较强
sz002145,002145,sz,钛能化学,4.3,0.0,0.8,0.81,31.64,1.24,-4.23,-5.7,-4.02,-0.02,-11.54,130460000.0,16369000000.0,16368000000.0,45.6,40.5,60.0,11.3,59.3,64.3,44.6,估值因子相对较强
sz301091,301091,sz,深城交,18.44,1.15,1.15,1.01,89.11,4.01,-3.51,-9.03,20.84,0.28,-31.01,111340000.0,9723000000.0,9723000000.0,45.4,72.8,12.9,4.3,66.6,80.7,22.8,中期趋势靠前
sz300003,300003,sz,乐普医疗,11.71,-3.78,1.97,0.87,28.01,1.32,-7.94,-10.68,-7.87,-5.92,-25.16,364340000.0,21587000000.0,18489000000.0,45.2,23.3,62.0,57.6,69.9,10.3,56.6,估值因子相对较强
sz300976,300976,sz,达瑞电子,57.34,-1.14,4.28,0.78,34.33,2.92,-4.75,0.72,2.89,-9.39,34.75,294550000.0,10730000000.0,6902000000.0,45.2,32.5,39.9,51.1,81.6,48.0,27.2,量比与换手适中
sz002653,002653,sz,海思科,64.16,-3.59,0.85,0.71,95.36,12.67,-8.49,-8.71,-5.02,24.41,25.67,294040000.0,73200000000.0,34440000000.0,45.2,62.7,1.3,50.9,57.5,13.0,85.9,市值稳定性较高
sh600230,600230,sh,沧州大化,14.44,-1.23,2.22,0.64,55.24,1.46,-3.86,-9.35,11.94,-1.55,-5.23,133240000.0,5978000000.0,5978000000.0,45.2,63.8,44.8,12.6,66.7,46.7,5.5,趋势因子相对较强
sz300811,300811,sz,铂科新材,74.28,-3.91,3.81,0.96,69.98,9.84,-7.7,5.39,13.93,-14.33,46.24,945090000.0,30294000000.0,24865000000.0,45.1,35.4,7.1,82.3,86.4,8.4,69.0,成交活跃、量比与换手适中
sz002895,002895,sz,川恒股份,33.01,-2.05,1.04,0.65,15.57,2.7,-4.57,-6.65,-4.46,-3.2,-6.11,207160000.0,20000000000.0,19785000000.0,45.1,32.6,62.7,35.7,57.6,35.0,53.0,估值因子相对较强
sh603393,603393,sh,新天然气,24.18,-0.78,1.98,0.67,17.95,1.06,1.85,-8.65,-2.5,-9.06,-9.06,201490000.0,10250000000.0,10250000000.0,45.1,22.1,78.0,34.8,65.5,53.1,25.4,估值相对占优
sz002773,002773,sz,康弘药业,20.48,-2.98,1.13,0.72,17.63,2.11,-8.2,-10.41,-5.49,0.89,-30.03,159000000.0,18869000000.0,14065000000.0,45.1,41.1,64.9,23.5,59.9,21.7,50.9,估值因子相对较强
sh601375,601375,sh,中原证券,3.99,0.0,0.76,0.94,35.52,1.28,-2.68,-3.11,-1.92,-0.7,-6.73,104010000.0,18525000000.0,13756000000.0,45.1,42.8,56.5,1.7,61.9,64.3,49.5,估值因子相对较强
sz301382,301382,sz,蜂助手,39.72,-2.91,4.77,0.89,73.26,5.98,-13.41,2.56,8.23,-3.99,12.24,445740000.0,11333000000.0,9388000000.0,45.0,54.3,9.4,63.5,80.2,22.7,29.7,量比与换手适中
sz300226,300226,sz,上海钢联,16.07,2.16,2.55,1.8,28.07,2.68,-2.61,-4.29,6.71,-11.34,-23.08,151380000.0,6146000000.0,5909000000.0,45.0,35.0,46.2,18.9,81.9,95.1,6.3,量比与换手适中
sz002472,002472,sz,双环传动,35.23,-2.36,1.84,0.54,23.59,2.97,-8.85,-8.52,-3.11,-9.55,-25.25,487060000.0,29945000000.0,26373000000.0,44.9,20.2,49.0,65.9,61.4,30.6,68.7,流动性因子相对较强
sz000795,000795,sz,英洛华,8.56,1.78,1.16,1.29,38.15,3.88,-0.47,-2.06,4.14,-1.71,-13.09,110650000.0,9555000000.0,9555000000.0,44.8,53.8,29.9,3.9,73.0,89.7,22.0,量比与换手适中
sh688456,688456,sh,有研粉材,80.78,-2.56,5.53,0.59,93.16,6.63,-13.42,-4.05,3.5,5.1,4.28,459460000.0,8373999999.999999,8373999999.999999,44.7,65.1,4.7,64.2,67.5,27.7,16.6,趋势因子相对较强
sz002611,002611,sz,东方精工,14.46,-3.28,1.9,0.59,4.22,1.91,-7.72,-9.34,-1.83,-12.58,-23.81,277240000.0,17602000000.0,14516999999.999998,44.7,15.7,84.0,47.9,63.0,17.4,48.2,估值相对占优
sz301571,301571,sz,国科天成,64.91,-0.93,2.21,0.82,53.96,5.7,-6.1,-4.54,0.14,8.03,12.76,171300000.0,11647000000.0,7734999999.999999,44.7,62.6,15.7,26.6,70.6,51.0,30.6,量比与换手适中
sh603406,603406,sh,天富龙,28.63,-1.82,6.07,0.69,24.41,2.43,6.55,4.83,8.41,-2.78,-29.66,103910000.0,11452000000.0,1680999999.9999998,44.7,57.7,52.2,1.6,65.5,38.3,30.2,趋势因子相对较强
sz002779,002779,sz,中坚科技,73.38,-1.83,1.3,0.63,85.28,14.92,-3.71,-1.38,25.12,4.52,-35.28,156980000.0,13561000000.000002,12167000000.0,44.6,81.1,2.6,22.1,59.2,38.1,37.0,中期趋势靠前
sz300592,300592,sz,华凯易佰,14.7,-1.41,2.63,0.69,24.65,2.56,-11.45,-11.23,-21.73,22.56,38.5,132160000.0,5751000000.0,5055000000.0,44.6,57.2,50.9,12.0,71.0,44.1,4.2,量比与换手适中
sh600736,600736,sh,苏州高新,6.64,-0.45,1.48,0.72,35.41,1.03,-3.35,-0.75,8.32,-5.57,-1.51,112280000.0,7645000000.0,7645000000.0,44.6,51.2,59.6,4.8,62.6,57.9,13.7,估值因子相对较强
sh600685,600685,sh,中船防务,25.6,0.04,0.82,0.82,29.66,2.01,-3.18,-5.4,-1.58,-8.88,-9.59,173070000.0,36186000000.0,21029000000.0,44.5,24.2,51.5,27.2,59.7,64.9,73.7,市值稳定性较高
sz302132,302132,sz,中航成飞,56.7,-0.25,1.01,0.75,46.93,7.25,-4.55,-5.15,-0.37,-8.41,-27.88,336670000.0,151508000000.0,33230000000.0,44.4,27.9,16.7,55.8,59.6,60.7,93.2,市值稳定性较高
sh603501,603501,sh,豪威集团,82.5,-3.87,1.59,1.18,28.18,3.17,-10.46,-7.45,-13.44,-13.07,-34.42,1598210000.0,103760999999.99998,99574000000.0,44.3,4.7,41.9,90.5,73.9,9.0,89.8,成交活跃、量比与换手适中、市值稳定性较高
sz002056,002056,sz,横店东磁,21.31,-1.02,1.28,0.79,19.48,3.27,-8.3,-2.69,-3.79,-13.44,12.7,442520000.0,34665000000.0,34629000000.0,44.3,9.5,52.1,62.8,62.7,49.7,72.8,市值稳定性较高
sh600829,600829,sh,人民同泰,9.22,-4.16,4.19,0.46,37.58,1.73,-20.1,-12.52,-1.6,5.86,-14.71,227310000.0,5347000000.0,5347000000.0,44.3,55.7,48.9,38.9,75.1,4.9,2.0,量比与换手适中
sh601858,601858,sh,中国科传,21.74,-1.5,1.06,0.83,35.31,3.14,-9.68,-15.93,23.45,-10.84,21.83,182600000.0,17185000000.0,17185000000.0,44.3,47.2,36.8,30.1,61.8,42.9,47.1,趋势因子相对较强
sh688475,688475,sh,萤石网络,29.08,-1.46,0.54,1.07,33.99,3.89,-2.81,-7.06,0.24,3.01,-2.12,124410000.0,22900000000.0,22900000000.0,44.3,55.1,33.2,9.0,63.1,43.4,59.7,趋势因子相对较强
sz300726,300726,sz,宏达电子,52.3,-1.02,5.69,1.08,48.94,4.49,-9.04,-3.93,2.75,-14.29,4.79,650450000.0,21539000000.0,11215000000.0,44.2,21.2,22.0,74.8,77.3,49.7,56.2,成交活跃、量比与换手适中
sz002430,002430,sz,杭氧股份,22.86,-1.38,0.94,0.75,22.64,2.29,-3.5,-4.71,-2.31,-6.85,-22.69,210890000.0,22365000000.0,22356000000.0,44.1,27.8,55.9,36.1,59.1,44.6,58.4,估值因子相对较强
sz002546,002546,sz,新联电子,7.82,-1.88,1.61,0.55,7.73,1.57,-9.28,-9.49,-7.46,3.85,13.83,100480000.0,6522000000.0,6266000000.0,43.9,44.1,85.7,0.3,59.8,37.4,7.8,估值相对占优
sh688385,688385,sh,复旦微电,52.53,-2.0,2.37,0.77,48.73,6.2,-7.52,-4.8,2.22,-12.96,-28.67,671700000.0,43270000000.0,28333999999.999996,43.8,23.5,17.2,75.3,70.8,35.7,78.7,成交活跃、量比与换手适中、市值稳定性较高
sz002185,002185,sz,华天科技,16.88,-3.1,5.95,0.71,43.28,2.95,-11.16,-6.53,-9.2,-12.62,54.18,3351640000.0,56155999999.99999,56142999999.99999,43.7,6.7,34.0,97.2,66.9,20.0,82.4,成交活跃、市值稳定性较高
sz300127,300127,sz,银河磁体,25.05,1.38,2.68,1.53,38.39,5.39,-2.76,-4.5,10.45,-10.7,-16.3,157340000.0,8095000000.0,5827000000.0,43.7,40.7,24.1,22.7,89.0,84.0,15.2,量比与换手适中
sz300761,300761,sz,立华股份,18.41,-1.92,1.91,1.31,43.64,1.7,0.0,-5.1,0.16,-8.45,-10.2,223960000.0,15581000000.0,11907000000.0,43.6,29.0,46.4,38.5,79.3,36.9,42.1,量比与换手适中
sz000523,000523,sz,红棉股份,3.07,-3.46,7.87,0.9,49.03,2.88,3.72,3.37,12.45,-2.23,-18.57,327100000.0,5635000000.0,4068000000.0,43.5,62.5,31.7,54.4,56.1,14.9,3.8,趋势因子相对较强
sh688689,688689,sh,银河微电,39.4,-2.31,3.61,0.68,56.56,4.17,-6.03,-2.11,5.09,2.33,40.05,205620000.0,5709000000.0,5709000000.0,43.5,63.2,19.8,35.3,78.5,31.3,4.0,量比与换手适中
sh600600,600600,sh,青岛啤酒,50.72,-0.2,0.52,0.78,14.79,2.37,-2.67,-5.83,-4.45,-13.73,-13.81,187630000.0,69192000000.0,35967000000.0,43.5,8.1,66.6,31.0,56.5,61.4,85.1,市值稳定性较高
sh605020,605020,sh,永和股份,31.32,-3.12,1.98,0.72,19.92,2.65,-11.0,-12.76,-6.06,-5.55,18.46,313720000.0,15999000000.0,15752000000.000002,43.4,25.7,57.0,53.3,66.6,19.7,43.8,估值因子相对较强
sz300573,300573,sz,兴齐眼药,38.52,-3.09,2.31,0.77,18.07,7.44,-6.39,-10.31,-3.82,0.21,-19.39,243870000.0,13671000000.0,10477000000.0,43.2,41.3,40.7,42.1,70.3,20.1,37.6,量比与换手适中
sz301580,301580,sz,爱迪特,48.96,-4.64,4.61,0.76,35.95,3.45,-12.9,-12.21,-6.88,18.98,56.71,227710000.0,7304000000.000001,4935000000.0,43.2,58.8,33.8,39.1,78.6,0.0,11.1,量比与换手适中
sz000990,000990,sz,诚志股份,6.31,-1.25,2.01,0.74,55.7,0.6,-5.11,-8.82,0.73,-7.79,11.54,217620000.0,10735000000.0,10735000000.0,43.2,31.6,53.5,36.6,67.3,46.4,27.4,估值因子相对较强
sh603733,603733,sh,仙鹤股份,21.14,-2.04,0.85,0.61,16.82,2.02,-3.95,0.24,-1.12,-4.56,-9.93,147090000.0,17277000000.0,17277000000.0,43.2,35.4,67.4,17.2,55.2,35.1,47.4,估值因子相对较强
sz301207,301207,sz,华兰疫苗,17.08,-4.31,2.27,1.06,54.75,1.95,-5.43,-6.31,1.36,-0.86,-4.25,239190000.0,10266000000.0,10259000000.0,43.1,49.8,38.3,41.1,76.5,2.7,25.6,量比与换手适中
sh600570,600570,sh,恒生电子,21.14,-0.8,0.79,0.72,29.91,4.17,-4.39,-8.37,0.48,-12.17,-29.42,317320000.0,40032000000.0,40032000000.0,42.9,21.6,34.3,53.7,57.2,52.9,76.8,市值稳定性较高
sh688029,688029,sh,南微医学,73.85,-0.39,1.31,1.02,24.96,3.42,0.93,1.37,1.93,-8.73,-8.34,184200000.0,13872999999.999998,13872999999.999998,42.9,32.2,44.0,30.3,68.1,58.7,38.4,估值因子相对较强
sz002384,002384,sz,东山精密,193.6,-3.72,5.61,1.28,98.91,14.55,-11.05,4.12,-8.64,-9.13,128.71,15219490000.0,354599000000.0,268392000000.0,42.8,14.7,0.5,100.0,82.4,11.1,98.1,成交活跃、量比与换手适中、市值稳定性较高
sh600596,600596,sh,新安股份,10.38,-2.26,2.29,0.94,66.71,1.13,-7.32,-6.99,3.18,-13.14,-8.71,323520000.0,14009000000.0,14009000000.0,42.8,24.9,45.1,54.2,74.0,32.0,38.9,量比与换手适中
sz002824,002824,sz,和胜股份,23.98,0.13,5.96,0.8,37.38,3.18,-7.7,3.1,2.04,-8.82,24.7,318900000.0,7462000000.0,5424000000.0,42.8,32.0,34.7,54.0,68.9,66.1,12.1,流动性因子相对较强
sz300797,300797,sz,钢研纳克,13.94,-3.86,2.72,0.67,30.6,3.94,-2.99,4.58,20.69,-0.01,-17.13,145220000.0,5335000000.0,5321000000.0,42.8,71.7,34.9,17.0,71.3,9.1,1.5,中期趋势靠前、量比与换手适中
sz002463,002463,sz,沪电股份,115.57,-4.65,2.18,0.97,51.7,14.05,-7.61,-5.81,-1.64,-12.47,59.25,4843210000.0,222398999999.99997,222219000000.0,42.7,16.3,11.6,98.5,73.8,0.0,96.1,成交活跃、量比与换手适中、市值稳定性较高
sz001356,001356,sz,富岭股份,9.45,3.85,6.36,1.33,78.1,2.76,-0.74,7.39,13.58,-5.95,-26.68,125010000.0,5569000000.0,2001000000.0000002,42.7,54.7,24.1,9.4,77.6,80.7,3.2,量比与换手适中
sz002294,002294,sz,信立泰,31.62,-3.24,1.81,0.73,52.11,4.13,-9.97,-12.26,-5.1,-5.39,-35.47,642670000.0,35250000000.0,35243000000.0,42.6,27.3,21.9,74.0,65.5,18.0,73.2,成交活跃、市值稳定性较高
sz301215,301215,sz,中汽股份,5.35,2.49,1.89,2.99,28.69,2.38,2.29,0.56,5.52,-7.42,-21.2,133150000.0,7083000000.0,7075000000.0,42.6,42.1,48.0,12.5,49.9,99.9,10.2,估值因子相对较强
sh603193,603193,sh,润本股份,20.68,-1.34,5.38,1.42,23.77,3.57,-1.62,-2.08,5.67,-6.47,-13.73,117690000.0,8367000000.0,2137000000.0,42.6,45.2,44.0,6.4,87.4,45.1,16.4,量比与换手适中
sz300400,300400,sz,劲拓股份,27.97,-1.31,3.44,0.75,80.24,9.55,-8.86,-9.48,20.66,-4.7,44.25,230520000.0,6806000000.0,6783000000.0,42.5,60.8,4.8,39.9,78.7,45.6,9.1,量比与换手适中
sh600273,600273,sh,嘉化能源,6.54,-2.97,2.34,2.15,13.7,0.86,-4.66,-5.63,-3.68,-10.41,-23.0,199710000.0,8576000000.000001,8576000000.000001,42.4,17.1,87.0,34.1,72.3,21.9,17.3,估值相对占优、量比与换手适中
sz002119,002119,sz,康强电子,23.04,-1.96,6.04,0.6,71.87,6.01,-9.29,-3.6,0.61,0.17,40.23,518520000.0,8647000000.0,8647000000.0,42.3,50.5,9.5,68.5,63.7,36.3,17.9,流动性因子相对较强
sh688401,688401,sh,路维光电,69.02,1.28,2.32,0.8,52.29,5.48,-7.36,-1.22,3.32,-12.26,42.57,303620000.0,14175000000.0,13344999999.999998,42.3,27.2,17.2,52.3,71.1,82.6,39.2,量比与换手适中
sh603605,603605,sh,珀莱雅,56.56,-0.77,0.76,0.7,15.19,3.81,-0.55,-4.18,-3.71,-6.7,-15.95,171710000.0,22396000000.0,22396000000.0,42.3,25.5,54.9,26.8,56.5,53.3,58.7,估值因子相对较强
sh600872,600872,sh,中炬高新,18.18,-1.03,1.11,0.76,20.27,2.53,-3.66,-7.06,-2.26,-5.26,6.25,156210000.0,14077000000.000002,14016999999.999998,42.3,32.2,57.4,21.5,60.6,49.6,39.1,估值因子相对较强
sh603367,603367,sh,辰欣药业,13.61,-3.48,2.2,0.74,15.09,0.99,-9.15,-8.66,-4.42,-1.38,-20.69,136870000.0,6162000000.0,6162000000.0,42.2,37.3,82.7,13.8,68.8,14.6,6.6,估值相对占优
sh600499,600499,sh,科达制造,13.96,-1.83,1.1,0.77,17.29,2.13,-1.41,-1.83,-9.0,-12.97,2.87,296410000.0,26773000000.0,26773000000.0,42.1,6.1,65.3,51.8,60.8,38.1,65.4,估值因子相对较强
sz300039,300039,sz,上海凯宝,5.29,-4.51,4.47,0.66,21.35,1.21,-14.12,-9.42,-9.26,-0.56,-10.79,218630000.0,5533000000.0,4851000000.0,42.0,34.6,70.9,37.0,77.4,0.0,3.0,估值相对占优、量比与换手适中
sz000738,000738,sz,航发控制,17.82,-0.22,0.88,1.04,96.52,1.86,-4.76,-4.91,-2.09,-6.52,-16.07,206650000.0,23437000000.0,23437000000.0,42.0,29.0,30.1,35.6,65.1,61.1,60.7,流动性因子相对较强
sz000629,000629,sz,钒钛股份,3.04,-0.33,1.01,1.15,86.27,2.25,-1.62,-5.0,-1.3,-11.11,-1.94,287530000.0,28244000000.0,28243000000.0,41.9,20.0,27.1,50.1,68.6,59.6,67.1,流动性因子相对较强
sz301177,301177,sz,迪阿股份,24.59,6.04,1.26,2.77,63.11,1.61,5.4,2.76,14.64,-4.06,-13.32,121600000.0,9843000000.0,9836000000.0,41.9,59.7,39.9,8.1,49.9,49.4,23.6,趋势因子相对较强
sh688018,688018,sh,乐鑫科技,108.31,-3.48,1.56,0.88,44.47,5.39,-5.32,-2.42,3.91,-9.26,-10.54,397130000.0,25386000000.0,25386000000.0,41.8,35.4,21.2,60.3,66.9,14.6,64.0,流动性因子相对较强
sz000719,000719,sz,中原传媒,11.7,-2.9,1.54,2.39,8.87,0.99,-3.86,-5.34,-4.26,-6.4,5.41,120450000.0,11971000000.0,7806000000.0,41.8,25.8,92.0,7.7,60.6,22.9,31.4,估值相对占优
sz002156,002156,sz,通富微电,61.24,-4.13,6.02,0.65,64.26,5.98,-11.58,-3.1,-20.13,-7.21,62.79,5592670000.0,92938000000.0,92929000000.0,41.7,17.7,12.0,98.7,65.0,5.3,89.1,成交活跃、市值稳定性较高
sz002020,002020,sz,京新药业,12.69,-3.72,1.91,0.73,14.38,1.88,-9.49,-10.82,-8.31,-3.17,-31.94,177210000.0,10926000000.0,9187000000.0,41.7,29.3,73.2,29.1,66.3,11.1,28.5,估值相对占优
sz300144,300144,sz,宋城演艺,5.8,-2.85,1.66,1.72,19.93,2.12,-3.65,-6.45,-3.81,-10.65,-26.96,248580000.0,15131000000.0,14972999999.999998,41.6,16.1,61.5,43.4,76.7,23.6,40.9,量比与换手适中
sh600765,600765,sh,中航重机,13.17,0.53,0.63,0.87,35.93,1.43,-2.88,-5.25,-2.44,-7.64,-31.23,128940000.0,20446000000.0,20446000000.0,41.6,25.5,54.4,10.7,59.3,71.9,54.0,估值因子相对较强
sz000948,000948,sz,南天信息,13.69,-1.65,2.04,0.74,97.5,1.95,-4.6,-9.99,7.04,4.42,-23.6,108930000.0,5338000000.0,5327000000.0,41.6,70.0,28.7,3.0,67.5,40.7,1.7,中期趋势靠前
sh688271,688271,sh,联影医疗,105.4,-0.57,0.58,0.83,49.12,3.94,-2.23,-6.48,-4.57,-12.25,-15.9,502140000.0,86866000000.0,86866000000.0,41.5,11.6,24.2,67.2,58.1,56.1,87.7,市值稳定性较高
sz002979,002979,sz,雷赛智能,54.15,-2.29,4.02,0.57,70.81,9.47,-12.31,-7.99,-9.98,-0.22,29.48,485550000.0,17113000000.0,12064000000.0,41.5,35.1,7.1,65.8,78.9,31.6,47.0,量比与换手适中
sh601360,601360,sh,三六零,8.57,-2.17,0.98,0.77,78.88,2.12,-8.44,-10.82,-1.04,-14.3,-22.58,590710000.0,59986000000.0,59986000000.0,41.4,13.0,29.3,72.9,59.8,33.3,84.0,成交活跃、市值稳定性较高
sh603858,603858,sh,步长制药,15.18,-2.19,0.74,0.81,42.81,1.6,-5.71,-4.35,-3.5,2.92,-1.81,119680000.0,16008000000.000002,16008000000.000002,41.4,47.1,48.3,7.4,58.9,33.0,43.9,估值因子相对较强
sh603045,603045,sh,福达合金,56.33,-1.59,12.39,2.08,25.93,6.19,-1.04,2.07,7.5,-9.22,188.84,964630000.0,7630000000.0,7630000000.0,41.3,41.0,31.4,83.1,32.0,41.6,13.6,成交活跃
sz001339,001339,sz,智微智能,74.8,-4.69,4.01,0.93,53.45,9.03,-14.37,-9.22,-0.66,-6.47,90.37,487980000.0,24462000000.0,12110000000.0,41.3,32.1,12.4,66.0,87.1,0.0,62.3,量比与换手适中
sz000061,000061,sz,农 产 品,5.72,0.53,1.25,0.54,26.23,1.33,-2.05,-2.89,1.6,-10.63,-44.09,128650000.0,11354000000.0,10263000000.0,41.3,27.7,63.6,10.3,56.8,71.9,29.9,估值因子相对较强
sz000422,000422,sz,湖北宜化,12.28,0.24,1.5,0.75,18.32,2.18,-3.99,-10.1,-5.47,-11.46,-12.03,196810000.0,13356000000.0,13106000000.0,41.2,12.3,63.1,33.2,63.5,67.7,36.4,估值因子相对较强
sz000049,000049,sz,德赛电池,23.44,-1.22,2.01,0.65,22.54,1.32,-8.86,-5.79,-5.02,-7.42,-12.05,182740000.0,9016000000.0,9013000000.0,41.2,22.1,68.3,30.2,65.2,46.9,19.3,估值因子相对较强
sz300627,300627,sz,华测导航,26.98,-0.55,0.87,0.6,30.95,4.88,-7.25,-5.37,-0.15,-3.05,-21.71,154540000.0,21421000000.0,17729000000.0,41.2,41.3,30.9,20.9,55.2,56.4,55.6,趋势因子相对较强
sz301092,301092,sz,争光股份,44.7,0.56,4.89,0.97,64.17,3.1,-7.36,-1.54,1.82,-2.06,28.08,133540000.0,6014000000.0,2726000000.0,41.2,47.9,24.8,12.8,81.1,72.3,5.8,量比与换手适中
sh600475,600475,sh,华光环能,14.55,-2.87,0.79,0.56,37.13,1.65,-2.94,-0.21,13.67,-5.9,-18.82,108820000.0,13909000000.0,13719000000.0,41.2,55.0,50.3,2.8,53.6,23.3,38.7,趋势因子相对较强
sz002990,002990,sz,盛视科技,47.7,-4.7,7.21,0.91,74.39,4.85,-15.74,-15.96,0.46,2.51,69.09,474790000.0,12490000000.0,6583000000.0,41.1,54.2,12.3,65.2,61.5,0.0,33.4,流动性因子相对较强
sz300475,300475,sz,香农芯创,153.0,-3.23,4.38,0.66,38.72,14.67,-11.04,-2.32,-7.74,-15.0,6.06,2993120000.0,71840000000.0,68855000000.0,40.8,2.5,17.7,96.4,78.1,18.1,85.8,成交活跃、量比与换手适中、市值稳定性较高
sz300685,300685,sz,艾德生物,18.41,-3.05,2.64,0.8,20.18,3.85,-2.85,-1.76,8.55,-9.8,-8.02,192360000.0,7181999999.999999,7172000000.0,40.8,41.0,47.9,31.9,73.6,20.7,10.5,量比与换手适中
sh600763,600763,sh,通策医疗,34.61,-2.15,1.69,0.54,25.18,3.74,-6.59,-6.51,-0.52,-7.48,-13.93,263180000.0,15481000000.0,15481000000.0,40.7,29.7,41.6,46.0,60.2,33.6,41.7,流动性因子相对较强
sz002588,002588,sz,史丹利,7.67,-1.79,2.5,1.02,9.1,1.13,-10.81,-13.24,-10.61,-13.04,-21.01,165180000.0,8835000000.0,6586000000.0,40.7,5.3,90.2,25.2,77.4,38.7,18.4,估值相对占优、量比与换手适中
sz000915,000915,sz,华特达因,23.8,0.42,2.01,0.92,13.25,2.13,-7.79,-9.06,-4.99,-6.0,-23.32,110630000.0,5577000000.0,5572000000.0,40.7,26.0,71.4,3.8,71.3,70.3,3.4,估值相对占优、量比与换手适中
sz002065,002065,sz,东华软件,6.8,-1.59,0.91,0.58,45.03,1.78,-6.98,-8.72,0.29,-7.86,-25.27,179380000.0,21797000000.0,19774000000.0,40.6,30.4,44.9,29.3,55.0,41.6,57.0,估值因子相对较强
sz000756,000756,sz,新华制药,13.17,-2.95,2.39,0.6,35.06,1.75,-6.53,-6.79,-2.73,-0.45,-13.7,159100000.0,9175000000.0,6570999999.999999,40.6,42.0,50.8,23.6,67.1,22.1,20.3,估值因子相对较强
sz002075,002075,sz,沙钢股份,3.59,-2.97,1.72,1.19,31.64,1.18,-3.75,-9.11,3.16,-7.35,-37.29,136930000.0,7876000000.000001,7876000000.000001,40.6,38.2,60.5,14.0,75.1,21.9,14.5,量比与换手适中
sz301179,301179,sz,泽宇智能,21.22,5.99,6.22,5.14,49.5,3.44,2.27,5.47,15.58,-8.81,35.84,315850000.0,8581999999.999999,5039000000.0,40.5,49.0,27.2,53.4,37.6,50.1,17.4,流动性因子相对较强
sh688692,688692,sh,达梦数据,233.67,-2.67,1.28,0.55,46.43,7.01,-4.86,-2.44,12.17,-9.26,-10.22,221870000.0,26461000000.0,17330000000.0,40.5,45.7,17.3,37.6,57.3,26.1,64.8,趋势因子相对较强
sh600056,600056,sh,中国医药,9.17,-0.33,0.88,0.64,28.41,1.15,-3.47,-3.17,-2.34,-6.67,-10.58,120580000.0,13716999999.999998,13712000000.0,40.5,28.3,63.4,7.8,56.1,59.6,37.9,估值因子相对较强
sz002881,002881,sz,美格智能,39.96,5.57,6.72,1.79,84.37,4.47,2.3,7.56,3.36,-11.87,-10.12,489230000.0,12071000000.0,7314000000.0,40.4,28.1,11.9,66.3,72.1,56.1,31.7,量比与换手适中
sh605196,605196,sh,华通线缆,34.15,-2.98,2.02,0.92,56.56,5.15,-5.03,-0.44,12.71,-13.57,-1.7,352120000.0,17450000000.0,17326000000.0,40.3,36.2,16.3,56.9,71.4,21.7,47.7,量比与换手适中
sh603099,603099,sh,长白山,38.49,-3.12,2.3,1.12,79.02,6.99,-3.99,-4.25,3.5,-0.81,-14.48,243780000.0,10483000000.0,10483000000.0,40.2,54.1,6.7,42.0,78.1,19.7,26.2,量比与换手适中
sz002152,002152,sz,广电运通,9.51,-0.83,0.65,0.55,27.9,1.93,-3.06,-7.04,-2.46,-8.73,-29.24,154900000.0,23617000000.0,23605000000.0,40.1,23.0,54.2,21.1,52.3,52.4,61.1,估值因子相对较强
sh600285,600285,sh,羚锐制药,19.58,0.2,1.26,0.49,14.23,3.44,0.46,-12.55,-12.32,-3.45,-0.15,138770000.0,11104000000.0,11092000000.0,40.1,27.0,59.0,14.6,55.7,67.1,29.1,估值因子相对较强
sz002019,002019,sz,亿帆医药,9.84,-2.86,1.98,0.76,33.65,1.36,-5.93,-4.93,-2.09,-6.11,-17.03,165660000.0,11969000000.0,8290000000.000001,40.0,30.1,57.6,25.4,67.5,23.4,31.3,估值因子相对较强
sh600095,600095,sh,湘财股份,7.83,0.77,0.71,1.0,50.99,1.82,-2.97,-4.28,-8.31,-7.67,-29.2,158510000.0,22387000000.0,22387000000.0,40.0,18.1,41.5,23.2,62.9,75.3,58.5,估值因子相对较强
sh688139,688139,sh,海尔生物,29.0,-1.83,1.39,0.93,35.94,2.08,-0.1,-0.51,6.77,-6.85,-7.8,127740000.0,9178000000.0,9178000000.0,40.0,45.2,45.5,10.1,66.7,38.1,20.4,估值因子相对较强
sz300496,300496,sz,中科创达,55.68,-2.14,2.23,0.7,55.89,2.49,-7.18,-9.51,-4.08,-11.87,-17.28,460840000.0,25708000000.0,20577000000.0,39.9,12.8,32.0,64.4,68.1,33.7,64.3,流动性因子相对较强
sz301301,301301,sz,川宁生物,8.62,-4.43,2.6,0.61,32.53,2.46,-2.71,-4.65,0.82,-3.15,-13.51,140900000.0,19242000000.0,5344000000.0,39.9,43.6,44.5,15.7,69.0,1.0,51.5,估值因子相对较强
sz001287,001287,sz,中电港,22.25,-3.13,2.39,0.78,27.43,2.91,-10.53,-3.89,-0.58,-14.0,-1.3,405930000.0,16908000000.000002,16908000000.000002,39.8,14.8,44.9,61.1,71.2,19.6,46.3,量比与换手适中
sz300866,300866,sz,安克创新,115.43,-2.59,0.71,0.89,26.93,6.58,-2.34,-3.77,-3.18,-8.18,2.43,256010000.0,67879000000.0,35701000000.0,39.8,22.5,30.2,45.0,60.4,27.3,85.0,市值稳定性较高
sz002410,002410,sz,广联达,8.9,-1.22,1.26,0.87,35.91,2.58,-2.41,-6.71,2.18,-10.1,-27.95,176310000.0,14702000000.000002,13974000000.0,39.8,30.0,41.0,28.7,64.3,46.9,40.3,估值因子相对较强
sh688318,688318,sh,财富趋势,73.6,-3.95,1.11,0.78,86.97,6.99,-9.58,-7.79,11.03,-7.69,-21.9,294930000.0,26391000000.000004,26391000000.000004,39.7,48.1,5.2,51.7,61.1,7.9,64.7,流动性因子相对较强
sz301029,301029,sz,怡合达,24.69,-0.28,1.83,1.05,30.23,3.74,-9.53,-9.29,1.19,-13.58,-5.13,201460000.0,15697999999.999998,11181000000.0,39.7,19.9,36.6,34.6,72.8,60.3,42.6,量比与换手适中
sh688699,688699,sh,明微电子,59.15,-2.26,3.09,0.67,88.12,5.08,-11.95,-3.74,19.71,-5.66,39.14,200260000.0,6509999999.999999,6509999999.999999,39.7,58.6,9.1,34.4,74.2,32.0,7.7,量比与换手适中
sz002416,002416,sz,爱施德,9.33,0.21,1.49,1.08,58.02,2.19,-4.8,-3.52,3.09,-11.48,-22.76,169890000.0,11562000000.0,11413000000.0,39.7,28.5,33.9,26.4,70.8,67.3,30.5,量比与换手适中
sh603012,603012,sh,创力集团,8.61,-2.05,2.95,0.62,60.73,1.47,-6.62,5.9,7.09,-8.01,44.95,164220000.0,5566000000.0,5566000000.0,39.7,42.8,42.6,25.0,72.0,35.0,3.1,量比与换手适中
sz300747,300747,sz,锐科激光,35.42,-3.3,2.96,0.84,80.49,5.62,-5.95,0.25,3.84,-11.96,31.38,548190000.0,19892000000.0,18488000000.0,39.6,29.0,8.7,70.5,77.0,17.1,52.9,成交活跃、量比与换手适中
sz002568,002568,sz,百润股份,17.9,-1.38,1.12,0.78,25.64,3.73,-5.74,-10.46,1.13,-7.93,-16.79,153690000.0,18645000000.0,13641999999.999998,39.6,32.3,41.0,20.5,61.2,44.6,50.2,估值因子相对较强
sh688309,688309,sh,恒誉科技,73.0,-1.99,1.98,0.8,54.62,6.9,-3.31,3.55,7.51,5.75,204.67,114430000.0,5796000000.0,5796000000.0,39.6,72.7,13.5,5.2,68.4,35.9,4.4,中期趋势靠前
sh600360,600360,sh,华微电子,10.46,-2.43,5.06,0.68,57.12,2.87,-5.25,-2.24,2.25,-12.68,31.75,509920000.0,10045000000.0,10045000000.0,39.5,24.1,28.3,67.9,73.2,29.6,24.7,量比与换手适中
sz000034,000034,sz,神州数码,22.99,-3.04,2.55,0.58,43.15,2.09,-8.77,-5.78,-14.79,-11.03,-17.13,499630000.0,23375000000.0,19522000000.0,39.5,9.3,41.6,66.8,67.9,20.9,60.5,流动性因子相对较强
sh601567,601567,sh,三星电气,14.39,-3.03,0.95,1.15,21.24,1.76,-7.22,-10.12,-4.89,-11.21,-37.1,194240000.0,20221000000.0,20221000000.0,39.5,13.8,64.0,32.6,68.2,21.0,53.3,估值因子相对较强
sh603969,603969,sh,银龙股份,7.1,-2.74,2.1,0.96,14.23,2.09,-2.07,-5.46,0.0,-6.82,-29.28,128130000.0,6188000000.0,6046000000.0,39.5,32.6,70.3,10.2,72.9,25.1,6.7,估值相对占优、量比与换手适中
sz002106,002106,sz,莱宝高科,10.16,-0.59,1.94,0.72,34.99,1.29,-5.05,-3.05,5.18,-12.03,-6.45,137710000.0,7170999999.999999,7162000000.0,39.4,31.0,57.1,14.2,66.3,55.9,10.3,估值因子相对较强
sz002831,002831,sz,裕同科技,25.25,-1.1,0.73,0.56,20.37,2.8,-10.4,-10.78,-8.18,-6.36,27.53,131660000.0,32530000000.0,18034000000.0,39.3,22.2,54.7,11.7,53.2,48.6,71.5,市值稳定性较高
sz002270,002270,sz,华明装备,19.52,1.35,1.15,0.76,24.94,5.6,-5.56,-3.84,-1.71,-12.35,-21.39,198740000.0,17494000000.0,17494000000.0,39.1,16.3,34.5,33.7,61.0,83.6,47.8,估值因子相对较强
sz002550,002550,sz,千红制药,6.5,-3.42,2.55,0.49,28.34,3.04,-9.22,-4.83,-3.56,2.69,-15.72,159840000.0,8319000000.0,6198000000.0,39.1,46.3,43.0,23.9,65.9,15.4,16.2,趋势因子相对较强
sz002675,002675,sz,东诚药业,12.77,-2.07,1.27,0.88,52.46,2.39,-2.15,-3.18,0.79,-0.16,-6.52,121880000.0,10530000000.0,9493000000.0,39.0,50.1,34.4,8.3,64.6,34.7,26.3,趋势因子相对较强
sh600645,600645,sh,中源协和,19.23,-3.99,2.69,0.41,81.77,2.42,-10.06,-3.61,4.17,-3.37,-23.69,244560000.0,8999000000.0,8995000000.0,38.9,49.6,25.9,42.6,65.2,7.3,18.9,趋势因子相对较强
sh603328,603328,sh,依顿电子,10.64,-3.88,1.82,0.69,27.44,2.55,-5.76,-6.83,20.23,-14.62,-1.41,193970000.0,10623000000.0,10623000000.0,38.9,37.6,47.8,32.3,64.6,8.9,26.6,估值因子相对较强
sz002698,002698,sz,博实股份,12.37,-2.75,1.41,0.61,25.7,3.19,-4.85,-8.78,-3.96,0.32,-25.3,148160000.0,12649000000.0,10442000000.0,38.8,41.8,44.1,17.4,59.6,25.0,34.0,估值因子相对较强
sz300540,300540,sz,蜀道装备,28.36,-3.41,7.3,0.88,76.89,5.59,-16.78,-16.88,-6.03,9.67,42.16,427230000.0,6455000000.0,5863000000.0,38.6,53.4,9.8,61.7,60.1,15.6,7.4,流动性因子相对较强
sh603317,603317,sh,天味食品,13.43,-0.07,0.93,0.75,19.14,3.43,-8.39,-8.27,-1.1,-9.32,12.2,131600000.0,14263999999.999998,14263999999.999998,38.5,24.3,51.7,11.5,59.0,63.3,39.3,估值因子相对较强
sh688059,688059,sh,华锐精密,86.97,-4.84,3.03,0.75,35.91,5.6,-10.41,-8.11,10.27,-13.22,57.11,348120000.0,12174000000.0,11394000000.0,38.4,34.7,25.0,56.5,75.5,0.0,32.2,量比与换手适中
sh688772,688772,sh,珠海冠宇,14.4,-2.96,1.55,0.78,39.92,2.37,-3.74,-1.97,-0.96,-9.55,-32.18,258600000.0,16391000000.0,16391000000.0,38.4,24.0,40.4,45.2,64.6,22.0,44.7,流动性因子相对较强
sz300674,300674,sz,宇信科技,15.16,-4.17,2.2,1.12,25.46,2.42,-3.75,-6.82,-1.94,-8.67,-36.73,237410000.0,10674000000.0,10658000000.0,38.4,24.1,51.1,40.9,77.3,4.7,26.8,量比与换手适中
sh600776,600776,sh,东方通信,12.52,-0.16,1.27,1.07,34.38,4.19,-3.99,-3.02,5.61,-13.8,-23.87,152360000.0,15725000000.0,11969000000.0,38.3,27.8,31.0,19.6,68.9,62.0,43.1,估值因子相对较强
sh688035,688035,sh,德邦科技,65.1,-1.9,4.34,0.67,71.18,3.86,-13.37,2.39,5.15,-14.01,35.34,402960000.0,9260000000.0,9260000000.0,38.1,26.5,17.4,60.7,78.7,37.1,20.8,量比与换手适中
sh600882,600882,sh,妙可蓝多,19.83,-1.69,1.43,0.89,73.73,2.14,-4.94,-11.71,-6.99,3.39,-21.12,144040000.0,10083000000.0,10083000000.0,38.0,43.7,30.2,16.6,66.1,40.1,24.8,趋势因子相对较强
sh601890,601890,sh,亚星锚链,8.44,-0.71,1.39,0.36,23.18,2.11,-6.33,-2.2,0.36,-5.8,-17.5,112580000.0,8097000000.0,8097000000.0,38.0,36.4,56.7,5.0,53.8,54.1,15.3,估值因子相对较强
sh603938,603938,sh,三孚股份,41.41,-4.05,4.17,0.82,98.44,6.06,-9.92,-3.52,-0.38,-8.56,116.94,658480000.0,15844000000.0,15844000000.0,37.9,27.6,4.6,74.9,83.4,6.4,43.4,成交活跃、量比与换手适中
sz002891,002891,sz,中宠股份,28.78,-1.61,1.69,0.73,32.09,2.79,-4.0,-9.7,-3.26,-3.26,-44.22,156800000.0,9264000000.0,9264000000.0,37.9,34.2,42.0,22.0,64.5,41.3,20.9,估值因子相对较强
sz300503,300503,sz,昊志机电,67.03,-3.76,6.1,0.62,71.68,13.02,-12.7,-7.21,-0.39,-8.8,5.36,984290000.0,20660000000.0,16169000000.0,37.8,26.9,5.7,83.4,63.7,10.6,54.4,成交活跃
sz300415,300415,sz,伊之密,19.51,-1.46,1.26,1.23,13.36,2.76,-7.01,-8.02,-1.32,-9.72,-23.4,110870000.0,9142000000.0,8840000000.0,37.8,22.9,65.8,4.0,72.4,43.4,20.0,量比与换手适中
sh600320,600320,sh,振华重工,4.04,0.25,0.81,0.95,24.9,1.36,-1.46,-3.35,-2.88,-14.86,-20.39,108140000.0,21237000000.0,13372999999.999998,37.7,8.8,65.0,2.7,62.6,67.9,55.0,估值因子相对较强
sh688582,688582,sh,芯动联科,41.56,-0.1,1.48,0.8,89.98,6.59,-6.65,-2.07,10.3,-14.66,-36.99,248660000.0,16696000000.0,16696000000.0,37.6,31.7,5.3,43.5,64.4,62.9,45.6,流动性因子相对较强
sz002741,002741,sz,光华科技,25.15,-3.42,5.46,0.59,83.04,5.81,-4.88,-0.04,8.08,-12.86,26.0,588770000.0,11785000000.0,10815000000.0,37.5,33.9,8.0,72.8,68.1,15.4,31.0,成交活跃
sh601133,601133,sh,柏诚股份,25.2,-0.59,2.2,0.86,69.05,4.45,-11.21,-4.18,-16.0,-4.91,64.38,286940000.0,13260000000.0,13215000000.0,37.5,23.5,15.3,49.8,71.5,55.9,35.8,量比与换手适中
sz301132,301132,sz,满坤科技,35.41,-3.36,5.0,0.82,47.93,2.96,-7.71,3.51,21.27,-11.12,7.69,167090000.0,5244000000.0,3354999999.9999995,37.4,46.1,32.1,26.0,76.8,16.3,0.9,量比与换手适中
sz002312,002312,sz,川发龙蟒,8.24,-0.36,0.67,0.54,38.78,1.61,-3.74,-4.3,0.73,-8.04,-23.99,103620000.0,15555000000.000002,15529000000.0,37.4,31.0,49.7,1.5,52.2,59.1,41.9,估值因子相对较强
sz300896,300896,sz,爱美客,91.4,-1.04,1.24,0.63,25.26,3.5,-8.13,-13.43,-12.5,-12.74,-35.14,252830000.0,27657000000.0,20201000000.0,37.3,5.7,42.7,44.3,58.7,49.4,66.2,流动性因子相对较强
sh600161,600161,sh,天坛生物,11.94,-1.73,0.64,0.63,24.28,2.01,-4.02,-6.57,-2.85,-11.56,-26.7,151560000.0,23610000000.0,23610000000.0,37.2,16.1,56.9,19.1,54.0,39.6,60.9,估值因子相对较强
sz300435,300435,sz,中泰股份,16.38,-4.04,3.01,0.71,14.16,1.83,-7.2,-5.43,-2.09,-11.41,-25.44,181730000.0,6318000000.0,6042000000.0,37.1,17.7,74.1,29.5,74.4,6.6,7.1,估值相对占优、量比与换手适中
sh688016,688016,sh,心脉医疗,90.38,-2.25,1.25,0.99,18.93,2.72,-2.62,-4.98,0.06,-10.66,-0.33,140380000.0,11140000000.0,11140000000.0,37.1,23.9,57.5,15.2,66.9,32.1,29.3,估值因子相对较强
sz301379,301379,sz,天山电子,21.5,-2.45,6.98,0.78,47.41,4.17,-12.39,-3.89,-6.72,0.14,16.89,333700000.0,5966000000.0,4702000000.0,37.0,37.8,24.1,55.6,60.4,29.3,5.2,流动性因子相对较强
sz002557,002557,sz,洽洽食品,18.65,0.54,1.07,0.9,23.04,1.9,-2.3,-4.85,-1.89,-11.05,-9.64,100280000.0,9434000000.0,9405000000.0,36.7,19.1,60.2,0.1,63.5,72.0,21.5,估值因子相对较强
sh603516,603516,sh,淳中科技,95.88,-2.42,2.8,0.92,65.88,11.58,-6.2,-3.22,0.02,-14.32,-57.08,552650000.0,19489000000.0,19489000000.0,36.6,15.3,7.8,71.0,77.5,29.7,51.9,成交活跃、量比与换手适中
sh600456,600456,sh,宝钛股份,27.23,-0.44,1.09,0.86,34.36,1.83,-2.12,-5.81,0.52,-13.86,-30.45,142550000.0,13010000000.0,13010000000.0,36.6,17.9,50.7,16.0,62.7,58.0,34.9,估值因子相对较强
sz301328,301328,sz,维峰电子,57.33,-2.83,2.38,1.02,94.58,4.58,-9.32,-4.37,-0.54,2.54,75.86,155220000.0,9135000000.0,6602000000.0,36.5,51.9,9.6,21.3,76.5,23.9,19.9,量比与换手适中
sh605060,605060,sh,联德股份,42.19,-1.26,1.84,0.87,39.37,4.03,-12.21,-0.17,8.15,-14.8,15.24,182270000.0,10151000000.0,10079000000.0,36.4,29.6,28.1,29.7,68.9,46.3,25.0,流动性因子相对较强
sz300458,300458,sz,全志科技,30.5,-3.05,4.19,0.62,81.12,9.51,-14.8,-10.27,-25.92,-11.95,-12.5,1040570000.0,30306000000.0,24833000000.0,36.3,6.6,4.6,84.4,78.7,20.7,69.1,成交活跃、量比与换手适中
sh688209,688209,sh,英集芯,22.3,-3.13,2.28,0.95,47.54,4.38,-4.58,1.41,0.04,-5.74,12.18,220470000.0,9673000000.0,9673000000.0,36.3,35.7,23.1,37.3,74.1,19.6,22.7,量比与换手适中
sz002803,002803,sz,吉宏股份,18.47,-0.32,2.77,0.79,26.73,3.05,-7.51,-5.48,2.1,-14.59,14.12,150220000.0,8458000000.0,5496000000.0,36.3,19.4,44.4,18.5,74.4,59.7,16.8,量比与换手适中
sz002315,002315,sz,焦点科技,25.14,-2.82,1.79,0.6,21.18,3.9,-2.63,-9.67,2.99,-6.72,-27.47,119290000.0,10368000000.0,6609999999.999999,36.3,39.3,45.3,7.2,62.4,24.0,25.9,估值因子相对较强
sz301602,301602,sz,超研股份,16.08,-3.37,3.41,0.51,58.02,5.28,-14.69,3.81,10.29,-1.23,-24.82,114940000.0,6888000000.0,3353000000.0,36.3,62.8,15.3,5.8,73.1,16.1,9.5,量比与换手适中
sh605333,605333,sh,沪光股份,17.16,-2.33,1.43,0.93,19.03,2.37,1.18,-0.87,6.52,-14.16,-42.09,116210000.0,7963000000.0,7963000000.0,36.1,28.3,60.4,6.0,67.0,31.0,14.9,估值因子相对较强
sh603124,603124,sh,江南新材,126.22,-4.68,5.38,1.0,70.55,9.88,-14.14,-10.55,-1.95,-7.87,60.97,525800000.0,18396000000.0,9796000000.0,36.0,25.4,6.9,69.3,77.9,0.0,49.3,量比与换手适中
sh688188,688188,sh,柏楚电子,98.55,-3.0,0.75,0.9,31.73,6.3,-4.23,-6.36,-1.15,-14.26,2.99,302670000.0,39968000000.0,39968000000.0,36.0,13.1,26.6,52.2,61.0,21.4,76.6,市值稳定性较高
sh603025,603025,sh,大豪科技,13.5,-2.24,0.9,0.45,17.87,5.46,-10.0,-0.3,7.48,-12.73,-22.9,135340000.0,15075000000.0,14974000000.0,36.0,33.0,44.8,13.4,52.0,32.3,40.7,估值因子相对较强
sz002085,002085,sz,万丰奥威,10.17,-0.59,0.58,0.63,22.61,2.87,-4.86,-6.18,0.39,-13.89,-36.28,124640000.0,21594000000.0,21594000000.0,36.0,17.4,50.8,9.3,53.6,55.9,56.8,估值因子相对较强
sz300304,300304,sz,云意电气,11.32,-4.55,2.3,0.88,24.09,2.86,-12.18,-3.08,3.95,-14.44,-2.34,222430000.0,9941000000.0,9651000000.0,35.9,23.7,49.2,37.7,72.7,0.0,24.2,量比与换手适中
sz000533,000533,sz,顺钠股份,10.58,-1.31,4.81,0.46,64.53,7.16,-12.63,-16.36,0.67,-8.32,27.01,347320000.0,7309000000.0,7245999999.999999,35.8,30.4,10.2,56.4,70.2,45.6,11.3,量比与换手适中
sz300595,300595,sz,欧普康视,10.71,-2.64,1.76,1.0,20.58,1.95,-6.71,-8.93,-1.65,-11.34,-26.43,126740000.0,9579000000.0,7159999999.999999,35.3,18.9,62.8,9.8,71.2,26.6,22.4,量比与换手适中
sz300735,300735,sz,光弘科技,19.58,-2.93,1.55,0.91,58.59,2.87,-7.6,-5.46,1.45,-12.39,-20.44,229490000.0,15841999999.999998,14830000000.000002,35.2,23.4,27.6,39.6,67.5,22.4,43.2,流动性因子相对较强
sh601311,601311,sh,骆驼股份,7.35,-4.17,1.82,2.46,14.72,0.87,-5.53,-7.31,-5.77,-11.66,-16.57,156690000.0,8623000000.0,8623000000.0,35.1,11.3,85.1,21.9,61.3,4.7,17.7,估值相对占优
sz300378,300378,sz,鼎捷数智,30.22,-3.91,2.87,0.89,50.11,3.59,-16.5,-17.25,9.69,-13.87,-33.05,234720000.0,8206000000.0,8145000000.0,35.0,32.7,25.6,40.3,77.4,8.4,15.8,量比与换手适中
sz300990,300990,sz,同飞股份,73.23,0.14,8.69,1.07,50.0,5.94,-6.36,0.6,-19.23,-9.59,-18.32,492450000.0,12538000000.0,5695000000.0,34.9,11.9,16.7,66.4,53.5,66.3,33.7,流动性因子相对较强
sh603337,603337,sh,杰克科技,36.92,-2.59,0.64,0.59,20.29,3.4,-7.54,-16.64,-3.15,-6.34,-13.94,111210000.0,17588000000.0,17243000000.0,34.7,28.1,50.5,4.2,53.1,27.3,48.1,估值因子相对较强
sh600635,600635,sh,大众公用,4.49,0.0,0.95,0.79,48.76,1.52,-3.85,-4.67,1.58,-13.65,-30.82,103090000.0,13256000000.0,10860000000.0,34.7,20.6,47.0,1.1,60.1,64.3,35.7,估值因子相对较强
sh603859,603859,sh,能科科技,37.2,-2.16,1.67,0.74,43.91,2.4,-12.06,-13.55,1.69,-10.36,-11.34,151830000.0,9910000000.0,9103000000.0,34.5,28.4,38.2,19.3,64.6,33.4,24.0,估值因子相对较强
sh688510,688510,sh,航亚科技,23.52,-1.22,1.94,0.8,66.43,5.03,-2.29,3.89,14.29,-8.13,-11.91,119110000.0,6113000000.0,6113000000.0,34.2,49.4,14.0,7.0,68.1,46.9,6.0,趋势因子相对较强
sz002246,002246,sz,北化股份,19.45,-3.47,2.08,0.79,27.99,3.27,-7.78,-4.8,-3.28,-10.14,8.3,224010000.0,10679000000.0,10679000000.0,34.1,18.5,41.3,38.7,68.9,14.7,27.0,估值因子相对较强
sz002559,002559,sz,亚威股份,9.22,-2.54,3.04,0.77,58.08,2.48,-9.34,-5.73,0.22,-5.73,-8.22,141200000.0,5918000000.0,4647000000.0,34.1,36.3,31.0,15.8,76.0,28.0,4.7,量比与换手适中
sz301099,301099,sz,雅创电子,48.08,-3.45,6.98,1.19,49.02,6.52,-10.13,-3.92,-4.36,-6.38,46.51,384090000.0,9084000000.0,5528000000.0,33.9,25.9,16.6,59.6,69.6,15.0,19.6,流动性因子相对较强
sh603311,603311,sh,金海高科,28.33,-2.24,1.88,1.13,95.2,5.06,-9.02,-5.54,9.81,-5.69,86.87,124540000.0,6683000000.0,6683000000.0,33.9,52.2,7.9,9.1,75.0,32.3,8.3,量比与换手适中
sh688181,688181,sh,八亿时空,38.07,-1.68,3.06,0.67,53.94,2.45,-7.6,-4.99,0.66,-8.96,18.46,154370000.0,5064000000.0,5064000000.0,33.5,28.8,33.0,20.8,73.9,40.3,0.3,量比与换手适中
sh603380,603380,sh,易德龙,33.99,-4.17,2.36,1.1,24.44,3.44,-4.82,2.81,-0.87,-5.35,-9.12,130060000.0,5453000000.0,5453000000.0,33.4,34.7,44.4,11.0,78.1,4.7,2.4,量比与换手适中
sz300008,300008,sz,天海防务,6.04,-0.98,1.51,0.51,30.48,4.26,-5.63,-5.63,-2.58,-7.76,-23.14,150600000.0,10437000000.0,9950000000.0,33.2,24.7,33.4,18.7,58.2,50.3,26.0,估值因子相对较强
sh600967,600967,sh,内蒙一机,10.9,0.83,0.76,0.71,64.67,1.57,-6.03,-10.66,-8.4,-13.29,-34.73,140080000.0,18550000000.0,18550000000.0,33.1,5.3,40.6,15.0,56.8,76.1,49.7,估值因子相对较强
sh605305,605305,sh,中际联合,36.25,-2.53,1.54,1.08,13.74,2.58,-6.6,-8.81,-6.33,-11.22,-12.19,119090000.0,7704000000.000001,7704000000.000001,32.8,11.9,66.3,6.8,71.2,28.1,14.2,量比与换手适中
sh688799,688799,sh,华纳药厂,43.33,-0.73,2.62,1.09,25.86,2.78,-4.87,-6.19,-5.39,-13.41,-8.82,153920000.0,5790000000.0,5790000000.0,32.7,7.7,47.3,20.7,79.9,53.9,4.3,量比与换手适中
sz001314,001314,sz,亿道信息,52.5,-2.49,2.29,1.04,68.15,3.59,-9.72,-2.6,4.27,-10.14,17.63,148300000.0,7486000000.0,6515000000.000001,32.5,34.4,19.9,17.7,76.2,28.7,12.3,量比与换手适中
sh600789,600789,sh,鲁抗医药,7.19,-1.91,2.09,0.6,86.42,1.47,-5.02,-4.89,-2.04,-8.17,-20.02,152320000.0,7515000000.000001,7264000000.0,32.4,24.7,37.0,19.5,64.7,37.0,12.6,估值因子相对较强
sh600131,600131,sh,国网信通,14.92,-3.12,0.72,1.67,28.67,2.72,-4.94,-3.77,-2.77,-14.13,-6.6,130750000.0,17859000000.0,17843000000.0,31.2,10.3,45.2,11.4,70.4,19.7,48.3,量比与换手适中
sz002158,002158,sz,汉钟精机,25.96,-1.48,1.08,0.72,28.23,3.18,-10.79,-6.48,-5.08,-12.89,5.61,149670000.0,13881000000.0,13851000000.0,31.1,9.7,41.7,18.4,59.5,43.1,38.5,估值因子相对较强
sh688608,688608,sh,恒玄科技,102.38,-4.75,1.53,0.8,52.69,3.45,-7.3,-7.22,-17.79,-13.3,-36.45,376420000.0,24252000000.0,24252000000.0,30.9,3.5,25.6,58.8,64.8,0.0,61.6,流动性因子相对较强
sh603000,603000,sh,人民网,15.73,-1.26,0.77,0.8,91.27,4.7,-5.92,-7.8,0.9,-9.58,-16.85,134200000.0,17393000000.0,17393000000.0,30.7,28.5,9.9,13.3,58.9,46.3,47.5,趋势因子相对较强
sh688253,688253,sh,英诺特,55.25,-1.74,1.36,0.66,84.27,3.72,-8.56,-22.55,-4.59,2.09,85.8,101730000.0,7568000000.000001,7568000000.000001,30.7,43.7,16.0,0.4,60.4,39.4,13.2,趋势因子相对较强
sh688543,688543,sh,国科军工,38.19,-1.06,1.42,0.71,40.27,4.24,-5.47,-7.28,0.5,-11.7,-25.08,136180000.0,9571000000.0,9571000000.0,30.5,22.5,26.5,13.6,62.0,49.1,22.3,估值因子相对较强
sz002279,002279,sz,久其软件,6.19,-1.43,2.23,0.34,71.17,3.82,-10.55,-12.32,5.27,-6.92,-22.53,109680000.0,5337000000.0,4924000000.0,30.5,42.9,17.9,3.2,60.0,43.9,1.6,趋势因子相对较强
sz300638,300638,sz,广和通,18.65,-1.22,1.55,0.65,70.2,2.76,-7.76,-8.71,-6.42,-11.68,-36.58,155100000.0,16771000000.0,9893000000.0,30.0,10.6,25.8,21.2,61.6,46.9,45.8,估值因子相对较强
sh603638,603638,sh,艾迪精密,18.62,-2.0,0.9,1.04,37.01,3.74,-7.09,-8.68,-2.56,-14.55,-1.12,148730000.0,16399000000.0,16399000000.0,29.8,9.8,31.6,18.1,65.3,35.7,44.8,估值因子相对较强
sz002937,002937,sz,兴瑞科技,29.05,-2.19,2.44,0.81,65.29,6.42,-8.42,-3.55,-12.0,-7.28,24.13,222990000.0,9180000000.0,9156000000.0,29.6,18.4,10.9,37.9,72.2,33.0,20.5,量比与换手适中
sz301363,301363,sz,美好医疗,16.15,-4.21,2.06,0.52,43.86,3.48,-7.56,-6.43,-3.29,-9.69,-5.26,175270000.0,12855000000.000002,8431000000.0,29.2,19.2,29.5,28.3,62.7,4.1,34.6,估值因子相对较强
sz301498,301498,sz,乖宝宠物,37.77,-1.67,1.56,0.66,25.53,3.26,-7.18,-13.69,-3.84,-14.22,-41.8,111850000.0,15126000000.0,7159000000.0,29.2,7.8,44.0,4.4,61.9,40.4,40.8,估值因子相对较强
sh688049,688049,sh,炬芯科技,38.47,-1.79,2.78,0.84,31.96,3.29,-9.69,-7.81,-12.57,-14.28,-26.5,187280000.0,6770999999.999999,6770999999.999999,29.0,2.2,38.0,30.9,75.6,38.7,8.9,量比与换手适中
sz301630,301630,sz,同宇新材,161.93,-2.58,5.17,0.89,65.14,5.46,-12.16,-6.73,-4.44,-10.3,34.94,174240000.0,9068000000.0,3397000000.0,28.0,16.3,13.2,27.8,77.1,27.4,19.5,量比与换手适中
sh601089,601089,sh,福元医药,16.01,-3.9,1.35,0.63,19.82,2.06,-8.51,-10.66,-6.43,-10.61,-31.9,105300000.0,7684999999.999999,7684999999.999999,28.0,13.2,62.5,2.0,59.6,8.6,14.0,估值因子相对较强
sz300529,300529,sz,健帆生物,15.56,-1.27,1.29,0.65,23.67,3.72,-3.23,-5.18,-10.06,-12.02,-18.81,102930000.0,12426000000.0,7973000000.0,28.0,7.6,43.6,0.8,59.6,46.1,33.0,估值因子相对较强
sz301225,301225,sz,恒勃股份,56.28,-4.12,7.7,1.16,62.42,5.16,-10.0,1.46,5.2,-13.55,-52.52,192590000.0,8109999999.999999,2476000000.0,27.6,27.6,14.6,32.1,63.3,5.4,15.4,流动性因子相对较强
sz301568,301568,sz,思泰克,69.96,-4.03,7.2,1.03,60.27,7.17,-6.09,2.39,3.84,-13.44,45.95,240500000.0,7223999999.999999,3329999999.9999995,27.4,25.5,10.8,41.2,64.3,6.7,10.6,流动性因子相对较强
sz002265,002265,sz,建设工业,18.06,-1.26,0.74,0.54,80.15,4.88,-10.33,-12.12,-8.83,-11.36,-32.47,138140000.0,18657000000.0,18657000000.0,24.9,9.8,11.2,14.5,52.8,46.3,50.3,流动性因子相对较强
sh600771,600771,sh,广誉远,13.24,-1.49,1.62,0.82,97.9,3.81,-4.4,-6.89,-7.93,-13.07,-26.36,105290000.0,6481000000.0,6481000000.0,19.7,6.3,13.0,1.9,66.0,43.0,7.5,估值因子相对较强
