raw_code,code,market,name,price,pct_change,turnover_rate,volume_ratio,pe_ttm,pb,momentum_5d,momentum_10d,momentum_20d,momentum_60d,momentum_ytd,amount_cny,market_cap_cny,float_cap_cny
sh688808,688808,sh,联讯仪器,2265.99,-2.42,4.07,0.76,851.46,79.31,0.49,5.94,5.33,31.75,2667.45,1762500000.0,232642000000.0,43725000000.0
sh688498,688498,sh,源杰科技,1541.0,-2.9,2.78,0.89,538.85,77.84,-3.39,8.9,4.62,36.04,248.09,5280040000.0,191855000000.0,189377000000.0
sh600519,600519,sh,贵州茅台,1304.66,2.5,0.39,1.13,20.03,6.49,0.89,-3.28,1.18,0.51,-3.3,6299790000.0,1630931000000.0,1630931000000.0
sh688826,688826,sh,C频准,979.0,3.33,21.56,0.0,235.26,17.52,423.87,423.87,423.87,423.87,423.87,1524340000.0,39160000000.0,7458000000.0
sh688256,688256,sh,寒武纪,969.05,-6.37,2.75,1.28,182.89,44.86,-16.17,-13.79,-21.92,-26.03,6.63,16886550000.0,609391000000.0,609391000000.0
sz300308,300308,sz,中际旭创,870.22,-7.72,3.51,1.34,49.77,25.54,-13.07,0.65,-19.2,-25.06,42.89,34491670000.0,1017926000000.0,965890000000.0
sz002371,002371,sz,北方华创,707.9,-0.91,1.07,0.96,92.13,13.26,-7.58,-6.86,-8.06,12.52,54.46,5527090000.0,513714999999.99994,513305000000.0
sh688072,688072,sh,拓荆科技,684.13,1.58,2.08,0.91,91.42,15.64,-4.85,-6.03,-13.61,9.0,107.52,4033590000.0,198862000000.0,193399000000.0
sh688802,688802,sh,沐曦股份-U,664.0,-5.14,5.16,0.81,-405.12,20.28,-15.52,-7.13,-20.02,-1.78,14.46,640870000.0,265666000000.0,12303000000.0
sh688836,688836,sh,C宇树-W,603.08,-10.31,27.02,0.0,417.51,27.73,299.92,299.92,299.92,299.92,299.92,5015550000.0,243923999999.99997,18145000000.0
sh688795,688795,sh,摩尔线程-U,527.66,-2.81,3.21,0.82,-334.52,20.37,-10.57,-8.07,-12.91,-17.94,-10.25,512350000.0,248015000000.0,15949000000.0
sz300757,300757,sz,罗博特科,496.4,-1.63,2.99,0.69,-1052.0,51.18,-6.52,1.68,16.22,-22.35,112.77,2406970000.0,83201000000.0,80698000000.0
sh688627,688627,sh,精智达,465.29,-4.02,4.64,0.76,522.98,24.5,-14.15,0.49,-8.77,26.86,108.31,2044450000.0,43797000000.0,43797000000.0
bj920045,920045,bj,蘅东光,450.5,12.21,12.23,2.14,92.02,32.19,14.2,32.9,54.47,9.62,104.47,1565770000.0,42933000000.0,12694000000.0
sh688809,688809,sh,强一股份,438.5,-1.93,6.2,0.92,115.26,14.03,-9.96,-9.4,-7.59,0.11,71.42,700260000.0,56812000000.0,11362000000.0
sh688502,688502,sh,茂莱光学,436.6,-2.51,3.42,0.87,1240.64,19.56,-3.94,10.9,14.36,-3.35,9.49,801250000.0,23053000000.0,23053000000.0
sh688630,688630,sh,芯碁微装,426.15,-0.8,4.14,0.94,180.2,26.83,-5.04,-0.96,1.25,27.21,218.43,2292390000.0,62433000000.00001,56141000000.0
sz300502,300502,sz,新易盛,412.0,-6.79,3.94,1.08,53.49,29.59,-11.72,3.1,-16.09,-18.24,34.18,20574600000.0,574434000000.0,516747999999.99994
sh688766,688766,sh,普冉股份,411.0,-11.36,9.04,0.83,61.51,18.28,-11.8,9.75,10.55,6.45,223.39,5641880000.0,61116999999.99999,61116999999.99999
sh688025,688025,sh,杰普特,409.3,-0.39,4.14,0.93,114.28,16.77,-1.37,20.17,22.18,5.57,190.94,1615410000.0,38904000000.0,38904000000.0
sz301666,301666,sz,大普微-UW,408.66,-3.31,6.8,0.57,13732.22,66.5,-10.87,-5.4,-16.46,-46.09,786.85,733500000.0,178264000000.0,10836000000.0
sh688200,688200,sh,华峰测控,405.99,-1.58,1.99,1.1,143.43,20.16,-7.12,-3.82,5.29,51.37,217.81,1624100000.0,81522000000.0,81522000000.0
sz001309,001309,sz,德明利,400.36,-3.56,8.32,0.8,22.13,13.71,-8.05,-0.11,-0.31,-37.44,72.95,5445320000.0,90819000000.0,66071000000.0
sz301377,301377,sz,鼎泰高科,393.01,-5.64,4.2,1.09,174.87,53.36,-15.1,-10.16,-5.16,12.06,183.56,1643790000.0,166654000000.0,38853000000.0
sz301717,301717,sz,超纯应材,389.99,1.26,25.02,0.72,191.08,16.05,-25.0,490.98,490.98,490.98,490.98,1663420000.0,39719000000.0,6795999999.999999
sz300750,300750,sz,宁德时代,387.89,-0.83,0.33,0.72,21.11,4.81,-3.02,-1.52,-2.69,-8.21,8.06,5444640000.0,1794633000000.0002,1652443000000.0
sh603986,603986,sh,兆易创新,381.66,-6.7,6.71,0.88,33.78,7.18,-14.04,-5.3,-12.07,-18.28,78.76,17362270000.0,267828000000.00003,255137000000.0
sh603444,603444,sh,吉比特,380.82,-0.78,1.69,0.58,12.24,4.53,-2.3,-3.54,7.99,14.72,-8.65,461630000.0,27435000000.000004,27435000000.000004
sh601869,601869,sh,长飞光纤,379.19,4.29,3.94,1.23,91.19,19.18,0.78,10.62,12.99,-5.79,226.7,5922870000.0,313933000000.0,154079000000.0
sh688027,688027,sh,国盾量子,369.1,-4.53,1.75,0.94,6320.77,11.79,-11.87,-11.63,-1.53,-34.08,-26.73,524460000.0,37966000000.0,29666000000.000004
sh688037,688037,sh,芯源微,366.95,0.12,2.21,0.68,1049.38,26.46,6.05,13.89,5.06,49.61,147.15,1640760000.0,74038000000.0,74038000000.0
sz301308,301308,sz,江波龙,364.9,-4.14,4.49,0.8,13.08,7.05,-12.97,-11.54,-2.41,-33.69,49.64,4608810000.0,156786000000.0,102848000000.0
sh688012,688012,sh,中微公司,357.65,-1.34,2.13,0.96,80.97,11.4,-7.78,-8.29,-10.54,20.15,95.65,7209540000.0,342572000000.0,336977000000.0
sh688702,688702,sh,盛科通信-U,351.39,-6.5,3.83,0.87,-949.23,64.55,-16.67,-13.01,-7.89,24.82,148.0,2752540000.0,144070000000.0,71329000000.0
sh688361,688361,sh,中科飞测,349.5,0.01,2.52,0.83,21773.53,23.98,-5.21,-3.57,-10.25,60.4,128.45,3132740000.0,123042000000.0,123042000000.0
sh603061,603061,sh,金海通,347.3,-5.11,6.39,1.21,129.47,17.93,-2.78,8.53,12.69,17.73,259.65,1937110000.0,30214999999.999996,30214999999.999996
sz002916,002916,sz,深南电路,343.63,-4.08,1.15,0.81,64.4,14.22,-12.54,-7.73,-2.78,-16.48,49.48,2614940000.0,234069000000.0,228448000000.0
sh688807,688807,sh,优迅股份,335.0,4.98,21.37,0.98,289.53,15.15,12.04,35.57,29.39,-24.13,79.2,1120100000.0,26800000000.0,5360000000.0
sh688635,688635,sh,长进光子,315.15,-1.93,10.34,0.51,294.19,19.73,-11.97,26.11,25.63,-56.26,669.03,577360000.0,29520000000.0,5596000000.0
sh688797,688797,sh,臻宝科技,314.19,1.94,10.18,0.86,197.25,17.01,-11.35,-10.69,-15.09,605.09,605.09,932110000.0,48791000000.0,9172000000.0
sh603129,603129,sh,春风动力,308.58,-0.14,0.96,0.67,27.25,5.92,5.68,1.75,4.64,37.76,12.42,452970000.0,47362000000.0,47362000000.0
sz301205,301205,sz,联特科技,303.98,0.39,9.52,0.87,452.29,24.48,-0.03,5.92,26.45,-3.75,80.61,2413800000.0,39543000000.0,25457000000.0
sh688536,688536,sh,思瑞浦,301.69,-3.1,3.3,0.82,100.36,6.29,4.2,21.65,21.71,-2.32,88.88,1356440000.0,41656000000.0,40924000000.0
sh688082,688082,sh,盛美上海,301.4,0.1,1.04,0.64,86.11,9.96,-5.37,-6.69,-1.63,31.95,71.81,1486230000.0,145455000000.0,143892000000.0
sz300620,300620,sz,光库科技,298.98,-1.98,3.69,0.72,272.69,33.0,-8.48,5.09,24.47,7.25,103.6,2727060000.0,74500000000.0,73949000000.0
sh688017,688017,sh,绿的谐波,295.15,-6.11,4.81,0.79,395.68,15.33,-18.51,-11.6,-5.25,-3.48,53.81,2621640000.0,54110000000.0,54110000000.0
sh688048,688048,sh,长光华芯,294.0,-4.31,4.5,0.73,1535.91,17.2,-11.68,3.34,-5.77,-25.52,134.54,2335730000.0,51826000000.0,51826000000.0
sh688519,688519,sh,南亚新材,278.2,-4.01,1.98,0.74,177.15,23.24,-11.82,-8.19,16.01,16.4,245.38,1286870000.0,65427000000.0,65427000000.0
sh688235,688235,sh,百济神州,276.67,-4.35,4.53,0.86,99.66,11.48,-4.56,-7.71,0.97,13.44,3.0,1450850000.0,426704000000.0,31832000000.0
sh688785,688785,sh,恒运昌,273.5,1.71,4.29,0.96,192.09,8.5,-7.88,-1.26,-9.27,-21.66,199.3,156580000.0,18516000000.0,3704000000.0
sh688167,688167,sh,炬光科技,272.3,-3.12,7.4,0.78,-439.13,15.59,-6.49,34.22,26.59,-11.99,125.22,2618560000.0,35437000000.0,35437000000.0
sz300604,300604,sz,长川科技,271.1,-2.98,3.53,0.92,111.27,21.55,-10.4,-5.89,-11.03,28.67,167.86,4695430000.0,175017000000.0,132698000000.0
sz301200,301200,sz,大族数控,267.0,-5.32,0.83,0.89,86.02,10.84,-11.26,-3.26,0.69,-4.3,125.95,942120000.0,130565000000.00002,113539000000.00002
sh688120,688120,sh,华海清科,266.66,-1.85,1.65,0.76,115.93,16.63,-3.89,1.19,-1.78,42.99,149.22,2183710000.0,132338000000.00002,132338000000.00002
sh688506,688506,sh,百利天恒,264.98,-6.27,0.59,1.35,-84.37,19.38,-11.5,-16.95,-15.4,11.07,-17.99,655470000.0,109403000000.0,109403000000.0
sh688617,688617,sh,惠泰医疗,258.57,-1.87,1.26,0.74,39.23,11.85,20.19,22.54,23.94,25.77,6.72,462470000.0,36595000000.0,36595000000.0
sz301629,301629,sz,矽电股份,255.79,0.31,5.48,1.08,422.5,9.11,-5.79,-0.02,0.51,-30.3,17.36,268990000.0,10673000000.0,4910000000.0
sz301626,301626,sz,苏州天脉,251.98,-1.53,3.09,0.53,258.51,18.31,-17.94,1.8,11.33,-24.55,35.4,406250000.0,29149000000.0,13259000000.0
sz300666,300666,sz,江丰电子,250.4,1.5,8.27,1.19,125.18,9.89,-7.2,-4.31,3.97,31.65,173.32,4534390000.0,69103000000.0,55366999999.99999
sh688146,688146,sh,中船特气,250.08,-4.95,10.03,0.73,256.79,22.04,-19.36,-23.12,-12.23,43.34,522.03,3638580000.0,132395000000.0,36254000000.0
sz300394,300394,sz,天孚通信,249.5,-8.63,5.92,1.14,117.19,43.56,-12.93,11.87,19.27,-23.15,72.64,16345220000.0,272161000000.0,271553000000.00003
sh688668,688668,sh,鼎通科技,248.0,-1.5,3.25,0.74,111.82,16.46,-15.42,3.77,7.13,-14.46,100.65,1125270000.0,34539000000.0,34539000000.0
sz300476,300476,sz,胜宏科技,245.0,-3.44,2.91,0.78,51.45,15.37,-11.23,-14.34,2.66,-33.52,-14.21,6139780000.0,240782000000.00003,211973000000.0
sz301345,301345,sz,涛涛车业,242.79,-2.95,2.41,0.75,29.21,7.32,-10.41,-6.82,-6.62,17.72,-2.81,204020000.0,26476000000.0,8505000000.0
sh688019,688019,sh,安集科技,242.32,0.52,2.66,0.77,67.28,12.19,-7.48,-4.25,-8.52,11.03,44.89,1442380000.0,55335000000.0,55335000000.0
sz300857,300857,sz,协创数据,240.8,-2.67,2.97,0.74,45.41,19.36,-10.53,-4.48,-0.9,0.48,100.26,3465330000.0,117839000000.00002,117235999999.99998
sz301183,301183,sz,东田微,235.19,-2.98,14.5,1.18,137.61,18.2,9.04,30.73,29.1,-8.39,51.82,2060480000.0,18833000000.0,13806000000.0
sh688692,688692,sh,达梦数据,233.67,-2.67,1.28,0.55,46.43,7.01,-4.86,-2.44,12.17,-9.26,-10.22,221870000.0,26461000000.0,17330000000.0
sh688111,688111,sh,金山办公,233.3,-2.99,1.31,0.68,30.01,7.18,-8.67,-11.16,-3.11,-1.66,-23.71,1424270000.0,108254000000.0,108254000000.0
sh688052,688052,sh,纳芯微,232.0,-5.06,2.28,0.91,-177.86,4.95,-4.92,12.44,14.02,-9.66,46.67,764800000.0,37933000000.0,33270999999.999996
sh688041,688041,sh,海光信息,230.81,-6.25,1.27,1.12,170.75,21.14,-20.08,-20.53,-26.4,-21.43,2.96,6872940000.0,536480000000.0,536480000000.0
sh688347,688347,sh,华虹宏力,229.03,-1.8,3.2,0.6,806.61,8.8,-15.15,-13.25,-25.74,-3.23,112.32,2972070000.0,397991000000.0,93387000000.0
sh688525,688525,sh,佰维存储,225.59,-5.6,4.71,0.85,26.94,12.41,-12.15,-6.78,-6.44,-31.05,96.89,5019590000.0,106381000000.0,106381000000.0
sz300033,300033,sz,同花顺,216.72,-2.44,2.69,1.07,44.62,21.26,-8.17,-9.14,-0.84,-4.85,-4.31,2575290000.0,163112000000.0,95012000000.0
sz300567,300567,sz,精测电子,213.7,-1.56,2.53,0.83,686.07,14.51,-11.14,-9.32,-7.87,10.04,134.84,1231600000.0,59782000000.00001,48521000000.0
sh688409,688409,sh,富创精密,207.25,-0.84,2.33,0.95,887.7,14.04,-7.55,-1.31,4.15,37.7,207.49,1495530000.0,63462000000.0,63462000000.0
sz300870,300870,sz,欧陆通,203.0,-3.65,3.88,0.82,170.36,12.03,-15.06,-3.2,-4.47,-26.18,28.78,1198210000.0,30987000000.0,30983000000.0
sz300972,300972,sz,万辰集团,202.9,0.92,0.86,1.19,22.76,19.16,0.35,-1.7,5.37,11.67,1.33,310810000.0,40039000000.0,36786000000.0
sz300570,300570,sz,太辰光,202.9,-5.39,12.89,0.81,152.64,27.63,4.7,42.9,43.91,23.4,77.13,5025980000.0,46084000000.0,38996000000.0
sz300489,300489,sz,光智科技,202.15,-6.65,8.99,0.82,-1027.33,36.92,-21.78,-14.7,17.96,36.37,297.93,2541380000.0,28131000000.0,28027999999.999996
sz300751,300751,sz,迈为股份,201.72,4.16,4.76,0.86,83.03,7.26,7.84,17.18,10.18,-19.2,-1.84,1819380000.0,56260000000.0,38902000000.0
sh688411,688411,sh,海博思创,201.31,-0.59,1.22,0.8,34.62,7.77,-5.95,-3.49,1.73,-26.64,-18.97,330830000.0,36730000000.0,26689000000.0
sz300548,300548,sz,长芯博创,198.94,0.77,7.15,1.11,120.17,28.06,-9.16,16.24,18.63,-20.08,40.39,4242480000.0,58648000000.0,58529999999.99999
sz002384,002384,sz,东山精密,193.6,-3.72,5.61,1.28,98.91,14.55,-11.05,4.12,-8.64,-9.13,128.71,15219490000.0,354599000000.0,268392000000.0
sh688392,688392,sh,骄成超声,193.1,0.2,4.08,0.67,154.96,12.19,2.55,27.04,24.51,24.0,72.4,920660000.0,22348000000.0,22348000000.0
sh688008,688008,sh,澜起科技,191.83,-4.35,2.91,0.86,91.54,11.62,-14.5,-7.29,-15.52,-24.06,63.38,6416710000.0,234136000000.0,219600000000.0
sz002850,002850,sz,科达利,183.81,-0.01,1.33,0.53,27.16,3.48,-4.78,1.66,3.85,5.71,18.31,512370000.0,52630999999.99999,38538000000.0
sh603268,603268,sh,松发股份,180.93,-1.03,2.18,1.14,52.75,10.54,-1.29,-1.27,18.98,31.68,116.99,923420000.0,184316000000.0,42202000000.0
sh688279,688279,sh,峰岹科技,179.12,0.78,2.96,1.02,80.3,4.03,0.27,8.5,6.45,-17.14,-11.64,501350000.0,20619000000.0,16758000000.000002
sz002028,002028,sz,思源电气,175.2,-0.84,1.44,0.74,41.28,8.33,-4.34,5.91,4.1,-13.03,13.85,1541360000.0,137107000000.0,107008000000.0
sh603083,603083,sh,剑桥科技,174.99,-3.3,7.17,0.72,183.91,8.63,-8.0,18.3,0.7,-15.75,30.49,3493780000.0,64440000000.0,48225000000.0
sh603893,603893,sh,瑞芯微,174.6,-3.33,2.42,0.67,54.01,15.01,-17.45,-14.45,-19.46,0.07,-1.23,1794350000.0,73881000000.0,73871000000.0
sz301392,301392,sz,汇成真空,174.21,3.38,15.05,1.59,420.55,23.31,-1.88,-0.03,5.4,-1.58,35.11,1059990000.0,17421000000.0,7106999999.999999
sz301396,301396,sz,宏景科技,172.86,-7.09,12.48,0.94,1059.85,30.77,-24.01,-12.79,-5.05,-1.67,266.12,3064120000.0,37152000000.0,24461000000.0
sh688195,688195,sh,腾景科技,170.3,-0.99,4.75,0.6,428.23,30.94,1.38,14.68,35.63,-27.19,40.76,1463200000.0,30839999999.999996,30839999999.999996
sh688610,688610,sh,埃科光电,169.0,0.06,4.37,0.71,118.36,7.0,-4.2,8.65,10.48,-8.65,173.42,300990000.0,11492000000.0,6918000000.000001
sh688521,688521,sh,芯原股份,168.66,-5.45,3.13,0.7,-108.16,30.32,-25.47,-20.72,-24.9,-31.67,23.14,2799070000.0,88701000000.0,88701000000.0
sz301486,301486,sz,致尚科技,168.0,-2.95,5.78,0.64,335.84,8.46,-7.94,6.2,12.65,-34.25,35.43,710710000.0,21636000000.0,12252000000.0
sz002281,002281,sz,光迅科技,166.39,-6.83,5.21,1.07,119.14,9.53,-16.7,-6.68,-13.72,-18.42,137.87,6876730000.0,137746000000.0,130786999999.99998
sh603929,603929,sh,亚翔集成,165.82,-0.7,2.04,0.63,28.96,14.82,-7.35,1.82,-6.55,9.67,76.69,714200000.0,35379000000.0,35379000000.0
sh603186,603186,sh,华正新材,165.28,-4.11,11.83,0.72,89.6,11.16,-10.32,8.74,22.25,25.12,234.1,3052330000.0,25914000000.0,25914000000.0
sz301630,301630,sz,同宇新材,161.93,-2.58,5.17,0.89,65.14,5.46,-12.16,-6.73,-4.44,-10.3,34.94,174240000.0,9068000000.0,3397000000.0
sz300760,300760,sz,迈瑞医疗,158.68,2.74,0.98,1.36,24.54,4.98,5.99,1.99,6.81,4.51,-15.99,1874050000.0,192288000000.0,192108000000.0
sz300672,300672,sz,国科微,158.55,-2.92,3.87,0.57,-149.76,8.93,-19.11,-7.02,4.65,-51.8,47.32,1286130000.0,34422000000.0,33349000000.0
sh688002,688002,sh,睿创微纳,158.4,-1.25,2.22,0.77,36.27,9.29,-6.15,-6.27,3.01,24.23,57.6,1641240000.0,73743000000.0,73743000000.0
sz002821,002821,sz,凯莱英,156.57,-6.86,4.59,0.91,50.86,3.22,-11.6,-11.04,-3.92,34.83,70.86,2330110000.0,56469000000.00001,49640000000.0
sz300835,300835,sz,龙磁科技,156.52,-1.76,3.9,1.03,111.36,14.94,-6.21,5.99,10.23,-12.8,139.38,511520000.0,18665000000.0,13081000000.0
sh688205,688205,sh,德科立,156.0,-2.11,5.98,0.67,175.29,10.13,-4.51,14.71,17.6,-34.29,13.47,1489090000.0,24841000000.0,24841000000.0
sh603259,603259,sh,药明康德,155.84,-4.31,2.77,1.08,21.46,5.58,-6.62,-3.41,25.01,53.39,74.98,10767740000.0,464989000000.00006,385436000000.0
sh688313,688313,sh,仕佳光子,154.05,-2.5,5.58,0.9,148.03,40.55,-3.72,14.95,34.08,-5.14,74.11,3875160000.0,69628000000.0,69628000000.0
sz300475,300475,sz,香农芯创,153.0,-3.23,4.38,0.66,38.72,14.67,-11.04,-2.32,-7.74,-15.0,6.06,2993120000.0,71840000000.0,68855000000.0
sh688143,688143,sh,长盈通,150.22,-5.4,13.95,0.75,897.64,14.34,-2.45,45.84,45.75,-11.09,199.48,2569550000.0,19345000000.0,18383000000.0
sz001389,001389,sz,广合科技,149.6,-4.07,4.59,0.92,47.79,9.28,-13.06,-11.08,-10.69,-23.61,84.73,1040870000.0,70717000000.0,22793000000.0
sh688585,688585,sh,上纬新材,149.47,3.9,1.62,0.8,-388.09,51.22,-12.78,-8.07,25.08,-16.78,17.35,1006060000.0,60290000000.0,60290000000.0
sh688507,688507,sh,索辰科技,149.17,-5.86,9.7,0.75,1007.58,4.83,-18.04,-12.97,-1.53,-6.69,48.95,714250000.0,13291999999.999998,7344000000.0
sh688515,688515,sh,裕太微-U,148.8,-5.33,6.77,0.89,-102.38,8.12,-8.9,-2.52,1.0,-22.31,45.1,507620000.0,11904000000.0,7413000000.0
sh688652,688652,sh,京仪装备,148.58,3.55,5.93,1.16,157.49,11.21,-8.73,-7.54,-3.06,9.73,51.33,1063040000.0,24961000000.0,17941000000.0
sh605376,605376,sh,博迁新材,147.54,-4.07,3.98,0.73,158.87,22.26,-16.01,-15.2,-2.72,-17.22,125.94,1531340000.0,38596000000.0,38596000000.0
sz001232,001232,sz,嘉立创,143.08,-4.52,12.33,0.79,55.41,6.61,-16.84,-20.56,69.41,69.41,69.41,779600000.0,79490000000.0,6325000000.0
sh688268,688268,sh,华特气体,142.75,-1.69,3.91,0.72,146.01,10.07,-12.25,-8.23,-8.77,0.11,150.92,709600000.0,18227000000.0,18227000000.0
sz002353,002353,sz,杰瑞股份,142.48,-6.57,2.48,0.83,55.36,6.27,-14.22,-2.31,-5.65,1.99,103.16,2450180000.0,145879000000.0,98464000000.0
sz002409,002409,sz,雅克科技,140.59,1.51,7.59,0.95,66.46,8.41,-11.58,-9.44,-16.98,30.95,90.53,3380930000.0,66911000000.0,44781000000.0
sz301589,301589,sz,诺瓦星云,139.15,1.64,3.34,1.54,20.56,3.15,-4.4,-4.91,4.81,-12.26,-14.99,164110000.0,12863999999.999998,4796000000.0
sh688300,688300,sh,联瑞新材,139.14,-4.25,4.21,0.72,110.88,19.39,-16.42,-6.18,5.59,-16.78,125.91,1414100000.0,33598000000.0,33598000000.0
sz003031,003031,sz,中瓷电子,134.6,-5.24,4.95,1.03,95.9,9.47,-5.93,19.39,24.04,-4.85,85.09,2298760000.0,60712000000.0,45785000000.0
sh688629,688629,sh,华丰科技,133.95,-3.7,2.61,0.81,145.23,21.66,-13.6,-10.28,-12.45,-5.63,33.87,1614580000.0,62723000000.0,61750000000.0
sh603256,603256,sh,宏和科技,133.9,-4.64,1.47,0.69,245.18,41.07,-16.8,-15.01,-16.5,-33.74,264.43,1727790000.0,121124000000.0,117796000000.0
sz300223,300223,sz,君正股份,133.66,-3.48,6.55,0.75,104.05,5.1,-13.98,-3.48,-8.24,-15.11,26.23,3691930000.0,64647000000.0,56529000000.0
sz300814,300814,sz,中富电路,133.0,-4.63,3.02,0.7,499.43,15.58,-15.72,-5.0,-2.64,-16.74,80.0,768550000.0,25460000000.0,25460000000.0
sh688531,688531,sh,日联科技,132.79,-2.63,3.38,0.66,99.38,6.41,-9.7,0.39,1.57,-25.44,102.94,512510000.0,21989000000.0,15241000000.0
sh688123,688123,sh,聚辰股份,132.41,-4.67,5.16,0.67,30.77,6.74,-8.81,1.0,0.9,-0.42,6.03,1089880000.0,21040000000.0,21040000000.0
sz300843,300843,sz,胜蓝股份,132.31,-5.15,6.79,1.04,183.86,13.43,2.26,9.07,3.37,46.17,157.11,1440780000.0,21660000000.0,21236000000.0
sh603991,603991,sh,领先股份,132.25,-1.7,2.13,0.94,1086.07,5.75,-6.27,-1.3,7.03,27.96,79.57,250560000.0,20196000000.0,11841000000.0
sz301369,301369,sz,联动科技,131.09,-2.54,3.77,0.87,338.65,8.96,-10.63,-4.45,-6.5,-30.42,42.22,269480000.0,13412000000.0,7190000000.000001
sh600183,600183,sh,生益科技,126.3,-4.89,2.64,0.9,59.06,16.58,-12.59,-8.85,0.25,-9.67,78.87,8028370000.0,306783000000.0,304604000000.0
sh600563,600563,sh,法拉电子,126.27,-5.11,2.6,1.11,23.58,4.66,-9.22,-6.81,-7.15,-22.81,23.01,752350000.0,28411000000.0,28411000000.0
sh603124,603124,sh,江南新材,126.22,-4.68,5.38,1.0,70.55,9.88,-14.14,-10.55,-1.95,-7.87,60.97,525800000.0,18396000000.0,9796000000.0
sh688796,688796,sh,百奥赛图,124.92,-6.94,7.3,0.76,192.19,24.47,-11.22,-8.82,-8.14,13.98,137.49,360490000.0,55827000000.0,4823000000.0
sz301583,301583,sz,托伦斯,124.7,-4.16,19.13,0.68,241.74,12.5,-22.22,-23.63,-28.74,451.77,451.77,732660000.0,23129000000.0,3845000000.0000005
sh688356,688356,sh,键凯科技,124.0,15.52,24.96,8.58,104.12,5.7,55.02,60.41,68.39,64.69,51.42,1890200000.0,7520999999.999999,7520999999.999999
sh600436,600436,sh,片仔癀,123.76,-0.27,0.68,0.9,39.25,5.23,-4.93,-11.45,-6.74,-2.43,-25.99,505360000.0,74667000000.0,74667000000.0
sh688383,688383,sh,新益昌,122.77,-3.52,2.22,0.89,-151.16,9.74,-4.27,1.75,13.54,-9.91,56.85,274450000.0,12479000000.0,12479000000.0
sh688820,688820,sh,盛合晶微,122.44,-3.97,5.89,0.58,243.94,11.82,-20.03,-12.47,-14.17,-37.69,522.15,1248650000.0,228078000000.00003,21170000000.0
sh688372,688372,sh,伟测科技,122.22,-0.67,3.86,0.88,59.33,5.02,-11.38,-6.7,-3.23,-19.72,12.6,798420000.0,20655000000.0,20655000000.0
sh688368,688368,sh,晶丰明源,122.0,-3.82,3.71,1.13,314.58,5.09,-9.19,-2.5,-5.33,-21.43,48.99,556040000.0,24864000000.0,15091999999.999998
sh603629,603629,sh,利通电子,121.78,-3.33,8.96,0.64,83.57,20.79,-14.74,-3.2,5.84,-29.17,547.77,3935090000.0,44660000000.0,43929000000.0
sh605499,605499,sh,东鹏饮料,120.99,0.8,0.63,0.68,18.1,4.56,-2.01,-7.52,-5.76,-15.06,-40.62,516300000.0,88831000000.0,81791000000.0
sh688981,688981,sh,中芯国际,120.58,-3.38,2.38,0.91,204.59,5.42,-11.83,-4.49,-16.13,-13.82,-1.83,5769410000.0,1032293000000.0,241107000000.00003
sz301563,301563,sz,云汉芯城,120.35,-2.02,7.24,0.74,48.31,7.57,-10.66,-5.57,-0.26,-30.86,2.43,166300000.0,10188000000.0,2303000000.0
bj920125,920125,bj,鸿仕达,120.0,-0.41,5.24,0.61,76.44,9.55,-13.04,-13.04,-1.6,-36.79,624.2,145500000.0,6739000000.0,2748000000.0
sz002851,002851,sz,麦格米特,119.84,-6.42,5.65,0.93,457.67,7.83,-11.56,-0.71,-8.26,-4.9,33.1,3338600000.0,70108000000.0,58924000000.0
sh688686,688686,sh,奥普特,119.23,-3.07,2.01,1.24,69.18,4.57,-4.61,4.86,4.13,-20.24,-3.53,299030000.0,14574000000.0,14574000000.0
sz301603,301603,sz,乔锋智能,119.0,-0.84,6.02,1.09,37.57,5.8,-9.17,-4.03,9.78,-5.88,57.82,266990000.0,14369999999.999998,4490000000.0
sh688125,688125,sh,安达智能,118.74,-3.93,1.45,0.9,-82.12,5.43,-10.72,-1.21,5.59,-34.03,-12.08,141760000.0,9787000000.0,9761000000.0
sh688020,688020,sh,方邦股份,118.55,-8.72,6.25,1.08,-95.43,7.42,-22.35,-16.69,-0.38,-18.8,74.29,611370000.0,9769000000.0,9769000000.0
bj920982,920982,bj,锦波生物,118.18,-2.85,1.43,0.68,21.79,6.87,-7.6,-13.29,-4.23,-28.29,-49.32,94970000.0,13597999999.999998,6555000000.0
sz300776,300776,sz,帝尔激光,117.91,3.43,5.75,1.21,67.48,6.82,-7.78,1.73,-1.95,-19.76,90.94,1203960000.0,33632000000.0,21143000000.0
sh688266,688266,sh,泽璟制药-U,117.83,-8.45,2.89,0.87,56.72,18.13,-3.54,-1.44,-15.36,17.91,27.11,924680000.0,31191000000.000004,31191000000.000004
sh688147,688147,sh,微导纳米,117.3,-2.02,3.11,1.32,348.59,18.68,-9.56,6.17,-0.78,46.16,87.24,1722770000.0,54482000000.00001,54482000000.00001
sh600809,600809,sh,山西汾酒,117.1,0.47,0.5,0.96,13.01,3.86,-1.55,-4.87,0.52,-3.81,-29.09,715510000.0,142858000000.0,142858000000.0
sz301086,301086,sz,鸿富瀚,116.88,-5.66,6.04,1.29,120.98,7.6,-8.49,0.57,2.37,-27.45,46.87,497910000.0,14711000000.000002,8154000000.000001
sz300454,300454,sz,深信服,116.73,-3.21,7.57,1.6,59.15,4.55,-5.2,-5.91,13.88,9.27,1.46,2510690000.0,50376000000.0,33618000000.0
sh688775,688775,sh,影石创新,116.63,-3.75,1.14,0.7,55.87,8.2,-11.96,-12.42,-10.04,-31.7,-50.3,345550000.0,46769000000.0,30249000000.0
sh688331,688331,sh,荣昌生物,116.42,-7.24,2.42,0.98,50.87,16.73,-13.11,-13.41,-5.73,0.34,49.66,1023860000.0,65716000000.0,41433000000.0
sh688110,688110,sh,东芯股份,116.1,-3.81,6.34,1.48,89.25,12.36,-7.85,2.49,0.83,-18.33,-11.61,3255080000.0,51360000000.0,51360000000.0
sz301165,301165,sz,锐捷网络,115.9,-8.72,2.03,0.86,137.54,24.19,-21.69,-4.37,-11.28,79.8,83.81,2672760000.0,129070000000.0,129070000000.0
sz002463,002463,sz,沪电股份,115.57,-4.65,2.18,0.97,51.7,14.05,-7.61,-5.81,-1.64,-12.47,59.25,4843210000.0,222398999999.99997,222219000000.0
sz300866,300866,sz,安克创新,115.43,-2.59,0.71,0.89,26.93,6.58,-2.34,-3.77,-3.18,-8.18,2.43,256010000.0,67879000000.0,35701000000.0
sz301362,301362,sz,民爆光电,115.12,-4.36,8.55,0.9,126.52,7.0,-16.45,-13.48,-5.65,-31.5,299.68,400500000.0,16801000000.0,4714000000.0
sh688141,688141,sh,杰华特,115.07,-7.46,3.51,0.81,-58.89,41.51,-17.7,-18.57,-13.29,20.29,164.96,1829140000.0,51819000000.00001,51819000000.00001
sz301536,301536,sz,星宸科技,114.31,-2.38,5.67,0.81,100.98,15.56,-11.85,-6.0,-12.07,38.09,91.76,1210880000.0,48206000000.0,21398000000.0
sz301489,301489,sz,思泉新材,113.99,8.3,17.58,1.65,191.95,8.6,-4.69,14.22,3.07,-27.65,-19.75,1413270000.0,13256000000.0,7931999999.999999
sh688169,688169,sh,石头科技,112.5,-3.4,2.16,0.78,20.58,2.06,-0.65,1.69,9.91,10.27,-25.76,635590000.0,29200000000.0,29200000000.0
sh688578,688578,sh,艾力斯,112.19,-3.7,1.74,0.77,18.85,5.97,-6.54,-3.43,-7.43,25.89,8.34,892480000.0,50486000000.0,50486000000.0
sz300274,300274,sz,阳光电源,111.5,-1.4,2.62,1.08,19.38,4.89,-6.14,-1.94,-4.05,-37.36,-34.55,4725470000.0,231163000000.0,177009000000.0
sz300661,300661,sz,圣邦股份,111.13,-4.69,1.7,0.61,124.7,14.25,-9.83,0.78,12.38,-5.64,62.38,1145600000.0,76187000000.0,66879999999.99999
sz301217,301217,sz,铜冠铜箔,111.11,-3.21,3.38,0.67,560.82,16.74,-15.97,-8.17,14.69,-2.54,224.12,3070790000.0,92112000000.0,92112000000.0
sh688233,688233,sh,神工股份,110.85,-2.07,5.23,0.72,190.86,10.02,-10.56,-7.02,1.42,29.97,58.71,976440000.0,18878000000.0,18878000000.0
bj920493,920493,bj,并行科技,110.57,-3.16,2.4,0.69,331.12,13.18,-11.4,-8.02,2.19,-21.05,-16.58,119460000.0,6698999999.999999,4936000000.0
sz301047,301047,sz,义翘神州,110.33,-7.13,9.63,0.71,85.34,2.58,-20.9,-2.89,59.9,74.43,66.16,1292510000.0,13419999999.999998,13193000000.0
sz301529,301529,sz,福赛科技,110.18,2.67,7.54,1.01,96.27,9.32,3.16,37.5,31.17,-5.66,36.1,528320000.0,13047999999.999998,7004000000.000001
sh688813,688813,sh,泰金新能,110.1,-3.09,10.57,0.6,100.12,10.3,-12.61,-6.85,-4.68,-40.9,327.08,347750000.0,17616000000.0,3311000000.0
sz301234,301234,sz,五洲医疗,110.0,14.46,11.8,1.57,315.06,9.81,16.96,19.71,56.03,210.73,160.05,502110000.0,7480000000.0,4435000000.0
sz301682,301682,sz,宏明电子,109.68,-11.12,12.91,1.94,52.77,2.69,-17.25,-16.85,-10.02,-34.93,59.4,364810000.0,13332000000.0,2817000000.0
sz300408,300408,sz,三环集团,108.94,-4.35,2.75,0.82,75.62,10.1,-16.3,-14.15,-2.36,-15.41,140.48,5591740000.0,217523000000.0,203697000000.0
sz002975,002975,sz,博杰股份,108.88,8.28,17.71,2.06,97.31,9.63,2.71,7.81,23.73,-24.55,83.82,2617920000.0,22661000000.0,15054000000.0
sh688018,688018,sh,乐鑫科技,108.31,-3.48,1.56,0.88,44.47,5.39,-5.32,-2.42,3.91,-9.26,-10.54,397130000.0,25386000000.0,25386000000.0
sz301326,301326,sz,捷邦科技,106.87,-2.6,2.27,0.71,-154.28,6.29,-4.49,1.55,20.61,-27.74,-2.1,174280000.0,7770000000.0,7703000000.0
sh605289,605289,sh,罗曼股份,106.8,-1.06,2.6,1.0,188.44,12.21,-5.89,3.59,6.48,-10.01,128.24,423740000.0,16299000000.0,16285000000.0
sz301128,301128,sz,强瑞技术,106.1,-3.09,3.48,0.83,88.89,16.01,-10.25,-2.92,0.52,-14.28,48.38,469500000.0,15365000000.0,13516000000.0
sh688433,688433,sh,华曙高科,106.0,1.09,2.37,1.13,604.01,20.55,10.24,13.79,35.91,13.25,60.32,1048110000.0,44051000000.0,44051000000.0
sh688325,688325,sh,赛微微电,106.0,-3.42,1.0,0.71,98.61,5.31,-6.94,-0.66,-2.2,-2.68,22.88,87000000.0,9165000000.0,8711000000.0
bj920438,920438,bj,戈碧迦,106.0,-13.24,5.08,1.22,473.77,15.97,-14.16,-7.7,-18.46,63.58,164.68,781120000.0,15313000000.0,14776000000.0
sh688271,688271,sh,联影医疗,105.4,-0.57,0.58,0.83,49.12,3.94,-2.23,-6.48,-4.57,-12.25,-15.9,502140000.0,86866000000.0,86866000000.0
sh601100,601100,sh,恒立液压,105.11,-0.64,0.31,0.59,50.9,8.22,-3.41,1.18,-0.35,-3.17,-3.88,434660000.0,140934000000.0,140934000000.0
sh688234,688234,sh,天岳先进,105.05,-4.46,2.46,0.75,-183.25,7.16,-12.63,1.23,5.05,-28.59,18.19,1115260000.0,50909000000.0,45141000000.0
sh688333,688333,sh,铂力特,104.91,-0.52,4.97,0.96,122.19,5.78,-9.37,-4.9,21.59,10.51,-5.85,1453350000.0,28779000000.000004,28779000000.000004
sh603297,603297,sh,永新光学,104.9,-1.84,0.97,0.75,55.22,5.82,-2.36,1.63,13.5,-19.36,0.48,112700000.0,11615000000.0,11615000000.0
sh688603,688603,sh,天承科技,104.38,-2.33,2.69,0.63,133.33,10.8,-12.26,-6.29,2.03,-36.81,39.51,347710000.0,13019000000.0,13019000000.0
sh688260,688260,sh,昀冢科技,104.0,-2.89,4.21,0.66,-68.8,89.45,-13.65,-9.34,31.56,16.21,261.11,525760000.0,12480000000.0,12480000000.0
sz000988,000988,sz,华工科技,103.35,-3.21,3.41,0.7,61.15,9.08,-9.07,-0.32,-7.53,-31.86,30.69,3543800000.0,103919000000.0,103865000000.00002
bj920211,920211,bj,新睿电子,103.3,-4.79,4.94,0.57,63.31,8.56,-4.78,-5.27,-4.0,310.08,310.08,59330000.0,3554000000.0,1198000000.0
sz301611,301611,sz,珂玛科技,102.9,4.71,12.34,1.39,208.22,24.18,-5.67,-2.02,2.8,11.32,20.17,1855570000.0,44864000000.0,15083000000.000002
sz301592,301592,sz,六九一二,102.77,-1.37,3.21,0.76,126.31,7.71,-6.04,-3.59,7.05,-5.16,-15.85,77150000.0,7194000000.0,2401000000.0
sh688047,688047,sh,龙芯中科,102.73,-4.33,1.13,1.13,-98.59,17.17,-9.56,-7.51,-5.67,-29.54,-22.24,471000000.0,41195000000.0,41195000000.0
sz301319,301319,sz,唯特偶,102.51,-6.94,8.45,0.73,210.88,15.55,-16.79,-9.76,3.67,-4.2,170.55,1198090000.0,18704000000.0,14097000000.0
sh688608,688608,sh,恒玄科技,102.38,-4.75,1.53,0.8,52.69,3.45,-7.3,-7.22,-17.79,-13.3,-36.45,376420000.0,24252000000.0,24252000000.0
sh688183,688183,sh,生益电子,102.3,-4.91,1.51,0.85,41.73,13.16,-13.51,-8.92,-0.52,-25.58,7.58,1295990000.0,85686000000.0,85686000000.0
sh688031,688031,sh,星环科技-U,102.19,-3.16,2.94,0.61,-56.89,15.35,-15.43,-9.65,16.39,-12.57,-5.55,364220000.0,12379000000.0,12379000000.0
sh688787,688787,sh,海天瑞声,101.25,-2.99,2.47,0.7,275.75,8.2,-10.32,-7.47,4.37,-24.77,-12.63,150910000.0,6108000000.0,6108000000.0
sh688661,688661,sh,和林微纳,100.71,-0.3,2.49,0.95,-1596.29,12.72,-6.75,-2.65,10.67,-14.07,94.87,375460000.0,15297000000.0,15297000000.0
sz301683,301683,sz,慧谷新材,100.0,1.24,5.37,1.03,30.0,2.68,-5.1,-2.75,3.78,-26.69,29.4,76520000.0,6312000000.0,1427000000.0
sh688535,688535,sh,华海诚科,99.54,-0.96,3.61,0.69,466.51,6.5,-10.9,-3.96,-8.03,-17.18,31.43,473910000.0,14261000000.000002,13291999999.999998
sh688068,688068,sh,热景生物,99.29,-6.76,3.57,0.78,-37.33,3.79,-14.17,-7.98,-14.46,12.01,-38.71,334180000.0,9210000000.0,9210000000.0
sh688188,688188,sh,柏楚电子,98.55,-3.0,0.75,0.9,31.73,6.3,-4.23,-6.36,-1.15,-14.26,2.99,302670000.0,39968000000.0,39968000000.0
sz001270,001270,sz,铖昌科技,98.5,-5.2,3.67,0.68,148.44,12.83,-18.49,-16.53,-3.43,-32.44,7.69,747470000.0,20302000000.0,20173000000.0
sz301680,301680,sz,固德电材,98.15,4.65,9.92,1.48,45.13,4.36,-1.95,5.73,10.65,-18.58,70.55,162510000.0,8127000000.0,1648999999.9999998
sz300373,300373,sz,扬杰科技,97.8,-5.09,4.5,1.06,37.21,5.3,-1.98,3.92,4.91,-8.7,44.89,2420460000.0,53139000000.0,53022000000.0
sz300953,300953,sz,震裕科技,97.66,-2.35,2.67,0.68,32.95,5.05,-9.73,-2.97,1.96,-33.11,-18.6,454070000.0,23784000000.0,17094999999.999998
sh688622,688622,sh,*ST禾信,97.57,-6.36,0.42,1.29,-72.06,23.23,-9.91,-13.72,-7.09,-16.59,-3.52,30210000.0,6875000000.0,6875000000.0
sh600941,600941,sh,中国移动,97.53,1.33,1.41,1.49,16.05,1.49,1.57,0.86,3.33,0.65,-1.33,1245870000.0,2115154000000.0,88047000000.0
sz301338,301338,sz,凯格精机,97.5,-3.95,5.43,1.12,56.51,8.47,-8.74,-1.11,3.11,-45.05,55.86,575140000.0,14524000000.0,10582000000.0
sh688301,688301,sh,奕瑞科技,97.15,-3.75,1.53,0.68,42.22,3.95,-2.7,7.29,6.62,-32.35,35.83,469380000.0,30448000000.0,30448000000.0
sh688828,688828,sh,国仪公司-U,97.0,8.27,28.49,0.93,-10964.5,27.38,-7.58,357.12,357.12,357.12,357.12,686180000.0,38801000000.0,2526000000.0
sz301488,301488,sz,豪恩汽电,96.8,-0.53,2.35,0.74,136.04,4.12,-9.19,-6.51,-1.49,-30.65,-36.59,95500000.0,9817000000.0,4022000000.0
sh688213,688213,sh,思特威-W,96.78,-1.24,1.8,0.79,34.37,7.22,-4.53,0.39,0.87,-2.12,2.73,559030000.0,38935000000.0,31308999999.999996
sz301232,301232,sz,飞沃科技,96.2,-6.93,11.62,0.81,225.25,7.15,-17.12,-15.41,-13.33,-27.39,-20.08,706380000.0,10129000000.0,6021000000.0
sz301696,301696,sz,三瑞智能,96.05,-3.12,5.66,0.48,73.01,18.11,-12.9,-9.04,-3.92,-24.93,297.23,163570000.0,38421000000.0,2890000000.0
sh603516,603516,sh,淳中科技,95.88,-2.42,2.8,0.92,65.88,11.58,-6.2,-3.22,0.02,-14.32,-57.08,552650000.0,19489000000.0,19489000000.0
sz002428,002428,sz,云南锗业,95.37,-5.46,13.07,0.95,3269.07,42.59,-13.02,-7.03,20.66,4.61,200.47,8218290000.0,62288000000.0,62279999999.99999
sh688656,688656,sh,浩欧博,94.88,-6.78,2.47,1.55,217.5,7.25,1.17,4.61,13.79,-14.92,-38.23,148490000.0,6027000000.0,6027000000.0
sh688202,688202,sh,美迪西,94.7,-5.74,5.46,0.75,-92.42,6.5,-11.79,-8.15,11.94,58.79,67.91,704270000.0,12723000000.0,12723000000.0
sh688359,688359,sh,三孚新科,94.58,-1.46,4.11,0.84,-195.79,13.41,-16.43,-8.31,-15.44,-29.38,41.95,378990000.0,9428000000.0,9428000000.0
sh603773,603773,sh,沃格光电,94.58,-6.35,9.61,0.84,-114.61,20.13,-9.48,-1.1,9.98,-9.13,167.33,2037970000.0,21250000000.0,21250000000.0
sh688160,688160,sh,步科股份,94.33,-5.53,1.57,0.69,115.23,6.56,-15.54,-14.37,-6.59,-14.96,-38.02,136130000.0,8604000000.0,8604000000.0
sh605117,605117,sh,德业股份,94.31,-1.96,0.73,0.62,32.87,12.09,-1.34,9.97,6.9,-18.45,56.44,882070000.0,120078000000.0,120078000000.0
sh688308,688308,sh,欧科亿,94.1,-3.27,4.48,0.71,49.83,5.35,-12.72,-9.2,-2.53,-35.94,199.78,666940000.0,14941000000.0,14941000000.0
sh688790,688790,sh,昂瑞微-UW,93.99,-2.37,2.12,0.66,-68.37,3.44,-9.71,-2.97,3.98,-28.9,-36.4,25370000.0,9355000000.0,1191000000.0
sz002980,002980,sz,华盛昌,93.98,-4.53,13.84,1.08,228.02,15.79,-6.21,11.19,11.22,-13.95,346.04,1327120000.0,17707000000.0,9519000000.0
bj920178,920178,bj,锐翔智能,93.38,2.83,5.05,0.84,47.12,6.58,-10.91,-16.78,0.32,-46.96,216.86,89960000.0,6157000000.0,1798000000.0
sz301373,301373,sz,凌玮科技,93.02,-5.43,6.81,0.74,72.12,5.95,-15.05,1.94,3.0,-32.89,192.52,443540000.0,10090000000.0,6479000000.000001
sh603290,603290,sh,斯达半导,92.99,-5.07,5.65,0.94,67.86,3.25,3.47,6.36,9.55,-27.46,-2.71,1293420000.0,22269000000.0,22269000000.0
sh688258,688258,sh,卓易信息,92.73,-4.69,2.27,0.87,93.3,11.88,-14.65,-16.96,-6.19,-32.52,21.26,254120000.0,11234000000.0,11234000000.0
sz301080,301080,sz,百普赛斯,92.63,-6.36,14.74,0.76,90.7,5.95,-3.39,19.21,73.27,131.86,73.46,1779890000.0,15532000000.0,11749000000.0
sh688322,688322,sh,奥比中光-W,92.5,-8.42,5.07,1.22,349.19,9.52,-18.14,-15.46,0.66,-17.02,3.16,1517290000.0,38187000000.0,29624000000.0
sh688353,688353,sh,华盛锂电,91.9,0.77,3.45,0.65,48.94,4.01,-15.14,-4.47,-8.99,8.07,-19.17,503860000.0,14658000000.000002,14658000000.000002
sh688131,688131,sh,皓元医药,91.66,-5.88,2.81,0.88,79.69,6.29,-8.72,-6.21,24.1,23.73,27.43,559010000.0,19545000000.0,19545000000.0
sh603228,603228,sh,景旺电子,91.64,-3.37,3.69,0.82,77.56,6.69,-5.46,-4.54,11.67,15.74,26.33,3304390000.0,91759000000.0,89991000000.0
sz300896,300896,sz,爱美客,91.4,-1.04,1.24,0.63,25.26,3.5,-8.13,-13.43,-12.5,-12.74,-35.14,252830000.0,27657000000.0,20201000000.0
sz301031,301031,sz,中熔电气,91.29,-1.61,2.1,1.27,29.12,8.21,-3.27,4.65,11.3,-22.52,20.81,219580000.0,13341999999.999998,10489000000.0
sz301269,301269,sz,华大九天,91.25,-4.15,1.07,0.76,-2300.21,9.53,-7.99,-2.02,-1.05,-20.2,-14.06,539650000.0,49994000000.0,49994000000.0
sz300868,300868,sz,杰美特,91.11,3.53,5.58,1.48,-191.28,7.93,-6.55,2.68,7.45,-14.33,187.41,408600000.0,11587000000.0,7358000000.0
sz301285,301285,sz,鸿日达,90.99,3.66,1.56,1.1,-259.87,19.92,3.41,16.44,21.4,-21.23,34.24,288020000.0,18805000000.0,18805000000.0
sz002594,002594,sz,比亚迪,90.66,0.21,0.78,1.13,30.0,3.62,0.87,-0.54,-1.5,-5.39,-6.88,2472850000.0,826565000000.0,316096000000.0
sz000596,000596,sz,古井贡酒,90.65,0.0,1.01,0.8,16.96,1.97,-4.62,-6.13,3.3,1.14,-29.29,378190000.0,47918000000.0,37040000000.0
sz300959,300959,sz,线上线下,90.58,-3.7,3.92,0.77,-311.21,6.59,-12.66,-8.8,-8.5,-56.43,-4.35,185610000.0,7280000000.0,4740000000.0
sh688016,688016,sh,心脉医疗,90.38,-2.25,1.25,0.99,18.93,2.72,-2.62,-4.98,0.06,-10.66,-0.33,140380000.0,11140000000.0,11140000000.0
sh603175,603175,sh,超颖电子,89.93,-2.12,3.67,0.65,612.59,14.73,-6.68,4.91,12.2,-0.57,32.17,148830000.0,39302000000.0,4089000000.0
sh688710,688710,sh,益诺思,89.89,-5.63,2.99,0.73,-531.89,5.42,-10.15,0.99,14.03,48.55,103.6,247380000.0,12673000000.0,8152000000.0
sh688615,688615,sh,合合信息,89.73,-4.48,4.88,0.91,37.78,5.92,-25.66,-26.25,-3.55,-29.79,-44.4,594980000.0,17587000000.0,12144000000.0
sz301018,301018,sz,申菱环境,89.7,0.11,5.62,0.94,175.82,12.41,-10.46,0.31,-3.68,-12.21,98.48,1431180000.0,33573000000.0,25369000000.0
sz300436,300436,sz,广生堂,89.66,-3.72,4.45,1.05,-66.33,56.76,-8.89,-7.28,0.17,-20.84,0.57,561060000.0,14280000000.000002,12258000000.0
sh688099,688099,sh,晶晨股份,89.5,-2.63,2.1,0.77,38.38,4.75,-10.7,-8.12,-8.37,-15.49,2.84,797850000.0,37887000000.0,37887000000.0
sh688662,688662,sh,富信科技,89.45,-2.58,8.07,0.64,249.41,14.28,-17.11,7.25,11.81,22.65,128.67,819890000.0,10260000000.0,10260000000.0
sh688220,688220,sh,翱捷科技-U,89.26,-5.42,2.03,1.04,-126.11,6.86,-17.23,-14.58,-18.94,-16.09,8.05,765940000.0,37338000000.0,37338000000.0
sh688328,688328,sh,深科达,89.1,-2.26,12.19,1.31,128.96,9.59,5.96,13.55,15.04,13.49,207.03,1022810000.0,8416000000.0,8416000000.0
sz301196,301196,sz,唯科科技,88.98,1.84,8.66,1.06,58.24,4.47,-6.68,7.63,15.11,-4.59,45.92,836420000.0,14612000000.0,9592000000.0
sz300236,300236,sz,上海新阳,88.9,0.23,3.95,0.85,73.2,4.08,-12.38,-5.93,1.39,-2.5,40.48,976370000.0,27860000000.000004,24776000000.0
sh688332,688332,sh,中科蓝讯,88.86,-2.48,2.19,0.67,8.99,2.79,-12.0,2.2,4.95,-5.94,1.7,348500000.0,15860000000.0,15860000000.0
sh688503,688503,sh,聚和材料,88.8,-3.23,7.37,0.64,34.69,4.13,-7.19,19.29,28.88,-2.83,46.57,1582840000.0,21493000000.0,21493000000.0
sz001359,001359,sz,平安电工,88.68,-3.61,6.88,0.79,92.54,10.36,-3.71,1.13,-0.66,18.36,63.29,367850000.0,21386000000.0,5347000000.0
sz301628,301628,sz,强达电路,88.5,-2.43,5.91,0.44,56.99,5.76,-3.88,7.46,18.79,-35.14,0.28,144480000.0,6670999999.999999,2467000000.0
sh688777,688777,sh,中控技术,88.31,-3.07,1.31,0.79,176.41,7.12,-8.78,-14.26,4.04,3.26,79.99,914170000.0,69870000000.0,69518000000.0
sz002938,002938,sz,鹏鼎控股,87.95,-1.4,0.8,0.76,53.8,5.93,-10.71,-10.73,-5.72,-15.44,77.39,1614420000.0,203827000000.0,203237000000.0
sh688028,688028,sh,沃尔德,87.83,-3.95,2.81,0.64,130.28,6.62,-8.56,1.11,5.84,-25.41,36.36,372600000.0,13258000000.000002,13258000000.000002
sz301191,301191,sz,菲菱科思,87.61,-5.75,6.46,0.92,115.68,5.03,-13.68,-6.18,-19.05,-19.67,14.07,413390000.0,8489000000.0,6401000000.000001
sh688275,688275,sh,万润新能,87.25,1.56,5.85,1.52,111.75,2.0,1.45,7.44,8.66,-34.79,15.72,645630000.0,11004000000.0,11004000000.0
sh688059,688059,sh,华锐精密,86.97,-4.84,3.03,0.75,35.91,5.6,-10.41,-8.11,10.27,-13.22,57.11,348120000.0,12174000000.0,11394000000.0
sz301550,301550,sz,斯菱智驱,86.88,-1.52,4.29,0.67,176.17,16.2,-4.15,19.26,17.56,-23.86,-8.98,769620000.0,29135000000.000004,17832000000.0
sz301557,301557,sz,常友科技,86.82,0.02,3.21,0.63,73.98,5.4,0.31,4.94,13.0,-0.57,-6.42,68660000.0,5386000000.0,2159000000.0
sz002920,002920,sz,德赛西威,86.59,0.2,0.91,0.78,20.87,3.22,-5.13,-6.68,4.46,-14.91,-27.27,473730000.0,51678000000.0,51661000000.0
sh603459,603459,sh,红板科技,86.24,-1.16,10.71,0.68,117.04,15.95,-13.47,-15.99,-6.77,-15.36,387.23,721120000.0,65004000000.0,6817000000.0
sz002008,002008,sz,大族激光,86.1,-5.28,4.58,0.94,44.56,4.13,-14.56,-10.23,-16.67,-34.7,110.05,3766660000.0,88649000000.0,82374000000.0
sz301306,301306,sz,西测测试,86.05,-3.29,5.12,0.63,-48.68,8.64,-15.81,-11.75,-3.64,-33.55,-24.76,257070000.0,7263000000.0,5013000000.0
sz301357,301357,sz,北方长龙,86.0,-3.02,5.17,1.22,380.97,7.21,-17.43,-24.05,-12.48,-7.27,-38.96,432430000.0,8187000000.0,8187000000.0
sz000333,000333,sz,美的集团,85.99,2.0,0.4,1.16,14.84,3.22,4.09,0.81,2.21,11.49,15.53,2368710000.0,656000000000.0,592029000000.0
sz002718,002718,sz,友邦吊顶,85.65,-1.17,0.96,0.91,8428.54,12.07,-6.06,-0.95,1.0,-1.75,138.31,79270000.0,11087000000.0,8241000000.0
sz000568,000568,sz,泸州老窖,85.51,0.36,0.65,1.0,12.65,2.44,-0.97,-5.77,2.13,-6.07,-25.55,825090000.0,125861999999.99998,125790000000.00002
sh688667,688667,sh,菱电电控,85.5,-5.94,1.86,1.13,28.64,2.48,-6.91,-3.73,-0.96,-28.82,22.81,84390000.0,4505000000.0,4505000000.0
sh688677,688677,sh,海泰新光,84.25,-8.35,8.99,0.69,58.52,7.54,-6.14,14.22,16.24,-45.43,97.92,904470000.0,10100000000.0,10100000000.0
sz300684,300684,sz,中石科技,84.2,0.12,10.99,0.75,73.82,12.55,4.17,62.71,63.5,49.93,73.67,1885480000.0,25219000000.0,17225000000.0
sh600259,600259,sh,中稀有色,84.11,-1.4,3.43,1.02,112.65,7.83,-7.9,-7.06,15.09,0.86,49.9,978230000.0,28298000000.0,28298000000.0
sz300395,300395,sz,菲利华,83.99,-4.55,3.24,0.83,85.53,8.43,-11.82,-3.4,2.35,-37.2,-16.26,1395590000.0,44156000000.0,43048000000.0
sh688628,688628,sh,优利德,83.71,-3.21,5.56,0.9,48.43,7.05,9.45,25.9,28.09,-1.52,169.68,515690000.0,9356000000.0,9356000000.0
sh601799,601799,sh,星宇股份,83.68,-3.26,1.7,1.68,14.43,2.16,-8.99,-12.93,-7.02,-34.11,-31.18,405610000.0,23906000000.0,23906000000.0
sz301600,301600,sz,慧翰股份,83.67,-1.56,1.63,0.68,55.74,7.18,-5.51,-4.79,-6.26,-16.92,-35.3,44090000.0,8745000000.0,2699000000.0
sh688003,688003,sh,天准科技,82.74,-2.66,2.91,0.57,85.36,8.07,-12.72,6.76,8.58,-18.45,41.67,469760000.0,16116000000.0,16116000000.0
sh603501,603501,sh,豪威集团,82.5,-3.87,1.59,1.18,28.18,3.17,-10.46,-7.45,-13.44,-13.07,-34.42,1598210000.0,103760999999.99998,99574000000.0
sh688228,688228,sh,开普云,82.44,3.7,5.96,1.45,-276.17,4.47,0.88,11.32,31.69,-6.78,-57.64,332050000.0,5569000000.0,5569000000.0
sh603301,603301,sh,振德医疗,82.29,0.57,0.43,0.62,82.24,3.87,-3.89,-2.52,-4.8,-1.08,17.22,93330000.0,21714000000.0,21714000000.0
sh603019,603019,sh,中科曙光,82.18,-2.29,2.01,0.78,49.57,5.21,-9.25,-4.71,-15.05,-6.44,-3.53,2415230000.0,120239000000.00002,120233999999.99998
sh688583,688583,sh,思看科技,82.0,-6.42,5.74,0.81,133.18,8.65,-11.1,10.17,7.06,0.33,23.45,203970000.0,10148000000.0,3536000000.0
sz301511,301511,sz,德福科技,81.87,-9.68,9.9,1.17,153.0,12.21,-18.94,-7.7,0.45,-34.83,129.39,3264710000.0,51604000000.0,32637000000.0
bj920699,920699,bj,海达尔,81.6,-4.0,1.92,0.42,96.02,15.59,-15.01,-0.97,13.33,77.34,144.1,45580000.0,5212000000.0,2385000000.0
sh688508,688508,sh,芯朋微,81.5,-4.57,5.38,0.76,42.59,3.73,-15.79,-6.86,13.18,-15.61,34.82,578400000.0,10792000000.0,10792000000.0
sh688545,688545,sh,兴福电子,81.47,0.84,7.14,0.82,130.05,9.88,-11.09,-9.72,3.61,8.77,118.71,1045420000.0,29329000000.000004,14847999999.999998
sh688485,688485,sh,九州一轨,81.35,-2.13,4.24,0.53,-956.72,9.78,1.54,30.16,60.04,52.6,356.0,516200000.0,12226000000.0,12226000000.0
sz001400,001400,sz,江顺科技,81.15,1.02,11.12,1.27,79.98,5.41,3.53,6.01,15.45,-26.31,46.86,412820000.0,6817000000.0,3752000000.0000005
sh688456,688456,sh,有研粉材,80.78,-2.56,5.53,0.59,93.16,6.63,-13.42,-4.05,3.5,5.1,4.28,459460000.0,8373999999.999999,8373999999.999999
sz300803,300803,sz,指南针,80.26,-1.98,1.74,0.81,244.14,17.08,-5.39,-4.37,6.26,-12.62,-38.63,848520000.0,48942000000.0,48585000000.0
sh603163,603163,sh,圣晖集成,80.1,-2.66,2.79,0.91,49.46,6.85,-12.52,-3.56,5.04,-22.24,17.88,221860000.0,8009999999.999999,8009999999.999999
sh603345,603345,sh,安井食品,78.59,-0.52,2.24,1.28,17.14,1.68,-6.7,-8.5,-8.06,-19.99,0.95,513260000.0,26193000000.0,23050000000.0
sz301093,301093,sz,华兰股份,78.44,-4.33,3.5,1.05,394.24,7.61,-4.71,-3.23,22.12,-18.39,99.72,564010000.0,16718000000.0,15961000000.000002
sz301707,301707,sz,展芯股份,78.42,-2.0,19.56,0.74,129.54,13.7,-13.16,-27.52,234.41,234.41,234.41,408930000.0,32245999999.999996,2121000000.0
bj920181,920181,bj,赛英电子,78.0,5.85,12.02,1.34,36.81,4.39,-0.84,8.12,12.28,-32.75,178.57,91620000.0,3370000000.0000005,782000000.0
sz300903,300903,sz,科翔股份,77.8,-1.04,5.66,0.68,-127.79,18.55,-7.85,11.17,23.55,10.37,303.32,1521720000.0,33873000000.0,27337000000.0
sh688011,688011,sh,新光光电,77.8,-2.24,1.67,0.65,-188.46,7.38,-11.92,-8.89,20.71,34.6,21.87,127710000.0,7741000000.0,7715000000.000001
sh688480,688480,sh,赛恩斯,77.68,-2.75,0.99,0.95,61.43,6.35,-5.93,-5.53,8.8,-20.65,52.1,73120000.0,7405000000.0,7405000000.0
sh688375,688375,sh,国博电子,77.41,-2.78,0.57,0.74,114.12,7.31,-10.34,-6.51,3.13,-14.53,-16.48,262580000.0,46138000000.0,46138000000.0
sz000408,000408,sz,藏格矿业,77.4,-1.01,0.95,0.99,21.34,7.06,-2.53,-13.23,-2.92,0.29,-6.64,1155160000.0,121433999999.99998,121433000000.0
sz301520,301520,sz,万邦医药,77.1,8.36,35.61,0.9,295.33,4.8,-9.36,31.44,26.33,190.98,173.26,873510000.0,7184000000.0,2521000000.0
sz002192,002192,sz,融捷股份,76.85,5.99,19.2,2.44,16.7,4.39,3.81,9.41,17.63,-4.98,49.14,3897130000.0,19955000000.0,19913000000.0
sz301421,301421,sz,波长光电,76.55,-0.33,7.23,0.97,176.8,7.3,-7.36,-2.61,11.87,-21.0,-26.43,335460000.0,8858000000.0,4648000000.0
sz300936,300936,sz,中英科技,76.42,-12.02,13.88,1.32,883.21,5.72,-11.91,3.55,17.82,-30.53,95.95,516940000.0,5747000000.0,3640000000.0
sz000661,000661,sz,长春高新,76.11,-4.26,2.0,0.88,-88.06,1.39,-9.96,-8.3,-4.62,3.45,-17.62,617930000.0,31048000000.0,30414999999.999996
sh688198,688198,sh,佰仁医疗,76.08,-3.08,0.54,0.82,51.77,8.33,-5.02,-7.17,-4.9,-7.83,-28.37,56920000.0,10480000000.0,10480000000.0
sh688669,688669,sh,聚石化学,75.7,-4.77,2.95,0.83,-41.19,8.45,-3.89,7.16,8.76,87.84,225.73,270160000.0,9185000000.0,9185000000.0
sh688693,688693,sh,锴威特,75.63,-1.09,7.53,0.96,-58.07,7.18,-13.25,-11.23,22.14,-33.53,102.0,223080000.0,5573000000.0,2942000000.0
sh688185,688185,sh,康希诺,75.5,-2.35,15.76,2.5,-18538.07,3.79,30.31,37.62,53.3,28.95,20.13,1397930000.0,18652000000.0,8635000000.0
sh688137,688137,sh,近岸蛋白,75.49,-6.79,10.52,1.05,-68.92,2.61,10.32,37.5,118.75,77.16,88.49,564880000.0,5278000000.0,5278000000.0
sh688676,688676,sh,金盘科技,75.35,-0.86,4.25,1.1,49.69,6.79,2.13,7.64,4.33,-25.01,-15.96,1472500000.0,34645000000.0,34645000000.0
sz301021,301021,sz,英诺激光,75.34,-0.61,6.27,0.83,172.6,11.18,-0.61,12.7,14.48,-21.82,55.18,720080000.0,11517000000.0,11504000000.0
sh605123,605123,sh,派克新材,75.33,-1.48,1.1,0.49,34.91,1.97,-6.36,-5.67,1.32,-24.66,-27.3,101180000.0,9128000000.0,9128000000.0
sh603296,603296,sh,华勤技术,75.22,-3.86,2.52,0.9,26.68,4.48,-13.44,-6.92,-13.47,0.1,17.6,1519270000.0,114019000000.0,60070000000.00001
sh605318,605318,sh,法狮龙,75.14,-1.34,0.78,0.59,30521.89,14.77,-7.04,-3.77,-5.15,-18.43,15.3,73250000.0,9447000000.0,9447000000.0
sh603115,603115,sh,海星股份,75.13,-4.13,2.84,0.66,82.33,9.01,-11.88,-3.93,1.68,-29.28,314.85,515790000.0,18375000000.0,18375000000.0
sz001339,001339,sz,智微智能,74.8,-4.69,4.01,0.93,53.45,9.03,-14.37,-9.22,-0.66,-6.47,90.37,487980000.0,24462000000.0,12110000000.0
sz300782,300782,sz,卓胜微,74.55,-3.36,2.01,0.86,-109.75,3.25,-9.63,-2.43,2.26,-31.04,-8.51,670500000.0,42865000000.0,33417000000.0
sh603979,603979,sh,金诚信,74.34,-1.01,1.03,0.83,18.41,4.2,-4.19,-7.28,3.39,1.12,-1.52,481600000.0,46373000000.0,46373000000.0
sz300811,300811,sz,铂科新材,74.28,-3.91,3.81,0.96,69.98,9.84,-7.7,5.39,13.93,-14.33,46.24,945090000.0,30294000000.0,24865000000.0
sh688103,688103,sh,国力电子,74.13,-1.07,2.5,0.85,108.09,6.39,-6.97,-3.99,1.56,16.91,22.81,174900000.0,7066000000.0,7066000000.0
bj920186,920186,bj,中科仪,74.12,0.98,3.02,0.78,16.61,4.84,-4.46,-2.56,-2.58,-29.11,357.25,261890000.0,16591000000.0,8678000000.0
sz300969,300969,sz,恒帅股份,74.05,0.68,2.67,0.99,73.65,8.61,-6.66,-1.21,-0.15,-31.08,-15.95,155140000.0,12153000000.0,5796000000.0
sh688032,688032,sh,禾迈股份,73.89,-2.13,0.95,1.49,-43.05,1.62,-6.11,-6.65,-2.24,-23.09,-26.69,88030000.0,9168000000.0,9168000000.0
sh688029,688029,sh,南微医学,73.85,-0.39,1.31,1.02,24.96,3.42,0.93,1.37,1.93,-8.73,-8.34,184200000.0,13872999999.999998,13872999999.999998
sh600584,600584,sh,长电科技,73.8,-6.07,6.26,0.78,68.1,4.56,-14.04,-6.01,-10.38,-9.95,101.2,8343890000.0,132058999999.99998,132058999999.99998
sz301123,301123,sz,奕东电子,73.68,-2.35,4.32,0.69,-337.5,6.17,-9.26,4.51,4.51,-16.54,0.16,529350000.0,17288000000.0,12160000000.0
sz300054,300054,sz,鼎龙股份,73.62,-0.3,3.76,0.9,84.65,13.09,-9.45,-6.4,-0.74,9.82,96.32,2044660000.0,70270000000.0,54795000000.00001
sh688318,688318,sh,财富趋势,73.6,-3.95,1.11,0.78,86.97,6.99,-9.58,-7.79,11.03,-7.69,-21.9,294930000.0,26391000000.000004,26391000000.000004
sz300720,300720,sz,海川智能,73.52,-4.01,7.0,0.78,625.57,24.79,-23.81,-7.81,18.35,16.8,117.29,948060000.0,14327000000.000002,13538000000.0
sz002779,002779,sz,中坚科技,73.38,-1.83,1.3,0.63,85.28,14.92,-3.71,-1.38,25.12,4.52,-35.28,156980000.0,13561000000.000002,12167000000.0
sz300990,300990,sz,同飞股份,73.23,0.14,8.69,1.07,50.0,5.94,-6.36,0.6,-19.23,-9.59,-18.32,492450000.0,12538000000.0,5695000000.0
sz000977,000977,sz,浪潮信息,73.22,-4.1,4.13,0.77,42.08,4.83,-9.25,-4.54,-13.86,13.29,10.01,4428460000.0,107522000000.0,107401000000.0
sh600309,600309,sh,万华化学,73.19,-1.07,0.75,0.79,17.41,2.13,0.08,-6.18,-1.29,-0.35,-2.97,1713140000.0,229119000000.0,229119000000.0
sz301095,301095,sz,广立微,73.02,-1.74,2.43,0.74,159.51,4.71,-9.99,-0.25,2.86,-21.75,2.11,306610000.0,14625000000.0,12634000000.0
sh688309,688309,sh,恒誉科技,73.0,-1.99,1.98,0.8,54.62,6.9,-3.31,3.55,7.51,5.75,204.67,114430000.0,5796000000.0,5796000000.0
sh603306,603306,sh,华懋科技,72.98,-1.72,2.74,0.68,168.11,7.54,-4.73,-6.44,8.44,-33.29,15.97,656890000.0,24047000000.0,24047000000.0
sh688416,688416,sh,恒烁股份,72.87,-3.42,4.29,0.83,-320.53,5.89,-10.13,1.07,5.2,-21.84,71.43,337770000.0,7861000000.0,7861000000.0
sh603580,603580,sh,艾艾精工,72.8,-9.88,11.1,1.08,235.8,21.26,25.09,23.12,52.21,192.75,349.44,1078550000.0,9513000000.0,9513000000.0
sz003043,003043,sz,华亚智能,72.66,1.44,5.75,0.86,139.13,5.54,0.5,-2.14,2.93,20.8,57.55,389680000.0,10464000000.0,6831000000.0
sh688190,688190,sh,云路股份,71.74,-1.81,0.94,1.36,31.03,3.29,-7.82,-5.11,3.21,-38.3,-25.5,80870000.0,8609000000.0,8609000000.0
sh688261,688261,sh,东微半导,71.64,-4.24,5.98,0.91,70.33,2.9,-4.72,0.53,0.25,-23.34,-12.56,526620000.0,8786000000.0,8747000000.0
sz301590,301590,sz,优优绿能,71.6,-3.87,2.29,0.85,102.36,2.21,-9.11,-7.07,-3.25,-40.58,-43.21,40190000.0,4215000000.0,1745000000.0
sh688605,688605,sh,先锋精科,71.5,-0.14,3.66,0.89,84.28,8.77,-11.08,-8.87,-1.31,5.46,11.44,280810000.0,14469999999.999998,7747000000.0
sh688109,688109,sh,品茗科技,71.49,-2.11,0.91,0.81,327.3,7.31,-5.56,-5.0,11.29,-6.85,-43.64,51200000.0,5636000000.0,5636000000.0
sz301662,301662,sz,宏工科技,71.48,5.46,9.84,2.17,69.92,5.52,-2.28,0.68,5.41,-28.38,-13.4,314720000.0,8292000000.0,3187000000.0
sz000858,000858,sz,五 粮 液,71.48,0.41,0.55,0.95,22.02,2.35,-1.47,-6.18,-3.27,-13.16,-30.84,1518520000.0,277457000000.0,277451000000.0
sz301005,301005,sz,超捷股份,71.32,-2.31,6.4,0.65,923.92,17.3,-19.71,-14.53,7.86,-29.85,-35.67,842960000.0,13406000000.0,13133000000.000002
sh688596,688596,sh,正帆科技,71.15,7.32,11.03,1.41,296.3,6.4,-1.48,0.92,30.43,75.42,125.66,2427680000.0,22602000000.0,22602000000.0
sz301312,301312,sz,智立方,70.8,1.1,8.64,1.22,183.88,10.06,-4.97,6.93,7.75,-20.88,99.55,521840000.0,11931000000.0,6002000000.0
sh688114,688114,sh,华大智造,70.56,-5.66,5.87,1.77,-139.05,4.18,9.24,14.47,42.72,39.72,16.13,1752110000.0,29389000000.0,29327000000.0
sh688646,688646,sh,逸飞激光,70.2,-4.07,3.36,0.77,-79.77,4.65,-11.03,-5.14,17.2,10.57,96.69,142790000.0,6609999999.999999,4263000000.0000005
sh603823,603823,sh,百合花,69.98,-9.99,3.4,0.75,177.58,11.89,-10.39,2.34,2.43,175.62,369.03,1029680000.0,29137000000.0,29137000000.0
sz301568,301568,sz,思泰克,69.96,-4.03,7.2,1.03,60.27,7.17,-6.09,2.39,3.84,-13.44,45.95,240500000.0,7223999999.999999,3329999999.9999995
sz001280,001280,sz,中国铀业,69.6,3.83,9.03,1.72,83.72,8.73,3.42,3.79,13.76,-3.61,14.74,1104660000.0,143945000000.0,12091000000.0
sh605389,605389,sh,长龄液压,69.47,-1.46,0.53,0.95,97.6,6.21,-8.82,-6.71,-4.55,-18.4,16.45,64200000.0,12991000000.0,12306000000.0
sh688401,688401,sh,路维光电,69.02,1.28,2.32,0.8,52.29,5.48,-7.36,-1.22,3.32,-12.26,42.57,303620000.0,14175000000.0,13344999999.999998
sz301323,301323,sz,新莱福,69.0,-5.45,2.41,1.11,46.91,3.24,-11.36,-9.26,-8.1,-13.65,27.37,114910000.0,7354000000.000001,4731000000.0
sz003004,003004,sz,声迅股份,68.84,-3.08,1.49,0.71,-6201.02,8.93,-7.87,3.52,15.5,15.29,207.32,72040000.0,5636000000.0,4732000000.0
sh688227,688227,sh,品高股份,68.8,-4.91,1.97,0.7,-240.94,6.15,-17.7,-17.11,-10.26,-10.07,5.83,154360000.0,7778000000.0,7778000000.0
bj920238,920238,bj,长鹰硬科,68.79,4.24,15.46,1.22,23.42,5.33,3.37,-6.51,7.37,264.16,264.16,203600000.0,6551000000.000001,1335000000.0
bj920725,920725,bj,惠丰钻石,68.6,-7.23,7.76,0.62,-444.32,10.42,-16.23,-9.82,-12.5,31.17,103.5,238650000.0,6261000000.0,3031000000.0
sz300951,300951,sz,博硕科技,68.41,-3.61,3.59,0.85,161.1,5.25,-8.91,2.43,32.5,74.83,102.69,370740000.0,11589000000.0,10357000000.0
sz300613,300613,sz,富瀚微,68.4,-3.02,3.82,0.73,73.96,5.5,-12.77,-7.75,14.38,15.29,48.76,574660000.0,15930000000.000002,15027000000.000002
sh688112,688112,sh,鼎阳科技,68.21,-4.08,2.7,0.66,69.12,6.85,17.22,34.25,33.8,-0.19,85.4,294870000.0,10886000000.0,10886000000.0
sh603391,603391,sh,力聚热能,67.57,-1.46,6.99,0.51,29.83,2.84,4.58,7.94,33.35,11.63,5.63,107630000.0,6149000000.0,1537000000.0
sh688696,688696,sh,极米科技,67.29,-2.22,0.54,0.64,35.95,1.62,-6.37,-8.71,9.33,-11.44,-39.02,25690000.0,4712000000.0,4712000000.0
sz002432,002432,sz,九安医疗,67.27,-4.85,4.2,0.92,13.66,1.5,-11.04,-6.93,-7.09,-10.07,74.48,1317920000.0,31341000000.000004,31299000000.0
sz300390,300390,sz,天华新能,67.23,2.69,8.84,1.48,20.05,4.07,-0.55,7.64,14.61,-19.7,23.11,4309770000.0,55851000000.0,47834000000.0
sh688090,688090,sh,瑞松科技,67.2,-6.01,5.68,1.26,355.22,11.68,-10.22,0.98,7.45,1.78,96.74,609150000.0,10666000000.0,10666000000.0
sz300503,300503,sz,昊志机电,67.03,-3.76,6.1,0.62,71.68,13.02,-12.7,-7.21,-0.39,-8.8,5.36,984290000.0,20660000000.0,16169000000.0
sz000657,000657,sz,中钨高新,66.76,-2.03,6.17,0.95,54.11,13.49,-5.29,-8.3,13.17,-1.49,142.94,5992710000.0,152120000000.0,97032000000.0
sz301182,301182,sz,凯旺科技,66.72,-2.03,2.63,0.78,-56.31,9.64,-10.24,-2.74,14.29,-14.55,56.55,152060000.0,6393000000.0,5830000000.0
sz300779,300779,sz,惠城环保,66.5,-2.49,3.63,0.64,292.29,8.88,-12.11,-10.17,-16.31,11.34,-28.48,547270000.0,19771000000.0,15107000000.0
sh688376,688376,sh,美埃科技,66.49,-1.0,1.08,0.82,81.12,4.64,-10.61,-5.31,-3.36,-4.43,15.29,96940000.0,8993000000.0,8993000000.0
sz301292,301292,sz,海科新源,66.36,-0.48,9.6,0.66,462.75,5.17,-10.2,-4.03,-1.1,-6.35,3.03,546090000.0,14785000000.0,5653000000.0
sh688290,688290,sh,景业智能,66.28,-0.48,0.83,0.76,-142.51,5.35,-4.08,-2.0,22.11,6.29,11.51,56370000.0,6773000000.0,6773000000.0
sh605255,605255,sh,天普股份,66.28,-2.05,0.4,0.53,590.83,10.98,-4.08,-4.52,-6.96,-29.14,-69.6,35720000.0,8887000000.0,8887000000.0
sz003021,003021,sz,兆威机电,66.16,-3.15,1.6,0.66,82.08,3.49,-19.27,-16.83,-12.73,-31.4,-46.56,221680000.0,17703000000.0,13718000000.0
sh688073,688073,sh,毕得医药,66.1,-7.68,5.32,0.74,35.78,3.0,-19.23,-10.58,36.06,32.94,10.26,325650000.0,6007000000.0,6007000000.0
sh688449,688449,sh,联芸科技,66.04,-3.1,3.61,0.77,172.79,15.95,-6.83,14.16,17.2,-12.88,46.33,712560000.0,30377999999.999996,19363000000.0
sz301358,301358,sz,湖南裕能,66.0,-1.9,2.96,0.73,14.41,2.75,-9.09,-1.12,0.47,-25.35,2.64,1521770000.0,55950000000.0,50446000000.0
sh688115,688115,sh,思林杰,65.72,-3.72,2.19,0.76,785.63,4.83,-8.42,16.98,34.18,67.49,40.44,134770000.0,6134000000.0,6134000000.0
sh603087,603087,sh,甘李药业,65.47,-4.33,1.91,0.7,38.19,3.48,-11.79,-3.29,1.21,25.23,-2.39,711650000.0,39114000000.0,36756000000.0
sh603800,603800,sh,洪田股份,65.42,-2.5,2.21,0.8,572.87,17.2,-10.77,4.09,-0.43,5.93,34.14,303460000.0,13607000000.0,13607000000.0
sh605178,605178,sh,时空科技,65.35,-2.98,3.51,0.75,-30.04,5.87,-4.29,-1.27,0.43,-2.77,26.18,228390000.0,6475000000.0,6475000000.0
sh688720,688720,sh,艾森股份,65.3,-3.03,5.75,0.84,150.84,7.82,-10.17,-1.76,-5.38,-1.5,29.17,293030000.0,8008000000.0,5106000000.0
sh688035,688035,sh,德邦科技,65.1,-1.9,4.34,0.67,71.18,3.86,-13.37,2.39,5.15,-14.01,35.34,402960000.0,9260000000.0,9260000000.0
sh688621,688621,sh,阳光诺和,65.0,-1.53,5.97,1.59,37.35,5.9,-3.75,1.09,10.58,20.78,4.89,445060000.0,7280000000.0,7280000000.0
sz301571,301571,sz,国科天成,64.91,-0.93,2.21,0.82,53.96,5.7,-6.1,-4.54,0.14,8.03,12.76,171300000.0,11647000000.0,7734999999.999999
sh605198,605198,sh,安德利,64.79,10.0,1.88,1.39,68.31,7.87,-4.9,-5.73,13.79,14.81,73.61,323770000.0,21652000000.0,17528000000.0
sz301070,301070,sz,开勒股份,64.67,-6.37,5.09,1.14,-2601.83,11.25,-5.51,-4.33,5.17,-3.62,46.92,283490000.0,8159999999.999999,5485000000.0
sz002859,002859,sz,洁美科技,64.59,-4.27,3.68,0.78,113.09,7.67,-13.8,-12.63,1.89,-6.66,135.04,1014060000.0,29301000000.0,27664999999.999996
sz003033,003033,sz,征和工业,64.58,-6.41,2.0,0.43,34.23,3.8,-9.04,1.65,0.23,4.89,-17.32,105120000.0,5279000000.0,5214000000.0
sh688448,688448,sh,磁谷科技,64.58,0.31,2.94,0.87,943.27,6.14,7.99,24.72,27.48,21.53,79.78,185930000.0,6298000000.0,6298000000.0
sh688390,688390,sh,固德威,64.5,-2.58,2.28,0.79,59.31,5.51,-8.5,-4.16,-2.74,-54.06,3.81,361190000.0,15681000000.0,15681000000.0
sz002896,002896,sz,中大力德,64.35,-6.22,5.74,0.74,224.34,10.71,-19.56,-16.3,3.32,-14.99,-27.89,729850000.0,12646000000.0,12646000000.0
sz001326,001326,sz,联域股份,64.35,4.67,9.55,1.46,164.5,3.84,3.27,9.42,35.39,1.56,36.68,144830000.0,4710000000.0,1546000000.0
sh688800,688800,sh,瑞可达,64.2,1.01,5.55,1.04,65.57,7.85,-2.55,16.54,6.4,-24.61,8.54,1024670000.0,18514000000.0,18514000000.0
sz002653,002653,sz,海思科,64.16,-3.59,0.85,0.71,95.36,12.67,-8.49,-8.71,-5.02,24.41,25.67,294040000.0,73200000000.0,34440000000.0
sz300285,300285,sz,国瓷材料,64.1,-5.54,11.36,0.78,99.65,8.78,-12.81,-15.73,2.74,26.6,135.13,6241830000.0,63911000000.0,54682000000.00001
sz301045,301045,sz,天禄科技,64.05,-2.7,3.87,0.65,192.89,6.88,-11.74,-3.32,-1.91,21.93,142.34,171680000.0,7066000000.0,4465000000.0
sh603650,603650,sh,彤程新材,63.95,-0.81,2.7,0.69,65.59,9.38,-5.68,-2.49,-2.01,22.55,46.53,1051800000.0,39398000000.0,39303000000.0
sh603026,603026,sh,石大胜华,63.9,-2.1,2.79,0.77,45.61,2.87,-7.1,-4.5,-2.59,-27.13,-14.54,419340000.0,14869999999.999998,14869999999.999998
sz001301,001301,sz,尚太科技,63.82,0.98,2.7,0.65,26.86,3.23,13.96,21.56,16.42,2.9,4.97,444760000.0,23270000000.0,16599000000.0
sh603257,603257,sh,中国瑞林,63.7,-0.45,3.41,0.71,38.42,3.05,-1.39,-5.1,2.71,4.39,8.33,53910000.0,7644000000.0,1586000000.0
sh688229,688229,sh,博睿数据,63.63,-4.3,1.28,0.84,-28.46,7.73,-10.1,-9.37,4.04,-21.73,1.52,36200000.0,2825000000.0,2825000000.0
sh603713,603713,sh,密尔克卫,63.6,-4.03,1.09,0.61,16.87,2.28,-4.48,-5.48,-0.61,14.76,16.12,122690000.0,11069000000.0,11069000000.0
sh603757,603757,sh,大元泵业,63.5,1.83,7.56,1.35,101.28,5.68,-1.52,1.28,0.91,16.34,43.7,887950000.0,11846000000.0,11846000000.0
sz300487,300487,sz,蓝晓科技,63.24,-5.46,2.08,0.77,36.88,7.04,-9.54,-9.39,-0.46,5.72,2.7,410880000.0,32198000000.0,19479000000.0
sh688362,688362,sh,甬矽电子,63.24,-2.53,3.65,0.58,342.3,10.9,-14.44,-7.14,-18.15,-1.26,95.12,1035660000.0,28662000000.0,28662000000.0
sh688691,688691,sh,灿芯股份,63.02,-2.29,4.31,0.75,-66.9,6.27,-11.45,-6.57,-5.9,-40.43,-38.2,197700000.0,7562000000.0,4598000000.0
sh688530,688530,sh,欧莱新材,62.92,0.1,14.38,0.86,5336.18,11.89,-7.44,0.67,19.19,26.83,282.73,636360000.0,10070000000.0,4390000000.0
sh688326,688326,sh,经纬恒润-W,62.7,-2.34,1.22,1.15,175.98,1.92,-6.96,-8.56,-3.03,-22.61,-46.51,87340000.0,7520000000.0,6998999999.999999
sz300763,300763,sz,锦浪科技,62.65,-0.81,2.66,0.81,40.76,2.8,-4.45,0.89,-1.79,-45.29,-12.02,540560000.0,24853000000.0,20148000000.0
sz002222,002222,sz,福晶科技,62.6,-3.11,4.76,0.79,100.16,16.53,-7.46,2.39,9.27,-37.69,11.31,1389830000.0,29438000000.0,29306000000.0
sz002290,002290,sz,禾盛新材,62.47,-2.16,2.53,0.68,76.51,14.73,-6.09,4.27,8.57,-30.94,37.33,389470000.0,15500000000.0,15451000000.0
sz300442,300442,sz,润泽科技,62.45,-3.0,1.08,0.54,19.7,7.33,-13.97,-7.73,-5.78,-25.32,18.83,1111360000.0,102483000000.0,102182000000.0
sz301667,301667,sz,纳百川,62.44,-1.2,8.96,0.62,78.33,5.45,-10.61,-13.27,9.66,-30.44,-22.1,134930000.0,6973000000.0,1482000000.0
sz300842,300842,sz,帝科股份,62.31,-0.46,2.87,0.81,-30.52,5.64,-7.18,7.49,10.44,-27.38,5.13,228670000.0,9052000000.0,8045999999.999999
bj920808,920808,bj,曙光数创,62.29,3.92,1.26,1.64,602.56,17.68,-2.67,2.33,-4.46,-18.79,-12.23,153320000.0,12458000000.0,12132000000.0
sh603402,603402,sh,陕西旅游,62.16,0.52,5.41,0.89,20.52,2.18,0.06,-8.43,-6.41,-11.75,3.02,84630000.0,6249000000.0,1562000000.0
sh688305,688305,sh,科德数控,62.08,-1.79,2.83,0.59,91.38,4.37,-11.19,1.01,16.25,0.42,0.8,230860000.0,8229000000.000001,8208000000.0
sz300037,300037,sz,新宙邦,62.0,-2.13,2.73,0.96,29.26,4.17,-11.01,-6.84,-0.67,-15.81,19.46,930610000.0,46741000000.0,33900000000.0
sh688127,688127,sh,蓝特光学,61.83,-5.93,2.63,1.11,45.01,10.51,-12.52,-4.94,-1.1,-25.9,61.9,669640000.0,25097000000.0,25097000000.0
sz300438,300438,sz,鹏辉能源,61.82,0.11,3.98,0.8,54.17,5.49,-5.63,-1.58,-3.29,-19.18,16.29,1003080000.0,31117000000.0,24985000000.0
sz300939,300939,sz,秋田微,61.72,0.03,2.97,1.05,117.68,5.12,-10.65,-0.39,25.4,-14.43,80.05,215010000.0,7406000000.0,7406000000.0
sh688611,688611,sh,杭州柯林,61.46,-4.28,0.96,0.95,-876.62,10.93,-6.1,0.51,7.35,-22.89,20.87,90480000.0,9427000000.0,9427000000.0
sz301393,301393,sz,昊帆生物,61.32,-6.28,6.68,0.94,60.47,2.76,-11.72,-8.45,0.11,9.27,21.61,184120000.0,6623000000.0,2696000000.0
sz002156,002156,sz,通富微电,61.24,-4.13,6.02,0.65,64.26,5.98,-11.58,-3.1,-20.13,-7.21,62.79,5592670000.0,92938000000.0,92929000000.0
sh688396,688396,sh,华润微,61.22,-1.51,2.03,0.97,89.62,3.52,-3.03,2.0,0.79,-4.4,15.93,1651430000.0,81313000000.0,81313000000.0
sh603950,603950,sh,长源东谷,61.1,1.8,2.55,0.98,50.25,6.48,-7.93,0.23,-5.83,-16.14,112.01,505040000.0,19804000000.0,19788000000.0
sz002049,002049,sz,紫光国微,60.99,-2.65,2.0,0.69,33.33,3.79,-10.7,-10.31,-7.59,-22.79,-22.31,1034630000.0,51429000000.0,51422000000.0
sz301548,301548,sz,崇德科技,60.7,-1.95,4.23,0.8,36.21,3.41,-9.39,-6.08,-3.3,-21.25,10.54,67000000.0,5281000000.0,1592000000.0
sz002636,002636,sz,金安国纪,60.47,-5.13,5.08,0.83,91.86,11.82,-15.3,-9.45,-5.06,13.01,264.61,2214920000.0,44022000000.0,43799000000.0
sh600487,600487,sh,亨通光电,60.43,-2.81,6.04,0.64,46.16,4.7,-7.12,1.36,8.78,-21.36,147.08,8947600000.0,149044000000.0,148274000000.0
sh601138,601138,sh,工业富联,60.4,-3.88,0.49,0.83,25.55,6.82,-11.48,-12.69,-0.82,-16.98,-1.1,5939780000.0,1198583000000.0,1198583000000.0
sz301631,301631,sz,壹连科技,60.12,-10.04,12.79,1.28,26.91,2.96,-13.98,-2.73,1.76,-31.84,-17.92,339900000.0,7694000000.0,2621000000.0
sz301413,301413,sz,安培龙,60.07,-3.25,4.25,0.55,104.59,6.19,-18.82,-9.07,5.79,-32.31,-41.94,195840000.0,7684000000.0,4588000000.0
sz002768,002768,sz,国恩股份,60.05,-7.91,4.44,1.11,26.57,3.96,-6.46,1.33,22.4,40.52,69.01,689100000.0,26218000000.0,15147999999.999998
sh688155,688155,sh,先惠技术,60.0,-0.03,1.95,1.19,17.13,3.18,-3.72,-3.3,2.92,-28.47,0.42,150320000.0,7642000000.0,7642000000.0
sh603379,603379,sh,三美股份,59.9,-2.52,0.94,1.07,16.88,4.64,-6.7,-11.55,-0.51,6.38,0.64,344690000.0,36568000000.0,36568000000.0
sz301157,301157,sz,华塑科技,59.81,-4.99,3.32,0.86,115.75,3.25,-5.53,-2.24,18.44,-15.13,15.31,41510000.0,3589000000.0,1236000000.0
sz301228,301228,sz,实朴检测,59.78,1.63,2.8,1.09,-172.67,11.91,-2.13,-13.51,-4.81,-4.5,54.83,197980000.0,7173999999.999999,7150000000.0
sz002484,002484,sz,江海股份,59.5,-7.51,6.25,0.93,72.36,7.72,-14.94,-10.0,-14.94,-23.57,102.09,3076560000.0,50606000000.0,48818000000.0
sh605111,605111,sh,新洁能,59.5,-2.54,5.36,0.92,65.05,5.8,-5.48,6.86,5.76,-10.42,67.42,1338550000.0,24712000000.0,24712000000.0
sz301248,301248,sz,杰创智能,59.49,-3.19,4.81,0.94,-644.6,6.06,-12.19,-2.62,0.75,-25.63,84.87,318290000.0,9144000000.0,6681999999.999999
sh688278,688278,sh,特宝生物,59.47,-3.89,1.41,0.67,22.48,7.82,1.48,1.88,-1.91,5.16,-28.41,346680000.0,24275000000.0,24275000000.0
sh601336,601336,sh,新华保险,59.43,1.09,1.09,1.71,5.02,1.58,1.5,-1.05,-2.96,3.11,-12.14,1350700000.0,185395000000.0,123938000000.00002
sh600118,600118,sh,中国卫星,59.4,-4.35,3.04,0.7,698.11,10.99,-13.74,-14.07,-0.5,-22.77,-37.43,2143430000.0,70240000000.0,70240000000.0
sz002025,002025,sz,航天电器,59.37,-5.27,3.56,0.67,142.98,4.13,-8.89,-7.64,-12.34,-8.69,18.74,969030000.0,26955000000.0,26945999999.999996
sh688192,688192,sh,迪哲医药-U,59.17,0.29,1.82,1.0,-46.1,24.36,-3.52,5.94,4.52,6.56,2.73,495930000.0,27524000000.0,27289999999.999996
sh688699,688699,sh,明微电子,59.15,-2.26,3.09,0.67,88.12,5.08,-11.95,-3.74,19.71,-5.66,39.14,200260000.0,6509999999.999999,6509999999.999999
sz300260,300260,sz,新莱应材,59.12,1.76,5.2,0.98,136.27,11.33,-6.84,-0.82,-1.0,5.21,4.01,872450000.0,24110000000.0,17005000000.000002
sz300136,300136,sz,信维通信,58.92,-3.35,5.08,0.74,77.45,7.15,-16.31,-13.81,-11.61,-40.27,-4.89,2464520000.0,57009000000.0,48621000000.0
sz301209,301209,sz,联合化学,58.8,-1.61,2.21,0.69,227.17,12.31,-3.69,15.16,33.91,-3.82,-26.94,175510000.0,9220000000.0,7877000000.0
sh688270,688270,sh,ST臻镭,58.79,-5.01,2.17,0.75,117.31,7.67,-14.67,-16.31,-8.41,-30.68,-32.61,384430000.0,17608000000.0,17608000000.0
sh688717,688717,sh,艾罗能源,58.55,-2.09,7.15,0.84,66.15,2.11,-6.62,-1.58,0.81,-43.82,-4.95,418430000.0,9368000000.0,5799000000.0
sz300139,300139,sz,晓程科技,58.33,8.66,34.44,1.65,97.05,13.87,24.08,11.13,46.74,32.24,92.76,4590250000.0,15982000000.0,13629000000.0
sz300124,300124,sz,汇川技术,58.3,-1.24,0.68,0.83,33.3,4.51,-5.92,-9.39,-1.98,-20.64,-22.09,964210000.0,157853000000.0,140521000000.0
sz000831,000831,sz,中国稀土,58.22,3.36,4.19,0.99,249.31,12.28,-7.28,-0.24,21.14,19.37,25.44,2591700000.0,61784000000.0,61784000000.0
sh688293,688293,sh,奥浦迈,58.18,-5.78,4.37,1.04,124.86,2.7,-12.51,-12.97,5.51,34.02,19.22,299640000.0,8273000000.0,6817000000.0
sh688045,688045,sh,必易微,58.0,-3.49,2.84,0.64,69.99,2.81,-9.19,5.45,10.5,-9.18,50.12,116380000.0,4093000000.0,4093000000.0
sz002552,002552,sz,宝鼎科技,57.85,4.91,11.47,1.07,94.22,13.7,-6.69,10.49,45.86,0.26,250.39,2367080000.0,22445000000.0,21318000000.0
sh688623,688623,sh,双元科技,57.72,-0.17,1.69,0.71,70.82,2.33,-8.07,-3.45,-5.69,-18.79,-10.33,34600000.0,4936000000.0,2050000000.0
sh603822,603822,sh,ST嘉澳,57.56,0.02,0.73,0.78,25.02,9.8,1.43,0.19,-0.76,-23.57,-40.27,32780000.0,4422000000.0,4422000000.0
sz301003,301003,sz,江苏博云,57.5,2.75,3.11,1.01,54.65,4.83,6.58,11.87,18.02,10.79,29.8,132240000.0,5585000000.0,4321000000.0
sz002913,002913,sz,奥士康,57.5,-4.75,2.4,1.14,85.64,4.21,-2.81,3.92,24.11,10.57,35.48,423960000.0,18248000000.0,17563000000.0
sz300976,300976,sz,达瑞电子,57.34,-1.14,4.28,0.78,34.33,2.92,-4.75,0.72,2.89,-9.39,34.75,294550000.0,10730000000.0,6902000000.0
sz301328,301328,sz,维峰电子,57.33,-2.83,2.38,1.02,94.58,4.58,-9.32,-4.37,-0.54,2.54,75.86,155220000.0,9135000000.0,6602000000.0
sz301085,301085,sz,亚康股份,57.31,-1.85,5.2,0.49,-36.62,5.21,-10.68,-6.33,-6.83,-22.88,8.67,174440000.0,4973000000.0,3376000000.0
sh688095,688095,sh,福昕软件,57.09,-3.32,2.27,0.58,110.19,2.01,-13.11,-15.87,11.57,-18.66,-35.83,118630000.0,5216000000.0,5216000000.0
sh603407,603407,sh,长裕集团,57.09,-4.23,15.99,0.56,84.91,10.86,-13.04,-13.93,-6.13,5.33,311.9,327820000.0,23286000000.0,2050000000.0
sh603236,603236,sh,移远通信,56.99,-1.76,2.61,0.5,23.86,3.14,-5.49,13.62,13.57,6.78,-16.04,605330000.0,23102000000.0,23102000000.0
sh603052,603052,sh,可川科技,56.82,-7.55,5.62,1.74,-282.96,10.19,-4.46,5.85,6.97,-40.28,80.1,602240000.0,10676000000.0,10676000000.0
sh688419,688419,sh,耐科装备,56.78,16.28,9.43,2.19,73.98,6.24,8.46,18.05,39.06,8.85,105.78,596790000.0,6504000000.000001,6504000000.000001
sh605288,605288,sh,凯迪股份,56.77,-0.6,1.61,0.9,161.0,2.57,-9.79,-1.49,-15.78,-11.36,-10.76,90340000.0,5613000000.0,5579000000.0
sh688036,688036,sh,传音控股,56.71,-1.9,0.82,0.52,20.78,3.08,2.36,-2.41,-10.38,-5.8,-13.1,542470000.0,65284000000.0,65284000000.0
sz302132,302132,sz,中航成飞,56.7,-0.25,1.01,0.75,46.93,7.25,-4.55,-5.15,-0.37,-8.41,-27.88,336670000.0,151508000000.0,33230000000.0
sz301071,301071,sz,力量钻石,56.62,-4.34,6.12,0.68,83.05,2.71,-13.12,-5.68,-5.59,-27.66,59.72,648810000.0,14407000000.0,10591000000.0
sz002897,002897,sz,意华股份,56.6,-1.92,4.74,1.08,37.33,4.0,-8.44,-1.46,-7.7,-25.92,5.66,497810000.0,10974000000.0,10438000000.0
sz001337,001337,sz,四川黄金,56.6,9.97,9.61,2.0,34.46,11.55,18.09,10.16,45.28,15.2,106.87,2196040000.0,23772000000.0,23772000000.0
sh688825,688825,sh,长鑫科技,56.6,-2.41,6.52,0.73,134.26,27.16,-8.41,10.33,15.51,553.58,553.58,16698040000.0,3785458000000.0,254871999999.99997
sh603605,603605,sh,珀莱雅,56.56,-0.77,0.76,0.7,15.19,3.81,-0.55,-4.18,-3.71,-6.7,-15.95,171710000.0,22396000000.0,22396000000.0
sh600660,600660,sh,福耀玻璃,56.49,-0.48,0.35,0.5,17.39,3.86,1.49,-0.18,2.19,7.27,-11.14,400280000.0,147424000000.0,113149000000.0
sz301387,301387,sz,光大同创,56.35,-2.88,5.81,1.03,-4946.41,3.69,-7.43,-0.93,3.87,-39.54,1.9,139350000.0,6046000000.0,2405000000.0
sh603045,603045,sh,福达合金,56.33,-1.59,12.39,2.08,25.93,6.19,-1.04,2.07,7.5,-9.22,188.84,964630000.0,7630000000.0,7630000000.0
sz300724,300724,sz,捷佳伟创,56.29,-2.49,3.17,0.63,9.0,1.49,-6.28,-5.55,-1.78,-29.21,-40.37,515730000.0,19605000000.0,16194999999.999998
sz301225,301225,sz,恒勃股份,56.28,-4.12,7.7,1.16,62.42,5.16,-10.0,1.46,5.2,-13.55,-52.52,192590000.0,8109999999.999999,2476000000.0
sz301556,301556,sz,托普云农,56.23,-3.05,5.53,0.43,44.65,4.94,-11.04,-6.9,5.44,-17.63,-42.51,92500000.0,4795000000.0,1657999999.9999998
sz300671,300671,sz,富满微,56.11,-5.65,5.57,0.87,-218.47,7.41,-14.71,-10.68,-18.66,24.83,75.95,692750000.0,12422000000.0,12388000000.0
sz301035,301035,sz,润丰股份,56.05,6.8,1.4,3.86,20.62,2.66,7.07,3.47,4.55,7.42,8.9,286090000.0,20431000000.0,20388000000.0
sz300346,300346,sz,南大光电,56.02,-1.46,4.44,0.67,111.13,11.37,-8.46,-5.67,0.48,8.69,31.44,1620980000.0,38719000000.0,36749000000.0
sz002812,002812,sz,恩捷股份,55.9,-1.62,2.7,1.11,145.56,2.15,-2.97,-0.09,4.39,-20.68,-1.31,1253500000.0,54855999999.99999,45984000000.0
sz300014,300014,sz,亿纬锂能,55.82,0.05,1.77,1.02,20.81,2.42,-2.41,1.09,1.29,-12.34,-14.81,2094990000.0,121313000000.00002,117947000000.0
sz301633,301633,sz,港迪技术,55.8,1.29,5.55,1.46,47.5,3.44,-4.45,-8.42,-1.24,6.51,-19.62,79510000.0,3107000000.0,1423000000.0
sz300496,300496,sz,中科创达,55.68,-2.14,2.23,0.7,55.89,2.49,-7.18,-9.51,-4.08,-11.87,-17.28,460840000.0,25708000000.0,20577000000.0
sz002460,002460,sz,赣锋锂业,55.63,2.79,5.35,1.79,30.65,2.53,2.49,2.77,11.08,-22.01,-11.33,3623820000.0,116639000000.00002,67379999999.99999
sh688700,688700,sh,东威科技,55.63,-3.17,3.22,0.7,93.49,8.84,-9.1,-5.79,-7.24,-32.31,58.58,530990000.0,16600000000.0,16600000000.0
sh605098,605098,sh,行动教育,55.58,1.05,0.75,0.75,18.4,6.35,-0.11,-4.63,-2.42,-1.92,36.36,49090000.0,6628000000.0,6628000000.0
sz301598,301598,sz,博科测试,55.46,17.08,19.63,8.54,24.49,3.29,13.46,13.35,21.76,-4.41,-9.79,195740000.0,3265999999.9999995,1000000000.0
sh688559,688559,sh,海目星,55.45,5.44,6.5,1.11,-20.64,5.67,5.1,17.28,21.87,-12.72,15.38,895310000.0,13738000000.0,13738000000.0
sz300964,300964,sz,本川智能,55.44,-2.6,4.3,0.82,177.65,5.85,-10.07,-0.61,6.92,-25.07,39.85,185530000.0,5924000000.0,4347000000.0
sz300718,300718,sz,长盛轴承,55.32,-4.01,3.67,0.53,63.24,9.58,-17.19,-15.43,-1.23,-23.57,-34.99,399630000.0,16528000000.0,10879000000.0
sz301237,301237,sz,和顺科技,55.31,2.88,2.65,1.33,-27.72,3.82,-1.97,1.02,6.06,-19.26,-4.49,82440000.0,4425000000.0,3222000000.0
sz301033,301033,sz,迈普医学,55.3,-2.68,2.35,0.63,30.31,4.57,-0.2,-7.37,-3.56,12.74,-17.22,74270000.0,3710000000.0,3118000000.0
sh688253,688253,sh,英诺特,55.25,-1.74,1.36,0.66,84.27,3.72,-8.56,-22.55,-4.59,2.09,85.8,101730000.0,7568000000.000001,7568000000.000001
sz301528,301528,sz,多浦乐,55.19,-1.55,2.58,0.65,72.04,3.12,-1.22,3.84,19.2,17.77,17.87,65580000.0,4954000000.0,2553000000.0
sh688282,688282,sh,理工导航,55.18,-1.09,0.76,0.44,-389.06,3.78,-14.7,-6.01,9.38,-27.49,-13.1,37050000.0,4913000000.0,4913000000.0
sz301577,301577,sz,美信科技,55.16,-2.56,8.31,1.11,-72.39,3.4,-4.85,1.19,6.61,-29.36,-2.3,86300000.0,2484000000.0,1039000000.0
sh688237,688237,sh,超卓航科,55.11,-1.94,1.27,0.56,346.65,4.18,-9.82,-7.72,-22.6,15.35,13.83,62940000.0,4942000000.0,4942000000.0
sz301360,301360,sz,荣旗科技,55.1,-3.57,14.29,1.27,77.9,3.23,-0.68,8.27,13.35,-37.17,1.53,268480000.0,3845000000.0000005,1876000000.0000002
sz300862,300862,sz,蓝盾光电,55.1,-2.48,21.98,0.96,-106.96,5.19,0.6,141.56,189.85,140.77,140.87,1814980000.0,10172000000.0,8345999999.999999
sz301333,301333,sz,诺思格,55.08,-6.25,3.16,0.89,39.8,2.69,-13.6,-5.03,12.82,8.89,-7.26,170570000.0,5320000000.0,5313000000.0
sh688343,688343,sh,云天励飞-U,55.05,-3.62,1.67,0.7,-42.07,5.32,-11.76,-8.23,-17.12,-19.69,-27.64,333440000.0,19796000000.0,19796000000.0
sh603486,603486,sh,科沃斯,55.05,-9.98,1.76,1.52,15.72,3.34,-5.44,-6.65,0.18,-4.76,-30.98,564290000.0,31852000000.0,31563000000.0
sz301261,301261,sz,恒工精密,55.02,-0.49,2.23,1.11,44.25,3.64,-8.6,-6.71,3.23,-27.3,-35.48,125800000.0,5803000000.0,5754000000.0
bj920012,920012,bj,创达新材,54.97,2.17,5.47,0.42,39.2,3.2,-4.15,12.99,18.98,-30.89,180.75,57020000.0,2711000000.0,1061000000.0
sh601318,601318,sh,中国平安,54.92,2.94,1.23,1.88,6.24,0.97,6.02,3.0,2.83,6.13,-17.6,7149810000.0,994471999999.9999,585451000000.0
sz301366,301366,sz,一博科技,54.87,-2.68,7.3,0.68,128.93,5.21,-4.17,1.71,36.66,26.69,56.01,469030000.0,11497000000.0,6420000000.0
sz002827,002827,sz,高争民爆,54.86,-0.25,4.88,0.76,94.25,14.26,-3.38,-7.92,117.27,94.54,45.94,735410000.0,15199000000.0,15141000000.0
sz002837,002837,sz,英维克,54.75,1.16,3.87,1.18,144.58,21.17,-6.71,-0.89,-10.63,-21.64,-33.31,2386980000.0,69771000000.0,61892999999.99999
sh600486,600486,sh,扬农化工,54.75,-0.38,0.82,0.69,17.59,1.92,0.77,-2.18,-0.26,-3.0,-20.28,182500000.0,22125000000.0,22125000000.0
sh603338,603338,sh,浙江鼎力,54.66,1.67,0.74,1.0,14.39,2.46,-2.22,-4.72,-6.39,9.36,-1.5,203590000.0,27677000000.0,27677000000.0
sh688257,688257,sh,新锐股份,54.64,-5.87,4.79,1.08,39.43,7.4,-17.21,-12.17,-10.43,-20.4,124.79,931770000.0,19412000000.0,19412000000.0
sz002947,002947,sz,恒铭达,54.19,-5.26,5.13,1.62,25.15,4.28,-11.56,-6.21,-5.76,-38.64,5.15,555110000.0,13860000000.0,10746000000.0
sz002979,002979,sz,雷赛智能,54.15,-2.29,4.02,0.57,70.81,9.47,-12.31,-7.99,-9.98,-0.22,29.48,485550000.0,17113000000.0,12064000000.0
sz301677,301677,sz,欣兴工具,54.08,-1.73,15.23,0.9,27.1,2.51,-12.18,-14.97,61.05,61.05,61.05,174880000.0,5408000000.0,1159000000.0
sh688379,688379,sh,华光新材,54.08,0.71,3.37,0.64,39.6,3.78,-7.16,8.29,7.11,-21.8,-0.95,161670000.0,5136000000.0,4872000000.0
sh600549,600549,sh,厦门钨业,53.93,-2.97,3.81,0.98,24.18,4.58,-7.65,-10.04,7.43,-0.07,32.64,3209990000.0,85619000000.0,83804000000.0
sz301075,301075,sz,多瑞医药,53.75,0.09,1.33,1.06,-42.77,6.97,-5.34,-3.43,6.71,-27.94,-9.92,56800000.0,4300000000.0,4300000000.0
sz002475,002475,sz,立讯精密,53.72,-1.7,1.24,0.8,24.14,4.76,-8.7,-3.71,-14.58,-26.56,-4.77,4897590000.0,415676000000.0,393503000000.0
sz002738,002738,sz,中矿资源,53.69,-1.12,4.63,1.74,47.15,3.1,-1.41,-1.21,10.16,-13.25,-31.21,1816410000.0,39161000000.0,38174000000.0
sz300469,300469,sz,信息发展,53.65,-5.86,2.67,1.35,-77.7,56.9,-13.75,-11.66,9.04,6.96,-13.19,359760000.0,13318000000.0,13311000000.000002
sz300895,300895,sz,铜牛信息,53.63,2.17,10.08,0.6,-95.43,10.4,-8.81,1.86,7.26,-12.37,21.47,362280000.0,7551000000.000001,3659000000.0000005
sh688663,688663,sh,新风光,53.59,-4.2,1.39,0.52,147.83,7.79,-11.86,2.62,-4.81,-17.06,93.79,147560000.0,10571000000.0,10571000000.0
sz300909,300909,sz,汇创达,53.49,-2.37,3.14,0.7,463.37,4.64,-1.84,6.49,25.15,12.14,11.21,216550000.0,9252000000.0,6908000000.0
bj920176,920176,bj,维琪科技,53.49,-2.35,16.56,0.87,33.96,3.9,-13.73,-30.53,-65.49,141.38,141.38,69310000.0,3147000000.0,425000000.0
sz300706,300706,sz,阿石创,53.29,1.66,9.58,1.23,-241.67,11.82,-7.11,-1.61,7.44,8.98,57.06,578790000.0,8181999999.999999,6066000000.0
sz300841,300841,sz,康华生物,53.27,-5.72,5.98,0.87,28.08,1.92,9.36,8.6,20.77,11.58,-25.77,396430000.0,6922000000.0,6476000000.000001
sh603325,603325,sh,博隆技术,53.27,1.7,1.39,1.48,16.06,1.55,-1.35,-3.6,3.98,-0.08,-30.61,25380000.0,4261999999.9999995,1821000000.0
sh688172,688172,sh,燕东微,53.25,-4.31,1.3,1.19,-166.63,4.18,-9.84,-5.67,-9.36,-26.32,84.0,832710000.0,76021000000.0,63834000000.0
sh688345,688345,sh,博力威,53.19,-0.62,1.63,0.79,58.68,4.28,-7.91,-4.37,15.93,1.51,71.58,88360000.0,5419000000.0,5393000000.0
sh688230,688230,sh,芯导科技,53.16,-2.46,0.96,0.87,55.8,2.78,-8.66,-2.96,2.82,-21.87,-26.22,60490000.0,6252000000.0,6252000000.0
sz300689,300689,sz,澄天伟业,53.0,-1.65,2.66,0.88,847.88,8.78,-6.77,-0.8,0.47,-3.99,18.03,142930000.0,6127000000.0,5392000000.0
sh688625,688625,sh,呈和科技,52.95,-10.41,2.73,1.2,53.44,8.91,-15.47,-7.4,-7.2,-30.27,79.16,381190000.0,13749000000.0,13749000000.0
sh603150,603150,sh,万朗磁塑,52.88,-1.91,1.12,0.7,44.93,2.62,-3.84,-0.26,4.96,-22.26,39.89,50450000.0,4520000000.0,4520000000.0
sz301307,301307,sz,美利信,52.82,0.21,5.75,0.79,-19.86,4.56,-7.01,-1.97,-10.49,-9.37,52.75,328960000.0,11124000000.0,5746000000.0
sz001306,001306,sz,夏厦精密,52.76,-1.49,2.5,0.58,-64.29,2.58,-5.97,-0.81,14.22,-15.11,-40.72,20500000.0,3320000000.0000005,818000000.0
sh688170,688170,sh,德龙激光,52.72,-0.43,4.58,1.05,324.61,4.42,-7.59,1.02,9.24,-31.14,67.58,251100000.0,5449000000.0,5449000000.0
sz300820,300820,sz,英杰电气,52.65,-0.11,2.67,0.75,56.05,4.7,-6.53,-1.4,3.5,-18.36,10.72,156220000.0,11699000000.0,5886000000.0
sh688798,688798,sh,艾为电子,52.58,-2.72,1.68,0.76,48.0,2.92,-7.72,-4.78,-4.8,-29.16,-30.52,120690000.0,12258000000.0,7137000000.0
sh688385,688385,sh,复旦微电,52.53,-2.0,2.37,0.77,48.73,6.2,-7.52,-4.8,2.22,-12.96,-28.67,671700000.0,43270000000.0,28333999999.999996
sh600206,600206,sh,有研新材,52.52,-3.17,11.11,0.71,139.82,10.28,-5.91,1.03,11.73,85.18,160.12,4895060000.0,44461000000.0,44461000000.0
sz001314,001314,sz,亿道信息,52.5,-2.49,2.29,1.04,68.15,3.59,-9.72,-2.6,4.27,-10.14,17.63,148300000.0,7486000000.0,6515000000.000001
sz002929,002929,sz,润建股份,52.48,-2.18,5.18,0.68,-799.0,2.38,-10.26,-7.69,2.34,-28.25,32.03,593610000.0,15029000000.0,11366000000.0
sz300726,300726,sz,宏达电子,52.3,-1.02,5.69,1.08,48.94,4.49,-9.04,-3.93,2.75,-14.29,4.79,650450000.0,21539000000.0,11215000000.0
sh603040,603040,sh,新坐标,52.1,-3.63,0.68,1.01,38.63,7.07,-9.28,-6.85,-1.64,-10.92,-17.21,70110000.0,10282000000.0,10282000000.0
sh601888,601888,sh,中国中免,52.06,-0.44,0.78,0.77,26.43,1.88,-3.65,-7.43,-4.37,-11.96,-44.68,796640000.0,108170000000.0,101646000000.0
bj920002,920002,bj,万达轴承,52.0,-1.22,1.66,0.34,51.61,4.36,-7.41,-7.06,7.79,-10.27,-33.64,38470000.0,3313000000.0000005,2319000000.0
sz000636,000636,sz,风华高科,51.91,-5.05,9.29,0.7,193.84,4.88,-18.17,-15.87,17.34,-1.93,220.81,5568380000.0,59566000000.0,59566000000.0
sh688083,688083,sh,中望软件,51.89,-3.42,1.41,0.5,157.48,3.38,-5.45,2.03,18.15,-4.77,-23.42,124700000.0,8803000000.0,8803000000.0
sh603202,603202,sh,天有为,51.62,0.92,1.48,0.86,10.21,1.24,-1.96,-4.12,0.66,-17.71,-42.84,38280000.0,8259000000.0,2592000000.0
sz300816,300816,sz,艾可蓝,51.55,0.29,4.74,1.43,42.8,4.35,-4.54,-1.73,6.2,-46.62,7.27,139070000.0,4124000000.0,3009000000.0
sh603699,603699,sh,纽威股份,51.53,-7.4,1.35,1.96,23.53,8.66,-4.38,-3.39,22.98,-8.67,1.16,543660000.0,39950000000.0,39067000000.0
sz300907,300907,sz,康平科技,51.52,0.43,4.1,0.9,115.91,6.32,0.82,27.05,28.8,20.46,75.18,202560000.0,4946000000.0,4946000000.0
bj920119,920119,bj,美德乐,51.52,2.43,1.93,1.9,18.66,2.7,7.31,3.35,16.46,-7.84,74.31,27310000.0,5202000000.0,1420000000.0
sz300832,300832,sz,新产业,51.47,-0.77,1.11,0.7,23.55,4.51,0.04,5.0,9.58,10.12,-6.51,389700000.0,40441000000.0,35160000000.0
sz001237,001237,sz,惠康科技,51.43,-1.42,3.23,0.72,19.36,2.32,-7.25,-6.85,-3.15,-27.3,-3.44,58090000.0,7630000000.0,1793000000.0
sz000962,000962,sz,东方钽业,51.4,-3.04,3.94,0.7,105.85,6.87,-10.7,-10.53,0.63,-13.68,56.0,1017270000.0,27108000000.0,25855000000.0
bj920179,920179,bj,凯德石英,51.37,-2.06,3.7,0.56,242.04,5.12,-11.61,-16.46,-5.26,-17.98,33.36,114700000.0,3825000000.0,3068000000.0
sh603667,603667,sh,五洲新春,51.35,-0.73,4.58,0.99,233.27,4.99,-8.86,-5.45,-0.83,-28.32,-26.5,876060000.0,19675000000.0,18805000000.0
sh688001,688001,sh,华兴源创,51.28,-3.23,1.5,0.58,213.32,7.17,-8.56,3.89,-0.43,-28.18,70.21,363850000.0,24182000000.0,24182000000.0
sz301389,301389,sz,隆扬电子,51.13,-8.91,4.48,0.93,144.92,6.54,-13.06,-1.97,1.39,-41.4,-6.15,662360000.0,14494999999.999998,14494999999.999998
sz003036,003036,sz,泰坦股份,51.11,-3.78,2.84,0.68,265.01,7.79,-13.97,-7.74,-3.02,-28.01,231.58,313110000.0,11071000000.0,11070000000.0
sh688581,688581,sh,安杰思,51.08,-1.12,1.59,0.89,19.29,1.63,-4.9,-4.34,0.55,-7.04,-11.31,33420000.0,4124000000.0,2103000000.0
sz301169,301169,sz,零点有数,50.75,-2.44,1.53,0.74,-108.62,8.43,-7.76,-4.48,6.77,-37.25,1.3,55620000.0,3656000000.0,3654000000.0
sh600600,600600,sh,青岛啤酒,50.72,-0.2,0.52,0.78,14.79,2.37,-2.67,-5.83,-4.45,-13.73,-13.81,187630000.0,69192000000.0,35967000000.0
sz301293,301293,sz,三博脑科,50.55,-2.73,2.25,0.53,170.97,4.42,-11.78,-11.53,-12.99,-12.99,-14.29,235750000.0,10413000000.0,10413000000.0
sz301502,301502,sz,华阳智能,50.4,-2.53,3.04,1.01,127.03,3.5,-7.35,-3.0,-0.43,-35.81,13.46,36250000.0,2877000000.0,1189000000.0
sz301148,301148,sz,嘉戎技术,50.2,-3.26,1.56,0.75,145.39,3.41,-4.85,2.03,14.48,-21.19,6.45,46260000.0,5848000000.0,2955000000.0
sz300806,300806,sz,斯迪克,50.2,0.3,6.84,0.88,482.47,13.67,-2.62,6.56,11.09,-7.78,128.42,1539670000.0,31813000000.0,22925000000.0
sz300679,300679,sz,电连技术,50.2,-2.43,7.58,0.7,91.34,4.35,-1.9,22.83,19.13,-10.32,3.62,1363320000.0,21326000000.0,18044000000.0
sh603119,603119,sh,浙江荣泰,50.13,0.48,2.71,1.39,77.69,11.3,-9.4,-6.82,5.49,-23.87,-43.55,648240000.0,23704000000.0,23704000000.0
sh603261,603261,sh,立航科技,49.9,-1.52,1.51,0.58,-17.96,7.74,-8.52,1.32,8.36,43.89,106.63,57930000.0,3868000000.0,3868000000.0
sz300474,300474,sz,景嘉微,49.88,-1.54,1.11,0.67,-140.94,3.85,-6.29,-7.78,-2.86,-13.81,-30.6,224740000.0,26068000000.0,20275000000.0
sh688386,688386,sh,泛亚微透,49.79,-4.54,2.2,0.93,48.31,3.35,-12.26,-7.59,-10.95,-36.23,-42.93,100480000.0,4960000000.0,4531000000.0
sz002970,002970,sz,锐明技术,49.76,-1.39,1.74,0.69,28.13,4.51,-7.39,-6.47,4.54,-21.39,3.88,109330000.0,9152000000.0,6289000000.0
sh601127,601127,sh,赛力斯,49.75,-1.49,1.22,0.94,66.71,2.31,-6.38,-11.21,-10.21,-38.32,-58.6,949380000.0,86664000000.0,77471000000.0
sh688727,688727,sh,恒坤新材,49.59,3.85,12.26,1.8,234.21,8.81,-4.84,-0.2,12.47,-5.31,3.81,328920000.0,22282000000.0,2679000000.0
sz301189,301189,sz,奥尼电子,49.51,-6.41,3.98,1.3,-71.46,3.9,-10.19,0.65,8.79,-30.89,59.38,312980000.0,8102000000.0,7820000000.0
sz000538,000538,sz,云南白药,49.5,0.34,0.47,1.06,16.8,2.25,-0.6,-3.3,-3.17,-0.88,-10.29,407980000.0,88321000000.0,87760000000.0
sz002080,002080,sz,中材科技,49.43,-8.31,3.81,1.3,40.93,4.06,-20.27,-13.04,-4.83,-30.53,37.67,3162800000.0,82950000000.0,82950000000.0
sh688601,688601,sh,力芯微,49.4,1.88,3.94,1.23,256.83,5.35,-2.18,18.61,32.62,-7.23,16.26,261090000.0,6604000000.000001,6604000000.000001
sz301310,301310,sz,鑫宏业,49.31,-6.29,7.07,0.94,70.5,4.0,-12.46,-4.33,-16.85,46.58,61.49,342050000.0,9416000000.0,4810000000.0
sh603091,603091,sh,众鑫股份,49.29,-0.4,1.03,0.46,24.51,3.23,-4.14,-1.18,4.83,-4.05,-11.81,22600000.0,7055000000.0,2170000000.0
sh688563,688563,sh,航材股份,49.25,-1.4,0.75,0.77,42.52,2.14,-5.05,-6.72,-3.07,-4.82,-15.43,50800000.0,22131000000.0,6675000000.0
sh688719,688719,sh,爱科赛博,49.18,-4.69,3.76,0.82,-134.8,3.37,-9.66,2.35,2.27,-35.39,11.39,166680000.0,5675000000.0,4413000000.0
sz300836,300836,sz,佰奥智能,49.17,1.55,3.19,0.69,46.74,7.32,-7.42,-1.13,-17.25,-32.99,-10.11,97410000.0,4557000000.0,3120000000.0
sz300347,300347,sz,泰格医药,49.16,-9.58,5.64,1.22,54.87,2.03,-10.91,-10.57,0.35,25.0,-13.11,1609180000.0,42328000000.0,27848000000.0
sz002466,002466,sz,天齐锂业,49.1,1.49,5.15,1.86,37.65,1.81,0.57,0.39,8.6,-21.91,-11.34,3782340000.0,84113000000.0,72465000000.0
sh603049,603049,sh,中策橡胶,49.1,-0.32,0.35,0.55,10.07,1.71,1.11,-1.15,1.7,8.94,-9.94,88280000.0,42937000000.0,24795000000.0
sz301580,301580,sz,爱迪特,48.96,-4.64,4.61,0.76,35.95,3.45,-12.9,-12.21,-6.88,18.98,56.71,227710000.0,7304000000.000001,4935000000.0
sz301606,301606,sz,绿联科技,48.95,-3.24,1.82,1.23,25.65,6.03,-7.57,-8.42,-5.74,-27.13,-15.81,147130000.0,20310000000.0,8077000000.0
sz301513,301513,sz,尚水智能,48.91,0.72,8.0,1.64,35.73,3.74,-5.16,-1.96,2.15,-28.56,86.75,79980000.0,4891000000.0,985000000.0
sz002536,002536,sz,飞龙股份,48.8,3.9,15.13,2.07,153.95,8.42,5.83,23.48,-2.34,27.25,65.99,4109110000.0,28050000000.0,26612000000.0
sh600988,600988,sh,赤峰黄金,48.77,-1.34,7.07,1.65,25.84,6.77,19.59,11.53,27.87,46.15,57.73,5814080000.0,92683000000.0,81149000000.0
sz002841,002841,sz,视源股份,48.73,-0.85,1.09,1.0,31.02,2.59,-4.68,-4.54,5.93,33.36,25.23,277060000.0,34070999999.999996,25405000000.0
sh603435,603435,sh,嘉德利,48.57,-3.59,6.08,0.77,90.83,10.47,-11.58,-10.95,-0.39,-39.59,208.19,105370000.0,22302000000.0,1732999999.9999998
sz300695,300695,sz,兆丰股份,48.56,-1.02,0.75,0.9,16.42,1.73,-8.36,-3.96,7.91,-18.46,-51.4,37240000.0,4966000000.0,4966000000.0
sz301479,301479,sz,弘景光电,48.53,0.52,3.12,0.72,34.0,4.64,-12.56,1.63,4.37,-29.6,-21.47,108540000.0,6044000000.0,3460000000.0
sz300558,300558,sz,贝达药业,48.53,-5.18,5.38,0.74,43.94,3.05,-30.32,-30.55,-19.63,-7.61,4.28,1104770000.0,20544000000.0,20488000000.0
sz300331,300331,sz,苏大维格,48.42,-0.19,6.84,1.19,21968.15,8.06,-7.98,3.55,11.31,-8.19,49.63,738460000.0,12573000000.0,10756000000.0
sh688097,688097,sh,博众精工,48.37,-1.49,1.96,0.96,33.1,4.56,-2.18,13.04,10.91,-19.56,28.64,429710000.0,21604000000.0,21604000000.0
sh688312,688312,sh,燕麦科技,48.36,-2.74,3.45,0.71,52.02,4.83,-6.64,3.11,6.54,-44.06,48.2,244320000.0,7095000000.0,7095000000.0
sz301531,301531,sz,春光集团,48.35,-3.01,4.48,0.72,79.57,7.34,-11.58,-6.12,-0.33,-35.14,263.53,101400000.0,10624000000.0,2267000000.0
sz300725,300725,sz,药石科技,48.31,-6.12,11.52,0.73,53.61,2.47,-9.68,-2.62,24.51,37.99,26.2,1146900000.0,11295000000.0,9793000000.0
sh688432,688432,sh,有研硅,48.29,9.25,5.46,0.9,255.36,13.23,10.71,15.69,20.76,153.69,290.85,3049750000.0,60377000000.0,60377000000.0
sz301096,301096,sz,百诚医药,48.2,-3.15,2.82,0.83,-102.46,2.1,-4.57,5.33,22.96,-25.39,-15.65,113290000.0,5265000000.0,4004999999.9999995
sz301617,301617,sz,博苑新材,48.11,-2.81,2.14,0.68,48.92,4.64,-5.18,0.42,4.13,-8.03,-19.37,71630000.0,8358000000.0,3317000000.0
sz300677,300677,sz,英科医疗,48.1,-0.64,2.1,1.48,47.15,1.73,-1.78,-3.02,3.78,10.96,23.97,466780000.0,31494000000.0,22396000000.0
sh688307,688307,sh,中润光学,48.1,-3.37,3.91,0.81,88.37,6.77,-8.26,3.57,11.55,-33.19,57.3,235260000.0,5978000000.0,5978000000.0
sz301099,301099,sz,雅创电子,48.08,-3.45,6.98,1.19,49.02,6.52,-10.13,-3.92,-4.36,-6.38,46.51,384090000.0,9084000000.0,5528000000.0
sz002595,002595,sz,豪迈科技,48.06,-0.74,0.19,0.48,23.34,4.75,-10.55,-9.7,-1.52,-8.12,-16.55,107760000.0,55750000000.0,55364000000.0
sh688478,688478,sh,晶升股份,48.05,-3.82,3.54,0.7,-149.21,4.44,-10.57,-1.54,6.07,-27.33,28.44,235820000.0,6648000000.0,6648000000.0
sz000423,000423,sz,东阿阿胶,48.0,-0.72,1.44,1.16,17.21,3.02,-6.8,-11.21,-7.34,-3.98,0.74,439480000.0,30712000000.0,30658000000.0
sz001317,001317,sz,三羊马,47.97,-10.0,11.39,1.59,608.85,4.03,-13.86,-15.28,-7.41,-6.42,-12.96,492410000.0,4104999999.9999995,4102000000.0000005
sh603662,603662,sh,柯力传感,47.97,-3.05,1.62,0.69,44.02,5.01,-12.45,-9.63,-1.36,-20.3,-33.04,218890000.0,13471000000.0,13471000000.0
sz301687,301687,sz,新广益,47.92,-2.86,7.45,0.8,56.29,4.72,-9.72,-5.98,0.78,-18.45,-32.53,110890000.0,7038000000.0,1493000000.0
sz301251,301251,sz,威尔高,47.91,0.34,10.76,0.75,136.06,5.84,1.05,11.7,48.33,-7.87,28.42,389340000.0,9034000000.0,3622000000.0
sh688122,688122,sh,西部超导,47.9,-2.64,1.03,0.78,43.64,4.5,-8.52,-10.6,-5.37,-28.68,-35.43,324210000.0,31119000000.0,31119000000.0
sz002046,002046,sz,国机精工,47.8,-2.87,1.83,0.6,157.45,6.02,-6.15,1.96,-2.77,-9.48,11.2,459640000.0,25630000000.0,25343000000.0
sz000628,000628,sz,高新发展,47.76,5.31,14.75,1.98,185.2,7.58,18.75,22.49,31.61,-21.43,7.35,1330480000.0,16825000000.0,9181000000.0
sz002756,002756,sz,永兴材料,47.75,0.13,3.76,1.38,26.84,1.98,-1.95,-2.97,3.8,-23.55,-11.34,703480000.0,25742000000.0,18483000000.0
sh603156,603156,sh,养元饮品,47.73,-9.99,1.84,1.2,43.91,6.85,-10.53,-6.19,26.64,14.35,72.0,1163560000.0,60153000000.0,60153000000.0
sz002990,002990,sz,盛视科技,47.7,-4.7,7.21,0.91,74.39,4.85,-15.74,-15.96,0.46,2.51,69.09,474790000.0,12490000000.0,6583000000.0
sh600345,600345,sh,长江通信,47.7,0.21,5.1,1.46,62.67,4.17,-2.61,1.21,5.62,-2.93,38.06,520150000.0,15722000000.0,10091000000.0
sz002138,002138,sz,顺络电子,47.66,-4.57,3.6,0.78,39.12,5.85,-9.72,-0.91,5.47,-5.34,37.2,1309040000.0,38429000000.0,36524000000.0
sh688606,688606,sh,奥泰生物,47.64,-0.67,0.36,0.6,20.21,1.0,-2.8,0.93,10.89,2.5,-24.28,13040000.0,3604000000.0,3604000000.0
sh688187,688187,sh,时代电气,47.62,0.04,0.56,0.67,15.32,1.49,-2.99,-5.1,4.16,-21.05,-5.91,230770000.0,63367999999.99999,41377000000.0
sh603283,603283,sh,赛腾股份,47.6,1.82,6.36,0.86,33.05,4.91,-3.8,7.13,6.37,-1.21,44.65,1047190000.0,16780000000.000002,16780000000.000002
sh605168,605168,sh,三人行,47.5,1.13,2.76,0.92,78.56,3.88,1.8,12.37,34.14,-3.42,25.46,270350000.0,10014000000.0,10014000000.0
sz301087,301087,sz,可孚医疗,47.42,-1.27,0.67,0.76,28.89,2.36,-7.0,-6.71,-12.27,0.7,9.03,61840000.0,11186000000.0,9199000000.0
bj920206,920206,bj,彩客科技,47.41,11.29,15.98,1.49,23.25,3.84,29.78,35.85,36.16,56.57,56.57,196050000.0,3392000000.0,1305000000.0
sh600301,600301,sh,华锡有色,47.33,-0.8,4.21,1.07,31.42,5.88,-7.18,-7.07,13.83,-13.33,24.65,550700000.0,29939000000.0,13032000000.0
sh603688,603688,sh,石英股份,47.3,-2.97,2.54,1.09,185.84,4.37,-7.58,-3.21,-1.48,-29.54,29.61,650560000.0,25620999999.999996,25620999999.999996
sh603160,603160,sh,汇顶科技,47.29,-3.23,1.23,1.22,33.49,2.37,-9.06,-9.23,-6.0,-22.49,-39.84,273370000.0,22036000000.0,22036000000.0
sh605588,605588,sh,冠石科技,47.21,-1.03,1.57,0.92,-33.22,3.75,-4.9,1.46,13.19,-16.18,-6.5,53960000.0,3459000000.0000005,3451000000.0
sz002870,002870,sz,香山股份,47.2,-2.07,2.05,0.48,116.63,3.2,-3.18,10.85,19.46,15.97,20.43,126600000.0,7209999999.999999,6123000000.0
sh603120,603120,sh,肯特催化,47.2,-2.12,3.64,0.64,50.65,3.58,-6.14,-1.79,2.74,-0.78,22.6,64680000.0,4267000000.0,1789000000.0
sz001226,001226,sz,拓山重工,47.19,-0.17,2.06,0.64,153.78,4.74,5.03,12.73,22.95,-3.44,6.76,32740000.0,3524000000.0,1601000000.0000002
sz300624,300624,sz,万兴科技,47.14,-8.0,5.4,1.34,-84.85,9.47,-15.28,-15.43,2.3,-21.33,-33.28,442680000.0,9114000000.0,8072000000.0
sh688286,688286,sh,敏芯股份,47.14,-3.8,9.65,0.74,-376.06,3.56,-10.94,4.15,13.15,0.99,-16.3,356000000.0,3692000000.0,3692000000.0
sh605298,605298,sh,必得科技,47.04,-3.33,0.5,1.05,154.26,8.56,0.53,-4.0,3.11,-10.02,18.28,43920000.0,8836000000.0,8761000000.0
sh688816,688816,sh,易思维,47.02,-2.25,1.42,0.7,69.93,2.62,-7.4,-7.04,0.23,-26.34,-15.6,13810000.0,4702000000.0,966000000.0
sh688726,688726,sh,拉普拉斯,47.02,4.0,6.88,1.99,38.8,4.67,2.78,7.25,20.41,-19.95,31.75,719630000.0,19058000000.0,10341000000.0
sz300769,300769,sz,德方纳米,46.89,-0.55,5.2,1.03,-33.78,2.52,-4.68,-0.59,5.32,-29.07,6.54,623800000.0,13138000000.0,11805000000.0
sh688778,688778,sh,厦钨新能,46.89,2.2,1.57,1.61,25.98,2.49,-4.52,-4.54,3.35,-25.0,-39.16,374870000.0,23665000000.0,23665000000.0
sh601088,601088,sh,中国神华,46.89,1.03,0.15,0.85,19.72,2.13,4.69,4.95,4.6,2.18,18.8,1120900000.0,1017018000000.0,773265000000.0
sh603267,603267,sh,鸿远电子,46.8,-4.86,3.35,1.07,37.81,2.42,-11.76,-9.86,0.34,-32.43,-13.62,366250000.0,10815000000.0,10815000000.0
bj920227,920227,bj,美登科技,46.78,-0.68,0.92,0.49,41.53,4.68,-7.0,-6.98,4.68,-17.86,-20.58,7610000.0,1822000000.0,828999999.9999999
sh600276,600276,sh,恒瑞医药,46.76,-2.05,1.35,0.77,40.17,4.81,-11.56,-13.7,-12.76,-6.83,-21.24,4047760000.0,310355000000.0,298282000000.0
sh603678,603678,sh,火炬电子,46.73,-4.4,4.19,0.77,73.83,3.45,-10.77,-9.33,3.61,-3.37,32.6,928640000.0,22223000000.0,22223000000.0
sh603530,603530,sh,神马电力,46.72,-5.39,0.8,0.61,41.46,11.12,-9.84,2.93,3.5,-18.26,14.68,160900000.0,20155000000.0,19971000000.0
sh688193,688193,sh,仁度生物,46.58,-3.08,0.99,0.77,134.65,2.12,-6.03,-2.55,10.01,-3.42,-1.73,18600000.0,1866000000.0,1866000000.0
sz000893,000893,sz,亚钾国际,46.53,-1.77,1.77,0.92,23.62,3.12,0.61,-3.38,-2.88,5.29,-2.78,673240000.0,42996000000.0,37773000000.0
sz301596,301596,sz,瑞迪智驱,46.5,-3.63,3.38,0.54,49.41,5.71,-13.87,-4.91,13.41,-14.34,-16.99,69270000.0,5023000000.0,2039000000.0
sh603127,603127,sh,昭衍新药,46.39,-5.85,5.86,0.71,70.22,4.11,-13.26,-12.14,-6.66,32.35,32.96,1737780000.0,34762000000.0,29120000000.0
sz002311,002311,sz,海大集团,46.3,1.11,0.42,0.91,19.73,3.39,2.75,-0.62,-3.18,1.25,-14.7,319220000.0,76656000000.0,76582000000.0
sh688239,688239,sh,航宇科技,46.3,-3.96,5.7,1.47,44.3,4.32,-3.42,0.78,11.08,-23.12,-31.43,504810000.0,8839000000.0,8839000000.0
sh601689,601689,sh,拓普集团,46.3,-1.32,0.88,0.69,29.1,3.39,-7.97,-6.43,-0.17,-25.8,-39.63,716640000.0,80462000000.0,80462000000.0
sz301219,301219,sz,腾远钴业,46.22,-1.26,3.31,1.08,11.62,1.78,-6.95,-12.45,4.52,-21.74,-10.77,421510000.0,17694000000.0,12629000000.0
sz002931,002931,sz,锋龙股份,46.17,-4.27,2.77,0.55,1882.38,9.88,-11.91,-9.75,4.27,-12.06,45.88,259860000.0,10088000000.0,9353000000.0
sh688316,688316,sh,青云科技-U,46.15,-5.59,3.69,0.57,-38.46,41.6,-14.85,-12.76,4.7,-25.4,-23.3,82290000.0,2210000000.0,2210000000.0
sz301105,301105,sz,鸿铭股份,46.12,-2.6,3.75,1.4,-87.7,3.01,-3.96,-2.54,11.78,-11.85,-1.18,34150000.0,2306000000.0,914000000.0
sz301391,301391,sz,卡莱特,46.1,-2.91,1.04,0.87,182.49,2.09,-8.08,-8.69,1.88,-28.95,-45.67,44680000.0,4380000000.0,4279999999.9999995
sh603358,603358,sh,华达科技,46.1,-2.31,1.87,0.65,165.55,6.33,-1.45,12.38,35.39,19.03,-7.97,402000000.0,21655000000.0,21288000000.0
sz001225,001225,sz,和泰机电,46.02,-1.9,2.72,0.81,99.72,2.2,2.61,1.17,16.74,0.42,-19.06,80800000.0,3018000000.0,2958000000.0
sh688776,688776,sh,国光电气,45.95,-2.81,1.08,0.71,-35.32,2.92,-8.92,-10.39,-0.71,-29.25,-54.39,53950000.0,4980000000.0,4980000000.0
sh600362,600362,sh,江西铜业,45.95,0.2,3.06,1.11,19.9,1.92,-3.71,-5.72,6.37,7.11,-15.41,2918680000.0,159112000000.0,95358000000.0
sh603728,603728,sh,鸣志电器,45.91,-3.14,1.24,0.69,283.83,6.49,-14.19,-11.23,-4.79,-25.1,-36.52,239690000.0,19231000000.0,19231000000.0
sh688400,688400,sh,凌云光,45.9,-2.88,1.99,0.85,63.09,3.9,-8.49,-2.75,5.03,-25.18,8.52,421580000.0,21837000000.0,20999000000.0
sh688580,688580,sh,伟思医疗,45.68,-5.31,1.83,1.06,26.29,2.65,-9.09,-8.31,-6.78,-9.4,-3.46,81320000.0,4375000000.0,4375000000.0
sz300819,300819,sz,聚杰微纤,45.57,-2.82,2.3,0.71,131.08,7.89,-10.21,-2.59,0.29,-34.29,32.34,140050000.0,6798999999.999999,6141000000.0
sz002901,002901,sz,大博医疗,45.51,2.94,1.14,1.79,29.3,5.41,3.55,2.96,2.43,13.74,-2.72,148190000.0,18842000000.0,13126000000.0
sh603400,603400,sh,华之杰,45.49,-6.88,12.22,0.7,69.11,4.97,3.95,1.16,16.79,-13.54,14.7,204030000.0,5906000000.0,1648000000.0
sz301608,301608,sz,博实结,45.42,-2.84,1.62,0.73,24.14,2.76,-6.35,-2.15,5.29,-16.93,-24.88,43690000.0,6022000000.0,2703000000.0
sz003009,003009,sz,中天火箭,45.38,-3.69,1.9,0.69,-84.1,3.69,-11.78,-12.41,-8.51,-10.14,-42.22,142640000.0,7475000000.0,7473999999.999999
sh688789,688789,sh,宏华数科,45.36,-1.88,0.86,0.79,17.72,2.33,-3.35,-1.24,3.54,-15.66,-43.99,70870000.0,8176000000.000001,8176000000.000001
sz001259,001259,sz,利仁科技,45.35,-2.14,2.27,0.95,308.73,4.63,-6.07,-4.55,1.3,-45.2,51.71,48640000.0,3336999999.9999995,2156000000.0
sh603009,603009,sh,北特科技,45.3,1.0,2.02,0.69,126.89,7.82,-6.5,13.25,15.74,-6.13,-5.67,313520000.0,15691000000.0,15691000000.0
sz301160,301160,sz,翔楼新材,45.25,-0.37,3.06,0.59,37.04,4.07,-1.35,20.96,21.31,23.45,-7.83,152470000.0,7544000000.0,5013000000.0
sz001283,001283,sz,豪鹏科技,45.25,3.43,3.55,1.22,27.77,1.67,3.81,4.84,8.59,-17.02,-15.67,163700000.0,5868000000.0,4679000000.0
sz300765,300765,sz,石药创新,45.24,-7.67,3.35,1.07,62.13,16.14,1.8,10.94,24.22,69.06,25.42,2155500000.0,63544000000.00001,63544000000.00001
sz301257,301257,sz,普蕊斯,45.22,-6.8,5.83,0.8,31.28,2.8,-13.24,-7.73,0.31,5.36,-12.97,202880000.0,3572999999.9999995,3406000000.0
sz301218,301218,sz,华是科技,45.15,6.81,22.4,1.53,-186.92,5.67,1.1,-6.91,10.93,33.78,90.99,712890000.0,5149000000.0,3164000000.0
sh600760,600760,sh,中航沈飞,45.06,2.29,0.68,1.57,39.28,5.55,1.24,-0.09,4.14,4.84,-19.17,862690000.0,127742000000.0,127500000000.0
sz301176,301176,sz,逸豪新材,45.05,-3.84,2.9,0.8,-159.7,5.12,-12.27,-5.63,8.5,-2.57,78.98,213480000.0,7616000000.0,7391000000.0
sz300759,300759,sz,康龙化成,44.86,-6.5,5.17,0.87,48.12,5.04,-10.48,-4.61,15.71,80.16,58.91,3357450000.0,82421000000.0,63703000000.0
sz300852,300852,sz,四会富仕,44.82,-3.59,4.06,0.83,51.18,3.17,-8.72,1.17,12.56,-15.89,17.82,281340000.0,7195000000.0,6945000000.0
sz301327,301327,sz,华宝新能,44.74,2.33,1.95,4.03,-145.14,1.28,-0.62,-2.23,2.92,-19.08,-22.42,154340000.0,7802000000.0,7802000000.0
sh688818,688818,sh,电科蓝天,44.72,-4.69,5.92,0.71,207.54,14.57,-12.24,-11.97,-4.65,-35.0,376.0,379090000.0,77675000000.0,6351000000.0
sz301092,301092,sz,争光股份,44.7,0.56,4.89,0.97,64.17,3.1,-7.36,-1.54,1.82,-2.06,28.08,133540000.0,6014000000.0,2726000000.0
sh688215,688215,sh,瑞晟智能,44.65,-1.54,1.33,0.83,69.61,8.08,-1.65,0.63,40.81,-5.85,-10.68,53160000.0,4034000000.0000005,4034000000.0000005
sh688281,688281,sh,华秦科技,44.5,-1.51,0.8,1.09,51.03,3.51,-9.59,-9.09,-3.24,-17.31,-15.33,137720000.0,16981000000.0,16981000000.0
bj920083,920083,bj,金戈新材,44.5,8.43,20.55,0.89,62.91,6.23,6.28,31.73,23.37,361.14,361.14,337100000.0,3972000000.0,1692000000.0000002
sh605358,605358,sh,立昂微,44.47,0.84,5.63,0.71,500.92,3.2,-4.55,0.52,2.68,-19.48,28.27,1903160000.0,34339999999.999996,34339999999.999996
sz301449,301449,sz,天溯计量,44.35,8.17,24.8,1.65,41.27,3.49,13.17,8.65,39.03,0.98,-25.93,226590000.0,4049000000.0,911000000.0
sh688698,688698,sh,伟创电气,44.32,-1.69,1.09,0.69,37.46,4.06,-11.08,-9.03,-2.18,-34.0,-55.02,103770000.0,9530000000.0,9530000000.0
sz301678,301678,sz,新恒汇,44.28,-0.43,1.5,0.7,149.42,5.89,-6.31,-3.26,3.24,-20.23,-30.51,91630000.0,10608000000.0,6154000000.0
sz301280,301280,sz,珠城科技,44.22,4.84,3.49,1.97,40.05,4.34,2.17,8.7,16.06,8.46,16.68,148580000.0,8468000000.000001,4397000000.0
sh600378,600378,sh,昊华科技,44.2,-6.44,4.19,0.85,36.37,3.15,-12.09,-9.48,-3.81,15.38,40.02,2006950000.0,57017999999.99999,47407000000.0
bj920088,920088,bj,科力股份,44.2,-4.33,15.23,0.8,83.75,5.63,0.23,-0.54,-1.07,22.03,51.89,217350000.0,3893000000.0,1439000000.0
sz002847,002847,sz,盐津铺子,44.15,-0.32,1.22,0.6,14.89,5.68,-8.93,-13.07,-4.75,-23.92,-34.41,131930000.0,11929000000.0,10767000000.0
sh601126,601126,sh,四方股份,44.14,-2.88,2.93,0.84,42.85,8.05,-8.91,-3.81,0.09,-43.34,50.34,1074710000.0,36773000000.0,36419000000.0
sh688065,688065,sh,凯赛生物,44.0,-2.81,0.94,1.12,50.8,1.79,-5.68,-7.43,0.23,10.64,-10.84,243210000.0,31737000000.0,25669000000.0
sz301281,301281,sz,科源制药,43.97,-0.2,2.93,0.86,202.26,3.43,-0.63,8.14,25.09,5.82,50.32,91250000.0,4762000000.0,3120000000.0
sz002971,002971,sz,和远气体,43.84,-5.94,13.68,1.23,195.86,4.33,-6.28,-1.22,10.65,26.34,46.97,969100000.0,9234000000.0,7058000000.0
sz301043,301043,sz,绿岛风,43.83,-0.34,1.02,0.64,42.52,3.53,-2.12,-0.36,11.58,-3.5,-32.57,25220000.0,2980000000.0,2487000000.0
sh688063,688063,sh,派能科技,43.78,-1.82,2.83,1.41,71.56,1.15,-4.91,-2.56,1.72,-34.17,-22.79,306160000.0,10742000000.0,10742000000.0
sh601208,601208,sh,东材科技,43.72,-4.4,5.26,0.78,108.56,7.16,-11.85,-3.66,1.04,-12.47,62.29,2328990000.0,44165000000.0,44165000000.0
sh603416,603416,sh,信捷电气,43.69,-3.7,2.07,0.97,26.12,2.63,-11.95,-13.31,-8.81,-16.99,-19.51,127560000.0,6858000000.0,6097000000.0
sz001331,001331,sz,胜通能源,43.67,-2.35,2.12,0.55,-916.3,12.29,-11.56,-24.0,-1.53,-9.18,36.91,262720000.0,17872000000.0,12482000000.0
sh688378,688378,sh,奥来德,43.67,-4.67,4.38,0.78,51.63,5.44,-13.28,5.33,9.39,5.1,61.13,459960000.0,11416000000.0,10523000000.0
sz001229,001229,sz,魅视科技,43.5,-4.08,5.99,0.71,114.26,6.24,-4.67,6.36,13.67,66.9,41.23,193310000.0,6239000000.0,3208000000.0
sh601021,601021,sh,春秋航空,43.47,-0.28,0.35,0.93,16.21,2.34,-2.47,-5.15,-4.17,-10.35,-26.31,148040000.0,42528000000.0,42528000000.0
sh688336,688336,sh,三生国健,43.45,-8.81,1.44,0.97,12.64,4.58,-10.94,-6.62,-0.87,-1.54,6.57,577140000.0,38941000000.0,38941000000.0
sh689009,689009,sh,九号公司-WD,43.41,-0.44,1.26,0.74,20.95,4.93,-1.34,2.5,13.68,16.7,-20.15,307700000.0,31943000000.0,24406000000.0
sz301289,301289,sz,国缆检测,43.35,0.65,1.0,1.52,35.8,3.29,-2.36,-2.25,5.86,-15.43,-25.64,33690000.0,3381000000.0,3360000000.0
sh688799,688799,sh,华纳药厂,43.33,-0.73,2.62,1.09,25.86,2.78,-4.87,-6.19,-5.39,-13.41,-8.82,153920000.0,5790000000.0,5790000000.0
sz301286,301286,sz,侨源股份,43.26,0.46,0.91,0.67,68.41,8.98,-0.07,5.18,8.39,-19.33,3.4,62420000.0,17308000000.0,6978000000.0
sh603418,603418,sh,友升股份,43.25,1.0,1.7,0.85,16.53,1.87,-3.09,-1.44,0.28,-14.56,-27.52,30190000.0,8350000000.0,1789000000.0
sz001233,001233,sz,海安集团,43.15,-2.09,2.41,0.43,17.07,1.7,-5.33,-5.16,-0.19,-18.4,-25.16,39390000.0,8025000000.0,1627000000.0
sh688665,688665,sh,四方光电,43.15,-1.26,0.49,0.8,33.89,3.59,-8.64,-5.21,0.77,-15.67,-10.79,21340000.0,4366000000.0,4366000000.0
sz300602,300602,sz,飞荣达,43.12,3.73,8.76,1.33,56.06,5.77,2.91,19.12,15.29,-4.81,30.27,1521450000.0,25287000000.0,17299000000.0
sz301349,301349,sz,信德新材,43.08,-2.95,2.7,0.69,97.98,2.25,-8.38,0.02,4.06,-32.52,29.12,131160000.0,6139000000.0,4847000000.0
sh688486,688486,sh,龙迅股份,43.08,-5.15,2.53,1.01,44.36,5.46,-8.18,-4.48,-1.19,-17.19,-17.7,205750000.0,8050000000.0,8050000000.0
sz300316,300316,sz,晶盛机电,42.99,1.08,1.16,0.94,117.78,3.28,-5.22,3.19,7.58,-15.41,17.46,612610000.0,56297000000.0,52945000000.00001
sh688337,688337,sh,普源精电,42.95,-4.17,1.92,0.67,89.07,3.03,-7.71,-1.4,0.49,-28.11,17.7,153020000.0,9392000000.0,7984999999.999999
sh688084,688084,sh,晶品特装,42.94,-2.52,1.14,0.67,-212.32,2.12,-8.31,-14.22,10.1,-19.39,-48.14,37130000.0,3249000000.0,3249000000.0
bj920116,920116,bj,星图测控,42.92,-5.13,1.01,0.71,94.54,16.53,-13.62,-17.3,-3.98,-29.17,-28.78,99110000.0,9601000000.0,9601000000.0
sh688513,688513,sh,苑东生物,42.91,-5.82,1.62,0.89,27.32,2.58,-12.93,-10.6,-12.23,-18.42,-29.73,124840000.0,7575000000.0,7575000000.0
sz002338,002338,sz,奥普光电,42.9,-0.09,1.57,0.67,105.27,7.21,-6.72,-6.6,9.19,-23.05,-26.44,160700000.0,10296000000.0,10296000000.0
sh603203,603203,sh,快克智能,42.85,-1.79,1.63,0.66,94.84,10.29,-8.05,-2.17,2.54,-16.86,54.26,226130000.0,14141000000.0,13979000000.0
sz301317,301317,sz,鑫磊股份,42.84,-0.74,3.35,0.81,-51.05,5.7,-8.97,-5.05,-8.5,-33.78,34.09,73880000.0,6734000000.0,2236000000.0
sh603271,603271,sh,永杰新材,42.77,-1.32,1.54,0.81,18.47,2.84,-2.88,-4.15,-2.02,-5.99,5.28,62490000.0,8473999999.999999,4045000000.0000005
sh603389,603389,sh,亚振家居,42.74,-6.78,1.41,1.05,-212.69,56.01,-11.4,-4.41,0.92,-27.68,-5.36,160840000.0,11230000000.0,11230000000.0
sz301299,301299,sz,卓创资讯,42.68,-1.68,1.95,0.83,38.66,4.44,-5.13,-4.52,8.27,-17.45,-20.34,38350000.0,2589000000.0,1957000000.0
sz300965,300965,sz,恒宇信通,42.66,-1.84,1.09,0.55,92.91,2.11,-9.04,-6.24,10.81,-28.17,-39.21,25210000.0,2560000000.0,2308000000.0
sz300596,300596,sz,利安隆,42.62,-1.57,1.65,0.61,17.71,1.96,-2.23,-1.11,9.42,-8.25,2.06,160280000.0,9786000000.0,9786000000.0
sh603308,603308,sh,应流股份,42.6,-3.79,2.88,1.01,78.52,5.95,-17.04,-11.95,-9.4,-33.96,2.43,852670000.0,29583999999.999996,29583999999.999996
sz301275,301275,sz,汉朔科技,42.59,2.78,2.1,1.64,37.27,4.37,-0.09,-4.1,4.95,-4.72,-20.13,265950000.0,17990000000.0,12813999999.999998
sz300804,300804,sz,广康生化,42.57,-1.34,3.06,0.86,136.8,2.32,-2.5,-3.03,18.65,14.56,22.15,35720000.0,3150000000.0,1171000000.0
sz301213,301213,sz,观想科技,42.52,-2.52,1.56,0.83,248.52,5.98,-7.26,-6.24,2.71,-8.28,-13.66,48230000.0,4762000000.0,3078000000.0
sh688516,688516,sh,奥特维,42.5,2.38,2.68,1.15,33.63,3.94,-2.61,1.29,9.73,-33.27,-4.41,353820000.0,13377000000.000002,13377000000.000002
sz301235,301235,sz,华康洁净,42.42,-2.15,8.36,0.63,45.67,3.16,-17.07,-11.99,4.33,-35.34,15.66,371510000.0,5907000000.0,4421000000.0
sz301367,301367,sz,瑞迈特,42.4,-2.8,1.21,0.6,27.65,1.76,-10.06,-8.72,-9.63,-5.34,-30.3,50490000.0,5312000000.0,4159000000.0000005
sh603284,603284,sh,林平发展,42.39,1.41,8.99,0.54,15.2,1.43,-8.23,4.93,8.69,3.49,13.77,71870000.0,3197000000.0,799000000.0
bj920037,920037,bj,广信科技,42.35,2.29,1.32,1.48,25.66,6.4,3.29,-3.2,12.78,-7.0,-28.86,43690000.0,5423000000.0,3315000000.0
sz301314,301314,sz,科瑞思,42.3,-2.62,3.9,1.07,132.42,2.25,-4.04,1.32,17.24,-8.24,1.24,30210000.0,2337000000.0,772000000.0
sz300693,300693,sz,盛弘股份,42.3,-1.4,4.02,0.82,24.24,5.89,-6.29,8.88,19.29,-17.46,11.96,455020000.0,13231000000.0,11405000000.0
bj920394,920394,bj,民士达,42.3,-1.33,0.76,0.69,50.66,7.36,-6.81,-8.14,-12.96,-7.09,3.88,46330000.0,6186000000.0,6141000000.0
sz000426,000426,sz,兴业银锡,42.29,3.45,8.85,1.98,28.15,6.94,7.12,3.98,26.88,6.52,18.79,6500130000.0,75092000000.0,75073000000.0
sz301607,301607,sz,富特科技,42.26,-5.8,8.27,1.26,36.34,5.48,-6.85,5.36,14.43,10.91,48.08,535290000.0,9894000000.0,6415000000.000001
sh688291,688291,sh,金橙子,42.23,-0.71,1.71,0.99,55.66,4.32,-4.63,0.69,10.03,-10.87,-0.92,73820000.0,4336000000.0,4336000000.0
sh605060,605060,sh,联德股份,42.19,-1.26,1.84,0.87,39.37,4.03,-12.21,-0.17,8.15,-14.8,15.24,182270000.0,10151000000.0,10079000000.0
sz300628,300628,sz,亿联网络,42.18,1.08,2.41,1.05,18.52,5.8,5.13,5.37,10.94,16.68,22.79,737220000.0,53439000000.0,30617000000.0
sh688721,688721,sh,龙图光罩,41.99,-1.22,4.73,0.52,114.47,4.58,-5.15,2.36,10.65,-4.52,-9.76,108280000.0,5606000000.0,2316000000.0
sz300676,300676,sz,华大基因,41.9,-0.71,4.88,0.99,-30.48,2.06,5.33,2.97,11.32,13.89,-7.63,846400000.0,17527000000.0,17432000000.0
sh688577,688577,sh,浙海德曼,41.87,-0.5,0.55,0.7,101.25,6.58,-5.19,-0.99,6.81,-16.96,-39.23,35770000.0,6523000000.0,6523000000.0
sh603082,603082,sh,北自科技,41.87,2.37,13.0,1.15,46.77,4.07,-5.21,4.6,12.28,19.39,15.31,223230000.0,6973999999.999999,1698000000.0
sz300731,300731,sz,科创新源,41.86,7.22,8.45,1.69,329.32,12.1,0.75,10.51,14.06,-33.07,4.31,587320000.0,7420999999.999999,7043000000.000001
sz300508,300508,sz,维宏股份,41.85,-3.64,3.63,0.64,70.53,5.26,-18.39,-10.1,17.49,0.89,13.91,124160000.0,4555000000.0,3428000000.0
sz301072,301072,sz,中捷精工,41.82,-3.71,4.55,0.94,-82.71,6.21,5.26,18.98,22.46,90.09,85.7,130090000.0,4393000000.0,2841000000.0
sz003018,003018,sz,金富科技,41.8,-2.84,5.81,1.5,136.77,8.04,-1.85,9.14,9.65,-25.37,190.9,679970000.0,13122999999.999998,11893000000.0
sh688655,688655,sh,迅捷兴,41.79,-1.35,6.56,0.68,-243.69,8.54,-2.31,17.03,28.7,-13.03,143.96,357190000.0,5574000000.0,5574000000.0
sh603039,603039,sh,泛微网络,41.74,-2.7,4.37,0.54,38.02,4.79,-6.58,-7.96,42.55,13.92,-6.32,557110000.0,12841000000.0,12841000000.0
sz300863,300863,sz,卡倍亿,41.7,-2.75,1.74,0.56,65.33,7.51,-7.52,0.26,13.93,-31.97,15.38,181740000.0,10901000000.0,10472000000.0
sh688626,688626,sh,翔宇医疗,41.69,-4.6,1.16,0.8,82.83,3.21,-8.05,-9.01,-3.32,-18.61,-30.89,78580000.0,6670000000.0,6670000000.0
sz300073,300073,sz,当升科技,41.67,0.87,2.59,1.31,28.4,1.53,-2.07,-1.91,1.34,-24.99,-27.55,549420000.0,22681000000.0,21084000000.0
sh603663,603663,sh,三祥新材,41.61,-3.48,5.48,0.9,165.04,17.58,-6.83,2.26,2.34,-0.88,65.26,1344820000.0,24698000000.0,24682000000.0
sz301168,301168,sz,通灵股份,41.6,-2.64,1.25,1.08,681.79,2.35,-1.52,-7.43,1.81,3.41,-10.88,49450000.0,4992000000.0,3965000000.0
sh688582,688582,sh,芯动联科,41.56,-0.1,1.48,0.8,89.98,6.59,-6.65,-2.07,10.3,-14.66,-36.99,248660000.0,16696000000.0,16696000000.0
sh688380,688380,sh,中微半导,41.49,-1.4,3.33,0.7,44.98,5.15,-11.82,3.47,6.99,-9.8,30.26,553790000.0,16611000000.000002,16611000000.000002
sh603171,603171,sh,税友股份,41.47,-2.61,1.21,0.67,105.83,6.59,-9.32,-13.53,14.46,-12.88,-24.5,203510000.0,16851000000.0,16832000000.0
sz000651,000651,sz,格力电器,41.45,0.51,1.01,1.26,7.96,1.53,3.91,1.92,2.62,5.82,5.68,2304460000.0,232178000000.00003,228887000000.0
sz002422,002422,sz,科伦药业,41.44,-7.64,3.17,1.33,41.95,2.77,-11.24,-10.71,-12.78,13.94,43.48,1739380000.0,65922000000.0,53814000000.0
sh603938,603938,sh,三孚股份,41.41,-4.05,4.17,0.82,98.44,6.06,-9.92,-3.52,-0.38,-8.56,116.94,658480000.0,15844000000.0,15844000000.0
sz000811,000811,sz,冰轮环境,41.4,0.95,5.33,1.19,67.4,6.32,-8.18,-2.54,-4.67,26.1,124.76,2152450000.0,41089000000.0,40514000000.0
sh688206,688206,sh,概伦电子,41.29,-4.64,2.44,0.9,1017.8,6.55,-0.67,17.43,18.65,7.69,18.65,445060000.0,20812000000.0,18026000000.0
sh688708,688708,sh,佳驰科技,41.26,-2.46,0.57,0.62,37.43,4.94,-8.37,-11.36,-10.5,-16.9,-33.18,33750000.0,16524000000.0,5890000000.0
sh688607,688607,sh,康众医疗,41.26,-3.78,1.63,0.73,-185.61,4.33,-10.05,-13.17,5.36,-29.47,-3.6,53590000.0,3636000000.0,3272999999.9999995
sz301448,301448,sz,开创电气,41.25,-0.65,1.2,0.45,-752.02,6.23,-8.8,-5.69,-0.67,20.09,-17.24,35040000.0,4315000000.0,2924000000.0
sh603092,603092,sh,德力佳,41.24,-4.34,7.63,1.64,19.51,2.9,-16.23,-18.19,-18.14,-38.28,-33.34,109740000.0,16496000000.0,1426000000.0
sh603130,603130,sh,云中马,41.21,2.85,1.17,1.17,52.18,4.04,-1.62,-7.04,11.74,-2.81,-26.96,65660000.0,5667000000.0,5667000000.0
sz001393,001393,sz,维通利,41.16,-2.63,3.79,0.84,34.43,2.77,-9.76,-8.94,-7.55,-37.58,35.48,75600000.0,10263000000.0,1977000000.0
sz301287,301287,sz,康力源,41.14,1.28,4.69,0.51,53.04,2.39,-2.02,16.54,29.57,12.25,-0.82,32410000.0,2743000000.0,701000000.0
bj920081,920081,bj,欧伦电气,41.12,-0.6,6.13,0.61,12.18,1.76,1.56,1.56,5.44,6.28,6.28,43160000.0,2985000000.0,703000000.0
sz301419,301419,sz,阿莱德,41.1,1.76,17.97,1.34,93.91,6.67,-1.08,31.77,43.06,7.25,53.45,761750000.0,6165000000.0,4075000000.0
sz300553,300553,sz,集智股份,41.07,1.16,5.73,1.01,266.29,5.4,-14.01,-9.84,-5.98,-33.65,1.81,197400000.0,4560000000.0,3495000000.0000005
sz301321,301321,sz,翰博高新,41.04,5.04,6.73,1.56,-152.31,7.26,5.34,7.43,18.61,22.11,115.43,402260000.0,7651000000.000001,6058000000.0
sz301155,301155,sz,海力风电,41.0,-2.45,1.53,0.6,30.07,1.55,-10.81,-17.69,1.89,-33.88,-49.24,77660000.0,8913000000.0,5054000000.0
sh688056,688056,sh,莱伯泰科,41.0,-4.3,1.08,0.57,80.76,3.44,-11.79,-4.72,3.96,28.76,22.53,30230000.0,2766000000.0,2766000000.0
sh688087,688087,sh,英科再生,40.98,1.91,0.72,0.73,29.93,2.78,4.89,0.44,11.97,12.21,33.49,54880000.0,7915000000.000001,7631999999.999999
sh603286,603286,sh,日盈电子,40.92,-0.34,2.01,0.59,-95.45,5.89,-11.33,-3.4,4.12,-26.08,-40.83,95880000.0,4828000000.0,4783000000.0
sz002957,002957,sz,科瑞技术,40.86,-3.65,4.08,0.66,57.54,5.35,-3.11,4.21,7.75,-33.87,90.93,699420000.0,17160000000.0,17107000000.0
sz301336,301336,sz,趣睡科技,40.79,-3.32,2.5,0.86,72.91,2.54,-6.81,-10.33,14.77,1.27,2.97,41170000.0,2117000000.0000002,1638000000.0
sz301141,301141,sz,中科磁业,40.63,-1.29,5.49,1.02,194.42,4.01,-5.38,-12.79,17.22,-15.14,-21.9,100430000.0,5039000000.0,1809000000.0
sh688248,688248,sh,南网科技,40.63,-1.72,0.61,0.49,55.52,7.15,-12.7,-16.98,-8.7,-32.77,-8.82,138910000.0,22944000000.0,22944000000.0
sh688576,688576,sh,西山科技,40.61,-1.29,0.99,0.79,57.56,1.6,-3.77,-0.42,12.15,-13.41,-3.34,13040000.0,2747000000.0,1312000000.0
sz001285,001285,sz,瑞立科密,40.6,0.47,1.91,0.94,20.93,1.94,-2.31,-4.13,1.73,-12.69,-29.7,32210000.0,7330000000.0,1685000000.0000002
sh688523,688523,sh,航天环宇,40.6,-3.4,0.97,0.6,979.35,9.81,-17.13,-17.75,-2.59,-28.05,-27.45,160970000.0,16519000000.0,16519000000.0
sh688690,688690,sh,纳微科技,40.57,-6.52,3.67,1.2,93.65,8.18,-10.24,-6.33,14.6,6.68,57.81,610360000.0,16383000000.000002,16383000000.000002
sh600298,600298,sh,安琪酵母,40.57,-1.74,1.24,0.73,21.65,2.83,-3.15,-6.71,5.16,12.54,-6.07,432230000.0,35207000000.0,34775000000.0
sz300784,300784,sz,利安科技,40.55,-0.98,3.24,0.56,48.68,2.84,-2.12,-1.03,10.91,-10.07,-18.93,22020000.0,2280000000.0,682000000.0
sz300418,300418,sz,昆仑万维,40.54,-7.49,6.41,1.06,148.49,3.52,-9.31,-8.45,6.21,-7.7,-2.78,3101260000.0,52095000000.00001,47613000000.0
sh688685,688685,sh,迈信林,40.48,-1.15,1.88,0.77,-466.72,7.35,-10.48,-3.64,6.72,-13.66,-26.98,111940000.0,5945000000.0,5945000000.0
sz002032,002032,sz,苏 泊 尔,40.44,-1.17,0.2,1.07,15.98,6.41,-1.84,-2.51,-5.58,-10.43,-2.46,65380000.0,32345999999.999996,32331000000.0
sh688218,688218,sh,江苏北人,40.42,-2.18,3.14,0.67,-114.01,5.34,-12.03,-0.59,6.93,-10.48,77.13,146550000.0,4708000000.0,4708000000.0
sh600111,600111,sh,北方稀土,40.42,0.62,1.48,0.99,43.32,5.57,-5.52,-7.44,2.38,-16.64,-12.11,2173750000.0,146121000000.0,146121000000.0
sz301053,301053,sz,远信工业,40.3,-2.14,3.61,0.59,252.5,6.0,-7.16,3.33,5.91,-7.67,60.28,174570000.0,5315000000.0,4936000000.0
sz300648,300648,sz,星云股份,40.3,-0.86,1.73,1.15,-30.27,6.05,-1.59,0.42,21.68,-20.61,-21.87,92290000.0,7023999999.999999,5347000000.0
sh688768,688768,sh,容知日新,40.3,-5.38,1.11,1.25,52.29,3.36,-8.39,-11.0,-1.2,-18.19,-6.58,39190000.0,3546000000.0,3517000000.0
sz301013,301013,sz,利和兴,40.26,-4.05,9.92,0.66,-58.86,14.06,-14.18,-14.41,0.6,-9.2,43.73,752480000.0,9410000000.0,7619000000.0
sz001223,001223,sz,欧克科技,40.2,-1.18,2.29,0.78,168.96,2.75,-4.81,3.21,31.37,-0.8,16.37,64070000.0,5254000000.0,2807000000.0
sh603799,603799,sh,华友钴业,40.2,-0.96,2.75,0.86,11.02,1.5,-6.64,-12.74,0.32,-26.64,-40.67,2119430000.0,76120000000.0,75882000000.0
sz301322,301322,sz,绿通科技,40.17,-3.99,6.05,1.23,442.12,2.02,-0.35,7.06,17.77,-22.76,46.45,234310000.0,5730000000.0,3865000000.0
sz300709,300709,sz,精研科技,40.16,-1.47,7.84,0.86,392.57,3.48,-3.76,5.32,11.28,-7.36,-14.75,471450000.0,7495999999.999999,6018000000.0
sh603226,603226,sh,菲林格尔,40.16,-9.96,1.75,1.55,-182.59,16.76,-17.91,-19.28,-16.21,-17.02,27.01,253270000.0,14277000000.000002,14277000000.000002
sz301273,301273,sz,瑞晨环保,40.08,-0.12,2.52,0.37,-62.59,4.6,-8.35,5.81,-0.25,34.24,111.83,76170000.0,4020000000.0000005,3085000000.0
sh688265,688265,sh,南模生物,40.03,-5.37,3.31,0.6,94.32,1.83,-16.93,-14.01,20.25,14.03,-2.09,104680000.0,3121000000.0,3121000000.0
sz300919,300919,sz,中伟新材,40.0,-1.16,1.21,1.13,23.02,1.78,-3.68,-4.31,-1.67,-23.07,-12.97,448760000.0,41779000000.0,36588000000.0
sz300617,300617,sz,安靠智电,40.0,-1.79,3.21,0.91,84.12,2.19,-11.09,-5.84,-8.19,-41.0,25.39,177710000.0,6628000000.0,5557000000.0
sz301636,301636,sz,泽润新能,39.98,-0.1,2.73,1.26,4445.51,2.4,-3.22,-3.43,8.73,-22.46,-18.24,41170000.0,2586000000.0,1509000000.0
sz002881,002881,sz,美格智能,39.96,5.57,6.72,1.79,84.37,4.47,2.3,7.56,3.36,-11.87,-10.12,489230000.0,12071000000.0,7314000000.0
sh600176,600176,sh,中国巨石,39.87,-5.16,5.86,0.98,35.22,4.81,-13.92,-7.88,-2.92,-5.3,135.78,9348820000.0,159605000000.0,158347000000.0
sz000603,000603,sz,盛达资源,39.86,8.88,18.69,1.86,32.26,7.32,19.99,7.38,59.89,29.5,29.25,4825300000.0,27502000000.0,26575000000.0
sh603195,603195,sh,公牛集团,39.84,-0.4,0.17,0.63,17.3,5.03,0.08,-2.95,3.08,0.4,2.34,122890000.0,71849000000.0,71719000000.0
sz002865,002865,sz,钧达股份,39.8,-5.01,4.95,1.06,-8.82,3.28,-14.65,-13.52,-6.79,-48.35,-27.12,455650000.0,12388000000.0,9107000000.0
sh688805,688805,sh,健信超导,39.8,3.7,4.32,1.15,80.56,5.58,-3.02,-1.97,-0.25,-25.59,-4.88,56170000.0,6673999999.999999,1335000000.0
sh603198,603198,sh,迎驾贡酒,39.79,2.1,0.92,1.02,15.98,3.1,0.99,-0.97,12.91,12.24,4.55,294200000.0,31832000000.0,31832000000.0
sz301382,301382,sz,蜂助手,39.72,-2.91,4.77,0.89,73.26,5.98,-13.41,2.56,8.23,-3.99,12.24,445740000.0,11333000000.0,9388000000.0
sz301622,301622,sz,英思特,39.62,-1.66,1.69,1.02,58.95,2.99,-6.49,-9.02,0.76,-29.64,-38.33,43560000.0,4593000000.0,2562000000.0
sh600036,600036,sh,招商银行,39.58,1.75,0.51,1.39,6.62,0.9,3.61,1.72,1.49,6.95,-1.26,4125330000.0,998201000000.0,816494000000.0
sh600132,600132,sh,重庆啤酒,39.57,-1.76,1.2,1.45,16.48,12.09,-7.93,-10.7,-9.41,-23.49,-22.47,231680000.0,19151000000.0,19151000000.0
sz001325,001325,sz,元创股份,39.54,3.26,15.04,3.0,19.61,1.74,4.55,5.55,15.11,-2.95,-18.57,116110000.0,3100000000.0,775000000.0
bj920015,920015,bj,锦华新材,39.49,1.13,2.28,0.51,36.98,3.18,-8.57,-11.28,-16.14,-3.45,-16.46,36000000.0,5354000000.0,1580000000.0
sh603786,603786,sh,科博达,39.44,-2.11,0.48,1.06,20.27,2.89,-8.19,-8.28,-1.35,-17.75,-49.1,77190000.0,15928000000.0,15928000000.0
sh688689,688689,sh,银河微电,39.4,-2.31,3.61,0.68,56.56,4.17,-6.03,-2.11,5.09,2.33,40.05,205620000.0,5709000000.0,5709000000.0
sz300983,300983,sz,尤安设计,39.36,-1.45,0.8,1.1,-76.69,2.47,-1.03,-6.84,9.24,12.1,46.87,47000000.0,6801000000.000001,6015000000.0
sz003007,003007,sz,直真科技,39.34,5.44,5.79,2.19,199.9,3.1,0.33,-0.66,18.07,-6.6,5.58,162280000.0,4704000000.0,2856000000.0
bj920038,920038,bj,森合高科,39.3,1.52,18.77,1.69,14.82,3.01,0.82,-14.68,35.24,35.24,35.24,255400000.0,4107000000.0,1343000000.0
sz301315,301315,sz,威士顿,39.29,-3.2,2.51,0.65,106.8,3.43,-7.99,1.66,13.85,-8.03,-30.92,87660000.0,3458000000.0,3458000000.0
sh688631,688631,sh,莱斯信息,39.25,-1.11,0.64,0.92,111.71,3.42,-6.97,-8.93,1.13,-18.11,-42.2,41390000.0,6416000000.0,6416000000.0
sh688050,688050,sh,爱博医疗,39.22,-3.11,1.25,0.58,28.64,2.71,-5.4,-6.28,-1.95,-6.84,-35.0,95700000.0,7587000000.0,7587000000.0
sz002289,002289,sz,宇顺电子,39.17,-5.41,2.05,0.79,327.47,41.37,-4.09,4.45,15.44,-8.8,34.28,223800000.0,10978000000.0,10749000000.0
sh600593,600593,sh,大连圣亚,39.16,-2.37,2.77,0.96,99.95,24.43,-4.65,-2.51,6.99,4.15,-5.46,141310000.0,5108000000.0,5044000000.0
sz002991,002991,sz,甘源食品,39.15,-5.48,5.23,3.44,17.06,2.15,-9.31,-10.29,-1.44,-15.56,-29.98,101080000.0,3649000000.0,1955000000.0
sz001267,001267,sz,汇绿生态,39.14,4.46,8.78,1.63,395.65,18.92,-6.72,-8.91,14.78,-32.45,79.24,2096140000.0,30725000000.0,23819000000.0
sh603200,603200,sh,上海洗霸,39.13,10.01,1.92,1.06,83.74,6.27,3.88,1.85,15.7,-18.41,-44.97,130280000.0,6867000000.0,6867000000.0
sh600498,600498,sh,烽火通信,39.12,-3.88,6.91,0.94,126.8,3.05,-6.25,2.14,3.41,-24.47,22.31,3429100000.0,53132000000.00001,49746000000.0
sz000733,000733,sz,振华科技,39.1,-1.88,1.66,0.76,22.05,1.39,-5.74,-5.74,-1.96,-23.5,-24.85,360920000.0,21668000000.0,21665000000.0
bj920220,920220,bj,朗信电气,39.1,-0.99,2.6,0.43,19.13,2.3,-6.39,-6.9,-5.21,-48.53,38.21,20970000.0,2589000000.0,811000000.0
sz002304,002304,sz,洋河股份,39.05,0.57,0.28,0.87,57.93,1.25,-1.93,-6.06,-1.64,-11.09,-34.12,162940000.0,58827000000.0,58825000000.0
sz301122,301122,sz,采纳股份,39.0,-1.27,8.73,1.08,431.46,2.58,7.41,22.56,17.47,39.63,49.88,255400000.0,4768000000.0,2950000000.0
sz002230,002230,sz,科大讯飞,38.93,-0.66,1.21,0.71,106.94,4.14,-7.18,-10.49,-2.01,-18.56,-22.43,1033910000.0,93513000000.0,85255000000.0
sh603373,603373,sh,安邦护卫,38.93,0.83,2.06,0.56,45.54,3.2,-5.07,-2.11,14.94,25.46,44.92,50330000.0,5860000000.0,2476000000.0
sz300042,300042,sz,朗科科技,38.92,-3.28,5.71,0.68,55.68,6.89,-13.63,-8.53,-8.53,-33.69,51.85,442820000.0,7800000000.0,7798999999.999999
sz002842,002842,sz,翔鹭钨业,38.92,-1.39,11.78,0.86,33.0,9.0,-3.73,-7.82,22.97,20.79,171.75,1230870000.0,12734000000.0,10449000000.0
sz002714,002714,sz,牧原股份,38.83,-0.61,1.23,0.83,-200.0,2.83,-1.17,-3.5,-1.27,2.0,-22.58,1556470000.0,224165000000.0,127382000000.0
bj920576,920576,bj,天力复合,38.8,-2.68,1.37,0.48,502.91,9.64,-11.62,-15.84,-4.67,-32.19,-44.98,57520000.0,4227000000.0000005,4185000000.0
sz300904,300904,sz,威力传动,38.7,-6.0,3.64,2.05,-27.4,5.0,-8.86,-9.56,6.61,-23.12,-38.19,49080000.0,2801000000.0,1338000000.0
sh688679,688679,sh,通源环境,38.67,-4.04,3.05,0.53,-131.48,4.64,1.58,16.13,5.71,-35.64,45.38,156930000.0,5092000000.0,5092000000.0
sh605287,605287,sh,德才股份,38.67,-1.53,1.65,0.7,90.31,3.44,-1.75,-1.05,19.43,-7.84,49.48,89150000.0,5414000000.0,5414000000.0
sz301525,301525,sz,儒竞科技,38.65,-2.74,1.17,0.86,61.45,1.58,-8.06,-7.43,4.54,-24.51,-37.11,31390000.0,5103000000.0,2673000000.0
sz301365,301365,sz,矩阵股份,38.63,-1.4,1.93,0.47,142.22,4.1,-3.45,-1.75,1.71,20.68,64.31,90690000.0,7047000000.0,4756000000.0
sz301150,301150,sz,中一科技,38.62,-2.1,3.98,0.78,89.74,3.47,-8.4,-2.1,2.85,-18.15,28.56,465730000.0,12509000000.0,11734000000.0
sz301368,301368,sz,丰立智能,38.59,-3.38,1.18,0.59,-160.71,4.92,-10.88,-10.3,1.21,-17.42,-38.42,54900000.0,4635000000.0,4635000000.0
sz301595,301595,sz,太力科技,38.54,-0.16,1.51,0.53,78.8,4.7,-8.04,-5.84,10.49,-14.36,-21.02,23530000.0,4172999999.9999995,1574000000.0
sh603062,603062,sh,麦加芯彩,38.53,-2.31,0.73,0.97,30.16,2.05,-2.11,-0.44,11.49,-11.89,-16.69,10430000.0,4161000000.0,1428000000.0
sz300573,300573,sz,兴齐眼药,38.52,-3.09,2.31,0.77,18.07,7.44,-6.39,-10.31,-3.82,0.21,-19.39,243870000.0,13671000000.0,10477000000.0
sz301491,301491,sz,汉桑科技,38.5,-1.81,1.32,0.66,23.09,2.31,-6.49,-3.44,3.75,-11.34,-31.13,19490000.0,4966000000.0,1473000000.0
sh603099,603099,sh,长白山,38.49,-3.12,2.3,1.12,79.02,6.99,-3.99,-4.25,3.5,-0.81,-14.48,243780000.0,10483000000.0,10483000000.0
sh688049,688049,sh,炬芯科技,38.47,-1.79,2.78,0.84,31.96,3.29,-9.69,-7.81,-12.57,-14.28,-26.5,187280000.0,6770999999.999999,6770999999.999999
sz003041,003041,sz,真爱美家,38.46,-3.39,1.03,0.97,180.38,3.76,-10.62,-11.05,8.77,-26.27,-29.21,54630000.0,5538000000.0,5262000000.0
sh688249,688249,sh,晶合集成,38.46,-1.69,1.77,0.86,138.76,3.92,-11.79,-4.28,-13.34,-15.58,15.88,816080000.0,85944000000.0,46551000000.0
sh688150,688150,sh,莱特光电,38.44,0.29,1.96,0.91,75.73,8.13,-9.38,-6.01,-5.55,-28.92,42.84,298350000.0,15469999999.999998,15469999999.999998
sz002126,002126,sz,银轮股份,38.4,-4.17,2.27,1.18,33.91,4.41,-13.63,-8.31,-8.53,-23.08,1.91,699740000.0,32518000000.0,30533999999.999996
sz000799,000799,sz,酒鬼酒,38.37,-0.39,2.05,0.97,-383.8,3.39,-4.34,-7.72,0.97,-15.56,-29.31,257620000.0,12468000000.0,12466000000.0
sh688295,688295,sh,中复神鹰,38.32,-1.39,0.44,0.64,200.67,7.3,-7.39,-11.11,-4.22,-20.53,16.91,151760000.0,34488000000.0,34488000000.0
sh688297,688297,sh,中无人机,38.29,-1.31,0.7,0.88,231.33,4.66,-7.02,-9.27,-3.89,-13.76,-19.93,180670000.0,25845999999.999996,25845999999.999996
sh688543,688543,sh,国科军工,38.19,-1.06,1.42,0.71,40.27,4.24,-5.47,-7.28,0.5,-11.7,-25.08,136180000.0,9571000000.0,9571000000.0
sh600211,600211,sh,西藏药业,38.16,-2.13,2.67,1.03,12.57,3.14,-2.33,-3.95,0.47,-0.99,-8.46,329180000.0,12300000000.0,12300000000.0
sh600367,600367,sh,红星发展,38.15,10.01,23.5,1.29,131.97,5.12,9.78,15.26,22.31,18.88,118.5,2781080000.0,13013999999.999998,12283000000.0
sh688439,688439,sh,振华风光,38.12,-0.68,0.86,0.87,55.84,1.53,-4.82,-5.64,0.34,-24.68,-40.84,65560000.0,7623999999.999999,7623999999.999999
sz300985,300985,sz,致远新能,38.11,-3.64,2.4,0.73,-131.84,8.04,-8.83,12.19,11.11,63.42,107.68,170750000.0,7108000000.0,7108000000.0
sz001221,001221,sz,悍高集团,38.11,-8.21,5.54,0.96,20.87,5.01,-8.67,-4.58,0.13,-25.9,-34.0,166390000.0,15244000000.0,2929000000.0
sz300946,300946,sz,恒而达,38.09,-2.01,2.76,1.44,259.0,4.96,-5.06,-6.67,4.18,-19.49,-31.49,79100000.0,5942000000.0,2887000000.0
sh603179,603179,sh,新泉股份,38.08,3.68,4.01,1.24,34.69,3.44,-4.15,0.55,-3.57,-26.9,-27.55,1073780000.0,27995000000.0,27197000000.000004
sz301008,301008,sz,宏昌科技,38.07,-5.53,8.29,0.65,223.12,3.31,-6.96,-0.6,20.09,33.9,10.44,370950000.0,4986000000.0,4402000000.0
sh688181,688181,sh,八亿时空,38.07,-1.68,3.06,0.67,53.94,2.45,-7.6,-4.99,0.66,-8.96,18.46,154370000.0,5064000000.0,5064000000.0
sh688551,688551,sh,科威尔,38.05,-5.58,3.05,0.97,86.38,3.16,-12.15,-2.88,-3.91,-27.24,35.03,127340000.0,4147000000.0,4147000000.0
sh600105,600105,sh,永鼎股份,38.05,-4.2,7.48,0.78,132.9,15.29,-10.47,1.01,8.1,-20.39,51.68,4165420000.0,55629000000.0,55629000000.0
sh603031,603031,sh,安孚科技,37.99,-3.04,2.58,0.52,44.96,4.93,-13.17,-5.85,-2.29,-36.79,25.02,306850000.0,14202000000.000002,11944000000.0
sz300433,300433,sz,蓝思科技,37.95,2.04,2.45,0.88,58.03,3.8,2.6,8.77,3.6,-5.25,27.26,4572100000.0,200328000000.0,188505000000.0
sz300049,300049,sz,福瑞医科,37.95,-8.93,5.18,1.39,60.32,5.1,-15.33,-10.64,-13.65,-14.74,-45.99,467600000.0,10018000000.0,8865000000.0
sz300834,300834,sz,星辉环材,37.88,-3.76,0.68,0.74,138.99,2.57,-7.41,-3.96,-3.1,-19.57,64.09,49340000.0,7338000000.0,7273000000.0
sh688550,688550,sh,瑞联新材,37.87,-2.37,2.54,0.76,24.49,2.01,-7.81,-3.64,-8.02,-18.56,-14.73,167270000.0,6668000000.000001,6668000000.000001
sz301108,301108,sz,洁雅股份,37.82,0.08,4.2,1.77,54.94,2.27,-0.18,-0.87,17.89,65.22,14.23,104160000.0,4257000000.0,2452000000.0
sh600160,600160,sh,巨化股份,37.82,-2.27,0.93,0.74,24.59,4.96,-7.39,-14.55,-5.83,15.87,-0.11,955050000.0,102104000000.0,102104000000.0
bj920156,920156,bj,海昌智能,37.78,-0.74,3.16,0.54,18.41,3.27,-2.93,-5.53,-1.51,-34.96,80.51,25740000.0,3934000000.0000005,819999999.9999999
sz301498,301498,sz,乖宝宠物,37.77,-1.67,1.56,0.66,25.53,3.26,-7.18,-13.69,-3.84,-14.22,-41.8,111850000.0,15126000000.0,7159000000.0
sh603102,603102,sh,百合股份,37.77,-4.91,9.26,0.8,20.38,1.41,-12.99,-4.98,20.67,2.47,-12.1,227710000.0,2417000000.0,2417000000.0
bj920138,920138,bj,杰理科技,37.75,-4.53,11.26,0.65,26.38,3.23,-17.21,100.16,100.16,100.16,100.16,148620000.0,16344000000.0,1307000000.0
sz301517,301517,sz,陕西华达,37.66,-1.88,2.74,0.91,-88.46,4.48,-10.35,-8.33,-0.79,-31.87,-45.8,99900000.0,5696000000.0,3674000000.0
sh601628,601628,sh,中国人寿,37.64,1.65,0.21,1.63,7.35,1.83,0.11,-0.16,-5.26,13.33,-16.14,1608730000.0,1063883000000.0,783798000000.0
sz301316,301316,sz,慧博云通,37.55,-4.16,2.29,0.65,149.62,14.26,-8.41,-6.01,3.87,-15.64,-15.77,338230000.0,15155000000.000002,14691000000.0
sz301591,301591,sz,肯特股份,37.54,-0.64,31.55,1.71,67.07,4.49,3.47,25.47,36.96,-20.9,20.56,527810000.0,4104999999.9999995,1678000000.0
sh605589,605589,sh,圣泉集团,37.52,-3.55,3.02,0.59,33.32,2.94,-14.73,-9.79,-4.29,-17.97,35.7,955320000.0,31756000000.0,31739000000.0
sz002364,002364,sz,中恒电气,37.5,-4.31,7.11,0.79,161.3,8.64,-17.73,-4.75,-6.25,-32.98,42.37,1491090000.0,21134000000.0,20929000000.0
sz002709,002709,sz,天赐材料,37.48,-1.26,3.83,1.01,19.32,3.77,-6.39,-5.4,-2.12,-27.96,-18.49,2198110000.0,76405000000.0,56558000000.00001
sz301188,301188,sz,力诺药包,37.46,-3.95,4.79,0.61,249.68,5.18,-14.44,-1.4,-2.5,-11.15,114.02,476210000.0,10022000000.0,10022000000.0
sz301295,301295,sz,美硕科技,37.36,-2.89,6.01,0.53,108.83,3.94,-20.85,-18.99,3.23,-24.4,26.26,66020000.0,3765999999.9999995,1098000000.0
sz301538,301538,sz,骏鼎达,37.35,-1.71,3.43,0.42,22.31,2.83,-7.48,-5.85,3.32,-42.99,-34.54,55700000.0,4100000000.0,1632000000.0
sz301202,301202,sz,朗威股份,37.35,-6.08,5.69,1.17,86.83,4.23,3.61,10.47,17.56,-4.45,-7.09,169810000.0,5095000000.0,2974000000.0
sh688023,688023,sh,安恒信息,37.35,-3.26,1.29,0.65,-63.42,1.7,-6.86,-5.66,6.47,-7.18,-27.35,49650000.0,3815999999.9999995,3815999999.9999995
sh603375,603375,sh,盛景微,37.31,-4.85,2.42,1.07,-2795.64,2.44,-5.88,-0.21,9.9,-23.39,2.5,58210000.0,3756000000.0,2380000000.0
sz002993,002993,sz,奥海科技,37.29,-2.84,2.02,0.74,29.9,2.2,-8.83,-2.05,-2.94,-42.4,-13.52,178090000.0,10294000000.0,8892000000.0
sh603090,603090,sh,宏盛股份,37.28,-1.11,1.88,0.84,48.95,6.0,-8.52,-6.54,-7.4,-37.66,-32.4,69910000.0,3728000000.0,3728000000.0
sh603859,603859,sh,能科科技,37.2,-2.16,1.67,0.74,43.91,2.4,-12.06,-13.55,1.69,-10.36,-11.34,151830000.0,9910000000.0,9103000000.0
sz301581,301581,sz,黄山谷捷,37.19,-0.03,1.18,0.7,122.89,3.01,-2.13,0.57,11.38,-28.45,-21.04,18440000.0,2975000000.0,1573000000.0
sz301291,301291,sz,明阳电气,37.15,-2.34,3.08,0.49,23.34,2.37,-10.91,-8.04,-5.37,-35.17,-9.74,187760000.0,11685000000.0,6079000000.0
sh603920,603920,sh,世运电路,37.15,-4.4,2.95,0.74,69.73,4.23,-6.8,2.99,8.56,-39.02,-22.78,796800000.0,26770000000.0,26770000000.0
sz301418,301418,sz,协昌科技,37.14,-1.25,3.95,0.86,331.51,1.69,-4.89,-3.76,10.93,-4.48,2.03,45020000.0,2724000000.0,1145000000.0
sh600353,600353,sh,旭光电子,37.02,-3.29,13.43,1.35,186.18,16.41,8.47,35.6,34.03,66.61,130.65,4023920000.0,30683000000.0,30683000000.0
sh688091,688091,sh,上海谊众,36.96,-7.65,2.58,1.09,111.47,5.27,-11.79,-9.88,-1.41,-20.89,-21.36,203000000.0,7640000000.000001,7640000000.000001
sh603337,603337,sh,杰克科技,36.92,-2.59,0.64,0.59,20.29,3.4,-7.54,-16.64,-3.15,-6.34,-13.94,111210000.0,17588000000.0,17243000000.0
sh688598,688598,sh,金博股份,36.87,-7.48,14.49,1.04,-6.0,1.98,-4.23,18.97,32.48,18.14,25.58,1109920000.0,7653000000.0,7506000000.0
sz000021,000021,sz,深科技,36.79,-2.93,4.42,0.6,48.31,4.45,-13.64,-8.48,-16.29,-7.03,46.81,2552420000.0,57921000000.0,57913000000.0
sh601168,601168,sh,西部矿业,36.7,-3.04,3.04,1.34,14.72,3.9,-6.71,-13.55,-2.7,20.45,33.26,2685850000.0,87456000000.0,87456000000.0
sz002149,002149,sz,西部材料,36.67,-1.74,3.85,0.44,222.65,4.87,-13.94,-11.28,10.49,-38.84,-19.25,687980000.0,17903000000.0,17900000000.0
sz301236,301236,sz,软通动力,36.65,-1.43,1.61,0.49,703.75,2.85,-6.12,-10.5,2.83,11.09,-22.65,467400000.0,37940000000.0,28795999999.999996
sh600893,600893,sh,航发动力,36.6,0.77,1.04,1.09,155.01,2.44,-2.66,-0.81,4.13,-11.7,-8.4,1014440000.0,97561000000.0,97544000000.0
sh688781,688781,sh,视涯科技-UW,36.59,-3.0,4.7,0.86,-255.92,9.02,-6.4,-2.92,1.47,-28.4,61.33,70210000.0,36590000000.0,1494000000.0
sh600547,600547,sh,山东黄金,36.5,-1.48,5.06,1.49,32.62,5.48,21.67,16.35,38.57,27.67,-5.02,6744300000.0,168262000000.0,131927000000.0
sz301613,301613,sz,新铝时代,36.49,-1.35,1.09,0.78,22.32,3.3,-7.97,-7.83,-3.97,-13.26,-28.45,33420000.0,5249000000.0,3062000000.0
sz301458,301458,sz,钧崴电子,36.44,-3.85,5.95,0.93,71.24,5.91,-10.47,-1.94,1.62,-19.52,14.81,253830000.0,9717000000.0,4281000000.0
sz300833,300833,sz,浩洋股份,36.44,0.55,0.79,1.11,28.74,1.92,-2.98,-1.51,10.09,5.44,-8.85,23200000.0,4609000000.0,2961000000.0
sh688520,688520,sh,神州细胞,36.39,-3.96,1.01,0.91,-21.28,241.66,-7.24,-3.98,4.78,-4.86,-15.98,165090000.0,17116000000.0,16206000000.0
sh603068,603068,sh,博通集成,36.37,-5.78,6.88,0.9,103.17,3.09,-15.48,-11.25,1.31,3.27,-3.04,384130000.0,5521000000.0,5521000000.0
sz300001,300001,sz,特锐德,36.26,-0.03,1.42,0.8,30.61,4.54,-3.15,2.55,4.2,-7.26,42.3,525180000.0,38266000000.0,37390000000.0
sh605305,605305,sh,中际联合,36.25,-2.53,1.54,1.08,13.74,2.58,-6.6,-8.81,-6.33,-11.22,-12.19,119090000.0,7704000000.000001,7704000000.000001
sh688197,688197,sh,首药控股-U,36.2,-4.0,3.37,0.66,-57.78,8.09,-2.95,-0.06,-0.88,-1.04,4.2,79290000.0,5384000000.0,2317000000.0
bj920165,920165,bj,珈凯生物,36.19,-3.11,9.39,0.6,23.35,2.93,-6.0,87.9,87.9,87.9,87.9,32730000.0,1747000000.0,348000000.0
sh603341,603341,sh,龙旗科技,36.18,-2.98,2.86,0.5,42.36,2.72,-10.22,-7.75,-2.48,6.53,-13.36,278350000.0,18907000000.0,9675000000.0
sz301162,301162,sz,国能日新,36.04,-0.63,1.33,0.51,43.57,4.15,-10.26,-13.76,-1.85,-23.68,-0.7,57980000.0,6728000000.0,4367000000.0
sz000960,000960,sz,锡业股份,36.03,-2.88,3.41,1.2,24.62,2.76,-9.04,-11.04,10.59,-3.92,30.92,2024610000.0,59285000000.0,59285000000.0
sh688080,688080,sh,映翰通,35.98,-1.61,1.19,0.86,19.48,2.27,-4.21,-2.1,10.37,-12.88,-28.6,31350000.0,2650000000.0,2650000000.0
sh688061,688061,sh,灿瑞科技,35.96,-3.59,1.1,0.62,-62.38,1.82,-12.23,-2.73,-7.08,-3.02,10.92,45270000.0,4131000000.0,4131000000.0
sz300807,300807,sz,天迈科技,35.94,0.06,2.23,0.98,-60.15,5.55,-5.37,-5.92,3.69,-19.96,-34.88,42070000.0,2445000000.0,1867000000.0000002
sh603738,603738,sh,泰晶科技,35.93,-4.37,8.19,0.63,208.25,7.69,-11.7,-0.86,9.54,-17.17,129.31,1132220000.0,13865000000.0,13865000000.0
sz301297,301297,sz,富乐德,35.9,2.69,3.82,1.41,57.51,4.6,-4.27,2.48,13.23,-12.83,0.75,727050000.0,24926000000.0,18963000000.0
bj920009,920009,bj,丹娜生物,35.75,-5.57,5.7,0.79,31.01,4.15,-1.7,-3.43,7.23,-5.3,-33.61,21140000.0,2772000000.0,360000000.0
sh688500,688500,sh,慧辰股份,35.72,-2.72,1.45,0.65,-54.6,3.68,-6.98,-3.22,15.49,-30.92,-42.16,39140000.0,2714000000.0,2676000000.0
sh600329,600329,sh,达仁堂,35.72,1.05,0.49,0.94,32.43,4.63,-1.22,-4.0,-3.41,-6.93,-12.52,98960000.0,27508000000.0,20256000000.0
sz300606,300606,sz,金太阳,35.71,-1.35,3.75,0.49,246.66,7.5,-8.69,0.48,6.18,0.82,53.2,157000000.0,4940000000.0,4202000000.0000005
sz002050,002050,sz,三花智控,35.71,-2.72,1.18,0.71,36.77,4.78,-8.48,-7.32,-0.89,-22.47,-34.97,1566150000.0,150268000000.0,131807000000.0
sh603288,603288,sh,海天味业,35.67,1.77,0.29,1.3,28.67,5.59,0.71,-3.02,-0.97,1.57,-0.7,567330000.0,208707000000.00003,198319000000.0
sh600612,600612,sh,老凤祥,35.64,1.68,1.16,1.88,11.04,1.43,4.33,-1.6,4.24,2.92,-17.4,132160000.0,18644000000.0,11302000000.0
sh600460,600460,sh,士兰微,35.56,-0.92,15.65,2.04,128.97,4.91,4.43,10.54,9.99,3.01,25.52,9418850000.0,59174000000.0,59174000000.0
sh688499,688499,sh,利元亨,35.55,1.28,3.35,1.3,105.15,2.53,-2.87,-3.74,3.92,-37.96,-38.41,202860000.0,5998000000.0,5998000000.0
sh688113,688113,sh,联测科技,35.55,-1.39,0.97,1.08,23.59,2.29,-3.63,-2.71,8.85,-8.85,-9.66,22430000.0,2289000000.0,2289000000.0
sh688765,688765,sh,禾元生物-U,35.49,-4.78,4.35,0.77,-87.57,4.42,-10.83,-8.81,-23.02,-31.3,-48.65,112710000.0,12688000000.0,2554000000.0
sz300747,300747,sz,锐科激光,35.42,-3.3,2.96,0.84,80.49,5.62,-5.95,0.25,3.84,-11.96,31.38,548190000.0,19892000000.0,18488000000.0
sz301132,301132,sz,满坤科技,35.41,-3.36,5.0,0.82,47.93,2.96,-7.71,3.51,21.27,-11.12,7.69,167090000.0,5244000000.0,3354999999.9999995
sz002655,002655,sz,共达电声,35.38,-6.33,14.26,1.37,287.27,14.74,0.86,13.14,34.42,-12.69,174.48,1906030000.0,12900000000.0,12853000000.0
sz301599,301599,sz,理奇智能,35.37,3.79,15.99,1.08,63.04,7.05,-11.44,0.4,4.18,-36.49,154.28,310040000.0,15266000000.0,1935000000.0000002
sh688363,688363,sh,华熙生物,35.33,-2.89,0.56,0.78,66.78,2.42,-4.44,-9.22,-5.91,-3.44,-18.76,96800000.0,17018000000.0,17018000000.0
sz301239,301239,sz,普瑞眼科,35.29,0.83,2.43,1.3,-300.74,2.5,-1.62,-7.13,13.73,-8.67,7.3,122070000.0,5280000000.0,5013000000.0
sz301446,301446,sz,福事特,35.27,-2.46,2.85,1.0,48.73,3.05,-7.84,-11.14,9.53,-23.51,10.7,32030000.0,3668000000.0,1121000000.0
sz002487,002487,sz,大金重工,35.26,-10.01,5.81,2.15,22.55,1.81,-15.89,-16.25,-13.02,-51.69,-31.99,1332180000.0,26095000000.0,22246000000.0
sz301567,301567,sz,贝隆精密,35.23,-1.59,4.37,0.86,-220.52,3.49,-3.87,0.46,13.35,-18.69,-25.04,32720000.0,2537000000.0,748000000.0
sz002472,002472,sz,双环传动,35.23,-2.36,1.84,0.54,23.59,2.97,-8.85,-8.52,-3.11,-9.55,-25.25,487060000.0,29945000000.0,26373000000.0
sz300398,300398,sz,飞凯材料,35.16,-1.43,4.37,0.69,49.87,3.99,-10.31,-3.67,-0.57,-3.29,57.42,860370000.0,20042000000.0,19934000000.0
sh688767,688767,sh,博拓生物,35.16,-13.65,3.43,2.4,173.21,2.33,-16.98,-9.47,-3.38,-6.14,-5.18,186380000.0,5251000000.0,5251000000.0
sh600702,600702,sh,舍得酒业,35.13,0.6,1.95,0.9,-155.24,1.67,-2.96,-7.67,6.04,-20.27,-37.01,229550000.0,11666000000.0,11661000000.0
sz300905,300905,sz,宝丽迪,35.12,-2.98,3.13,0.63,40.27,3.2,-12.38,-10.91,-6.89,-47.43,9.99,153220000.0,6287000000.0,4893000000.0
sh688548,688548,sh,广钢气体,35.1,-5.85,1.86,0.75,144.26,7.7,-15.42,-6.8,-12.12,26.99,142.4,864150000.0,46311000000.0,46311000000.0
sz300618,300618,sz,寒锐钴业,35.08,0.26,2.68,0.99,48.09,1.95,-3.78,-12.08,7.21,-7.64,-22.11,257710000.0,10864000000.0,9559000000.0
sz300339,300339,sz,润和软件,35.01,-3.37,2.72,0.55,194.94,7.77,-5.28,-8.28,-0.91,-12.95,-29.17,745900000.0,27882000000.0,27227000000.0
sh603931,603931,sh,格林达,34.95,-1.83,2.0,0.65,58.12,3.56,-12.34,-3.64,-3.51,-45.23,11.32,138850000.0,6975000000.0,6975000000.0
sh603275,603275,sh,众辰科技,34.92,-1.69,1.6,0.96,28.64,1.73,-6.1,-4.54,2.59,-16.62,-23.18,23250000.0,5191000000.0,1450000000.0
sz301171,301171,sz,易点天下,34.9,-3.96,9.73,0.8,232.01,5.66,-11.04,-8.04,31.95,-17.51,12.08,1731610000.0,21586000000.0,17516000000.0
sz300913,300913,sz,兆龙互连,34.9,-2.81,2.31,0.73,48.37,4.61,-6.68,-1.02,2.5,-41.04,-33.49,230710000.0,11963000000.0,9976000000.0
sh688069,688069,sh,德林海,34.87,9.72,3.83,1.73,56.73,4.4,9.65,-8.07,-0.77,-17.43,120.22,199340000.0,5462000000.0,5462000000.0
sh688484,688484,sh,南芯科技,34.85,-3.49,1.76,0.67,210.67,3.68,-10.06,-4.05,-1.72,-16.53,-13.76,262040000.0,14972000000.0,14972000000.0
sh688180,688180,sh,君实生物-U,34.85,-6.87,2.74,0.78,-54.14,6.07,-11.21,-10.43,-6.64,1.78,2.02,748820000.0,35780000000.0,26708999999.999996
sh603078,603078,sh,江化微,34.8,-3.55,6.19,0.71,125.69,6.81,-8.9,-4.03,4.04,0.46,95.62,825610000.0,13419999999.999998,13419999999.999998
bj920029,920029,bj,开发科技,34.8,0.87,0.39,0.91,12.93,2.02,-0.85,-1.28,11.57,-20.42,-42.44,27660000.0,7202000000.0,7006999999.999999
sh603293,603293,sh,埃泰克,34.78,-0.34,2.73,0.67,24.98,2.11,-6.66,-6.86,-1.05,-21.38,3.85,33250000.0,6229000000.0,1221000000.0
sh688168,688168,sh,安博通,34.77,-2.41,2.51,0.7,-40.46,3.76,-13.27,-4.9,-7.26,-41.51,-35.23,94040000.0,3757000000.0,3757000000.0
bj920106,920106,bj,林泰新材,34.73,-2.69,0.72,0.62,15.6,3.44,-3.29,-8.32,3.67,-22.51,-55.53,11050000.0,1964999999.9999998,1516000000.0
sh688053,688053,sh,ST思科瑞,34.71,-0.43,0.98,1.85,-253.1,2.17,-1.11,0.58,17.86,-6.52,-5.55,34440000.0,3471000000.0,3471000000.0
sh688222,688222,sh,成都先导,34.68,-4.09,4.04,0.7,113.23,9.35,-9.66,-4.67,16.93,17.56,48.71,572760000.0,13896000000.0,13896000000.0
sz300179,300179,sz,四方达,34.66,-3.1,6.58,0.55,165.13,14.95,-12.96,-3.62,-3.96,-22.9,133.84,848620000.0,16835000000.0,12962000000.0
sh688302,688302,sh,海创药业-U,34.66,-4.96,1.55,0.74,-25.42,3.32,-9.15,-7.72,-0.14,-12.78,-29.51,53820000.0,3432000000.0,3432000000.0
sh688163,688163,sh,赛伦生物,34.65,1.91,1.45,1.02,68.85,3.35,0.14,7.51,13.09,-1.37,61.09,54480000.0,3750000000.0,3750000000.0
sh605090,605090,sh,九丰能源,34.62,-2.97,1.96,0.76,15.59,1.99,-5.92,-1.48,6.36,-4.05,-19.21,476700000.0,24462000000.0,24437000000.0
sz300723,300723,sz,一品红,34.61,-5.82,2.39,0.64,78.17,8.08,-8.51,-7.21,-1.28,-21.18,3.16,352400000.0,15633000000.000002,14508000000.000002
sz002955,002955,sz,鸿合科技,34.61,-1.73,1.96,0.73,869.82,2.55,-6.41,-1.48,2.7,50.15,14.34,133230000.0,8190000000.000001,6770999999.999999
sh600763,600763,sh,通策医疗,34.61,-2.15,1.69,0.54,25.18,3.74,-6.59,-6.51,-0.52,-7.48,-13.93,263180000.0,15481000000.0,15481000000.0
sz000526,000526,sz,学大教育,34.58,-2.87,5.49,0.69,15.84,3.41,7.03,-4.92,5.65,19.12,-11.83,233570000.0,4214000000.0,4201000000.0
sz002407,002407,sz,多氟多,34.57,-4.37,11.44,0.76,61.12,4.74,-11.79,-10.23,2.98,2.58,2.53,4316000000.0,41153000000.0,37367000000.0
sz301061,301061,sz,匠心家居,34.56,-0.43,0.87,0.53,11.84,2.31,-0.63,-5.78,-0.35,-17.48,-52.36,56850000.0,9829000000.0,6530000000.0
sh688166,688166,sh,博瑞医药,34.55,-5.78,2.99,0.79,296.11,6.12,-12.64,-7.65,-3.63,-33.27,-29.55,453770000.0,15057000000.0,15057000000.0
sh601899,601899,sh,紫金矿业,34.54,-0.58,1.64,1.31,13.58,4.81,4.86,-1.4,10.18,16.53,2.58,11751470000.0,918443000000.0,711586000000.0
sz301616,301616,sz,浙江华业,34.5,0.06,1.35,0.75,14.18,1.93,-3.06,-3.09,3.88,-9.83,-31.93,13210000.0,2760000000.0,980000000.0000001
sz000938,000938,sz,紫光股份,34.49,-5.35,5.39,0.7,46.42,6.43,-15.94,-8.34,-16.83,20.7,40.57,5357250000.0,98644000000.0,98644000000.0
sz301178,301178,sz,天亿马,34.48,-1.06,2.45,0.73,409.93,4.13,-6.81,-4.96,7.92,-15.01,-2.06,57770000.0,3210000000.0,2368000000.0
sz300785,300785,sz,值得买,34.47,-3.72,3.79,0.78,69.46,3.56,-13.02,-13.15,3.08,-23.89,-21.0,160770000.0,6855000000.0,4217000000.0
sz002518,002518,sz,科士达,34.45,3.21,2.55,1.33,31.41,4.26,-5.07,3.17,4.14,-36.54,-28.33,487930000.0,20058000000.0,19469000000.0
sz301201,301201,sz,诚达药业,34.43,-3.83,8.79,0.78,-1511.64,2.57,-7.94,-5.28,20.26,4.83,-15.0,330470000.0,5327000000.0,3736999999.9999995
sz002785,002785,sz,万里石,34.36,5.46,5.13,2.48,-93.21,9.79,-3.32,-2.91,1.39,-23.17,-2.72,340410000.0,7787000000.0,6648000000.0
sz301121,301121,sz,紫建电子,34.33,-1.44,1.05,0.82,7358.13,2.05,-6.99,0.5,1.39,-6.76,-13.83,27550000.0,3393000000.0,2635000000.0
sh603285,603285,sh,键邦股份,34.3,-3.79,9.65,0.7,41.9,3.27,-7.47,0.06,3.13,-27.94,42.32,206350000.0,5488000000.0,2137000000.0
sh688138,688138,sh,清溢光电,34.21,0.68,1.94,0.66,56.31,3.84,-3.36,6.24,11.43,10.18,21.87,206360000.0,10769000000.0,10769000000.0
sz300545,300545,sz,联得装备,34.2,0.35,16.0,1.31,66.4,2.94,13.96,19.37,33.02,3.17,11.8,652110000.0,6343000000.0,4089000000.0
sz301004,301004,sz,嘉益股份,34.16,1.18,0.3,0.52,14.36,2.77,-0.73,-6.0,-1.24,-11.2,-34.37,13980000.0,4981000000.0,4649000000.0
sh688196,688196,sh,卓越新能,34.16,-0.99,1.79,0.79,35.22,1.38,-3.69,-2.87,7.02,-17.55,-41.51,78790000.0,4345000000.0,4345000000.0
sz002415,002415,sz,海康威视,34.15,-0.73,0.85,1.33,19.05,3.95,-1.13,-7.43,-6.28,13.8,19.66,2654960000.0,312980000000.0,308924000000.0
sh605196,605196,sh,华通线缆,34.15,-2.98,2.02,0.92,56.56,5.15,-5.03,-0.44,12.71,-13.57,-1.7,352120000.0,17450000000.0,17326000000.0
sh603606,603606,sh,东方电缆,34.15,0.12,1.69,0.72,20.66,3.33,-9.8,-11.46,-12.57,-23.6,-30.81,476460000.0,28167000000.0,28167000000.0
sz001365,001365,sz,天海电子,34.12,-2.6,8.28,1.16,29.15,2.4,-10.14,-9.09,-5.67,-24.33,25.49,164250000.0,17913000000.0,1962000000.0
sh688060,688060,sh,云涌科技,34.12,-0.67,0.51,0.83,-129.24,2.32,-3.1,-3.07,12.83,-12.6,-19.4,10530000.0,2054000000.0,2054000000.0
sz301203,301203,sz,国泰环保,34.1,-0.06,1.49,0.93,25.76,1.95,-3.21,0.71,9.72,-22.48,7.1,22300000.0,2728000000.0,1495000000.0
sh603658,603658,sh,安图生物,34.08,-1.5,0.63,0.55,18.82,2.31,3.68,3.74,6.8,5.81,-0.09,123220000.0,19474000000.0,19474000000.0
sh601069,601069,sh,西部黄金,34.08,6.27,7.77,2.15,35.0,6.04,20.0,12.55,46.45,24.91,28.49,2255730000.0,31047000000.000004,30235000000.000004
sh600885,600885,sh,宏发股份,34.06,-3.07,0.82,0.87,27.04,3.99,-6.3,-3.51,-2.29,0.65,13.33,434670000.0,52711000000.0,52711000000.0
sh605099,605099,sh,共创草坪,34.03,0.44,0.55,1.84,19.23,4.57,2.97,2.84,8.34,-18.14,-2.38,75050000.0,13703000000.0,13684000000.0
sz300855,300855,sz,图南股份,34.0,0.53,3.73,0.82,43.19,6.12,2.84,8.56,24.86,-7.38,5.75,375140000.0,13447999999.999998,9961000000.0
sh603380,603380,sh,易德龙,33.99,-4.17,2.36,1.1,24.44,3.44,-4.82,2.81,-0.87,-5.35,-9.12,130060000.0,5453000000.0,5453000000.0
sz301668,301668,sz,昊创瑞通,33.98,0.38,4.61,0.49,46.82,3.69,-7.36,-11.49,10.29,-14.19,-28.48,37920000.0,3738000000.0000005,827000000.0
sz300191,300191,sz,潜能恒信,33.97,1.58,7.39,1.0,57.55,8.84,1.86,0.8,21.49,5.11,84.32,543950000.0,10870000000.0,7514000000.0
sh603139,603139,sh,康惠股份,33.92,-2.75,1.72,1.01,-12.23,5.33,-8.57,-4.77,1.62,-7.04,65.71,58310000.0,3611000000.0,3388000000.0000005
sz300209,300209,sz,行云科技,33.9,4.95,12.41,0.87,-430.97,33.5,-13.74,-11.7,17.26,22.56,522.02,2989010000.0,31481000000.0,25185000000.0
sz002142,002142,sz,宁波银行,33.9,-0.47,0.37,0.74,7.19,0.95,5.31,5.94,6.3,12.51,24.68,819930000.0,223862000000.0,223719000000.0
sz000688,000688,sz,国城矿业,33.9,1.86,3.08,1.99,58.51,14.11,5.51,5.41,19.7,-19.63,22.52,1259990000.0,40174000000.0,40174000000.0
sh688046,688046,sh,药康生物,33.88,-1.37,4.09,0.77,76.13,6.12,-15.68,-9.39,23.83,76.46,123.34,567810000.0,13897000000.0,13897000000.0
sh603199,603199,sh,九华旅游,33.87,1.26,2.59,1.06,16.8,2.18,3.86,2.05,7.69,3.42,-5.89,97280000.0,3749000000.0,3749000000.0
sz301272,301272,sz,英华特,33.84,-1.48,1.46,0.87,53.41,1.97,-2.51,-1.51,12.54,-14.85,-16.88,19670000.0,1980000000.0,1343000000.0
sz301230,301230,sz,泓博医药,33.84,-5.26,9.25,0.65,132.82,6.11,-10.97,-3.59,32.39,24.82,48.32,515080000.0,6123000000.0,5507000000.0
sz300450,300450,sz,先导智能,33.84,-0.21,2.08,1.19,35.32,3.25,-4.35,-3.45,0.98,-33.02,-31.9,1108890000.0,56655999999.99999,52771000000.0
sz002992,002992,sz,宝明科技,33.8,-1.29,0.76,0.85,394.03,8.31,-7.5,-6.42,-0.68,-19.52,-29.01,40070000.0,6113000000.0,5281000000.0
sz001266,001266,sz,宏英智能,33.8,-1.69,3.71,1.08,71.46,3.67,-6.06,-2.42,7.1,-32.42,-13.5,72620000.0,3503000000.0,1964999999.9999998
sh600150,600150,sh,中国船舶,33.8,0.36,0.83,1.02,22.5,1.73,0.45,-2.96,0.81,-8.69,2.75,2113710000.0,254366000000.0,254366000000.0
sh605100,605100,sh,华丰股份,33.76,2.06,1.76,1.03,335.72,4.48,-5.09,4.17,10.11,-4.77,5.1,139250000.0,8069000000.0,8031999999.999999
sh600938,600938,sh,中国海油,33.72,-0.41,1.16,0.8,12.86,1.97,2.52,5.37,6.88,-0.59,13.53,1162920000.0,1602710000000.0,100823000000.0
sz301468,301468,sz,博盈特焊,33.69,0.03,3.89,0.84,117.54,2.5,-6.44,-1.52,13.47,-22.19,-15.91,124360000.0,5699000000.0,3285000000.0
sz301110,301110,sz,青木科技,33.65,-3.58,1.93,0.6,28.1,2.9,-11.45,-11.45,2.56,-22.43,-28.38,59610000.0,4359000000.0,3066000000.0
sh603260,603260,sh,合盛硅业,33.63,-4.43,0.99,1.28,-12.53,1.35,-7.86,-5.35,2.25,-11.66,-36.19,395820000.0,39758000000.0,39758000000.0
sh601995,601995,sh,XD中金公,33.62,-0.62,0.44,0.84,14.33,1.6,-3.42,-3.22,-5.91,0.18,-3.31,434440000.0,162292000000.0,98289000000.0
sz001396,001396,sz,誉帆科技,33.58,0.48,4.35,1.52,27.96,2.54,-3.78,-7.06,6.67,-28.54,-21.84,33430000.0,3590000000.0,763000000.0
sz301186,301186,sz,超达装备,33.56,-2.5,1.15,0.97,31.18,2.38,-7.37,-5.12,5.34,-25.89,-2.24,41750000.0,3851000000.0,3621000000.0
sh603194,603194,sh,中力股份,33.51,0.72,0.81,1.46,15.82,2.51,-1.27,-2.64,0.39,1.24,-13.88,43110000.0,13438000000.0,5295000000.0
sz301282,301282,sz,金禄电子,33.48,-6.4,12.15,0.62,75.39,4.03,-4.81,40.2,45.0,22.28,61.61,717020000.0,7062000000.0,5912000000.0
sh688320,688320,sh,禾川科技,33.45,-0.56,1.47,0.59,-46.46,4.16,-7.7,7.25,22.62,-7.6,-10.37,73520000.0,5051000000.0,5051000000.0
sz300657,300657,sz,弘信电子,33.42,-4.6,4.36,0.77,74.18,10.32,-12.38,-6.12,2.08,-17.79,20.82,699790000.0,16113000000.0,15965000000.0
sz300607,300607,sz,拓斯达,33.32,-6.33,9.06,0.69,106.35,5.37,-11.22,1.49,13.64,7.11,1.25,1053360000.0,15893000000.0,11501000000.0
sh688458,688458,sh,美芯晟,33.32,-0.54,1.66,0.87,-160.65,2.04,-6.06,-1.68,1.59,-15.5,-15.94,51900000.0,3715999999.9999995,3123000000.0
sz301131,301131,sz,聚赛龙,33.3,-2.63,2.84,1.3,122.23,1.7,-3.2,-2.6,13.0,-9.26,-30.75,36970000.0,1820000000.0,1304000000.0
sz300770,300770,sz,新媒股份,33.29,-0.95,0.53,0.7,11.8,2.13,-1.45,-3.54,0.0,-4.34,-20.19,40160000.0,7584999999.999999,7584999999.999999
sz002436,002436,sz,兴森科技,33.24,-5.97,7.31,0.85,260.81,10.02,-13.21,-0.6,-6.89,-14.06,57.24,3677010000.0,56497000000.0,50456000000.0
sh688070,688070,sh,纵横股份,33.21,-3.85,1.79,0.7,145.01,4.92,-9.66,-4.4,5.7,-19.84,-40.05,52860000.0,2936000000.0,2936000000.0
sz301097,301097,sz,天益医疗,33.2,-3.99,3.53,1.54,-282.65,2.66,-7.26,-4.32,6.21,-12.35,-10.12,46680000.0,2709000000.0,1314000000.0
sh600536,600536,sh,中国软件,33.2,-2.06,3.35,0.54,-898.48,8.82,6.0,2.47,6.92,-8.19,-28.29,942890000.0,31002000000.0,28008999999.999996
bj920096,920096,bj,嘉晨智能,33.2,-2.47,4.8,0.48,30.55,3.3,-8.94,-9.34,-2.35,-48.25,130.08,25840000.0,2291000000.0,538000000.0
bj920069,920069,bj,普昂医疗,33.18,-0.12,2.01,0.78,18.05,2.3,-2.75,-5.01,1.5,-6.95,85.67,9870000.0,1755999999.9999998,490000000.00000006
sh688680,688680,sh,海优新材,33.15,-3.01,1.21,1.07,-6.83,2.09,-6.36,-7.79,-0.72,-20.43,-13.33,39330000.0,3234000000.0000005,3234000000.0000005
sz300979,300979,sz,华利集团,33.14,-0.3,0.4,1.36,15.54,2.51,-2.56,-2.84,-4.85,-3.04,-32.52,151360000.0,38674000000.0,38674000000.0
sz000063,000063,sz,中兴通讯,33.13,-1.92,1.9,0.67,47.84,2.1,-8.02,-3.41,-4.91,-8.76,-11.49,2536040000.0,158479000000.0,133434999999.99998
sz301130,301130,sz,西点药业,33.09,5.45,25.78,1.05,111.06,2.9,9.46,29.36,44.62,17.52,16.53,518870000.0,2531000000.0,1953000000.0
sh688638,688638,sh,誉辰智能,33.09,-1.4,1.62,0.86,-12.28,2.43,-1.25,-0.09,18.86,-7.65,-8.92,14240000.0,1853000000.0,876000000.0
sz300920,300920,sz,润阳科技,33.08,-2.01,2.01,0.75,170.87,3.68,-6.63,1.78,17.39,-8.01,-6.45,57560000.0,4300000000.0,2856000000.0
sh688330,688330,sh,宏力达,33.08,0.0,0.48,0.61,7.34,1.07,-1.34,-1.58,4.35,-11.37,-7.27,22100000.0,4631000000.0,4631000000.0
sz002895,002895,sz,川恒股份,33.01,-2.05,1.04,0.65,15.57,2.7,-4.57,-6.65,-4.46,-3.2,-6.11,207160000.0,20000000000.0,19785000000.0
sz002179,002179,sz,中航光电,33.01,-4.1,1.47,1.49,36.11,3.0,-7.84,-7.01,-3.14,-9.36,-5.39,1033290000.0,69329000000.0,69203000000.0
sz301609,301609,sz,山大电力,33.0,2.23,2.28,0.82,39.71,4.25,-5.63,-8.74,-7.07,-31.66,-19.59,73010000.0,5375000000.0,3239000000.0
bj920065,920065,bj,千岸科技,33.0,-1.43,8.46,0.74,13.79,2.54,-6.36,-13.57,35.8,35.8,35.8,44000000.0,2978000000.0,520000000.0
sh688612,688612,sh,威迈斯,32.98,-0.6,1.8,0.75,24.13,3.85,-7.02,-4.96,16.05,2.77,2.07,151700000.0,13825000000.0,8466000000.0
sz301252,301252,sz,同星科技,32.96,-3.12,2.11,1.05,61.26,4.1,-2.66,7.68,13.5,0.67,1.76,94010000.0,5578000000.0,4473000000.0
sz300321,300321,sz,同大股份,32.94,-2.26,3.31,1.22,404.68,4.61,-6.39,-0.87,-1.44,-23.4,-27.19,98460000.0,2925000000.0,2922000000.0
sz002352,002352,sz,顺丰控股,32.94,1.35,0.42,1.09,15.2,1.76,1.29,-2.54,-2.43,-5.75,-13.09,657540000.0,173439000000.0,158083000000.0
sz002240,002240,sz,盛新锂能,32.93,-2.43,6.92,1.59,-111.92,2.81,-2.14,0.27,12.93,-27.55,-4.36,2155810000.0,30141000000.000004,30062000000.0
sh688039,688039,sh,当虹科技,32.82,-1.88,1.32,0.92,-38.36,3.5,-8.88,-9.09,3.4,-20.42,-26.66,48050000.0,3629999999.9999995,3629999999.9999995
sh603661,603661,sh,恒林股份,32.81,-0.58,1.27,0.6,26.69,1.23,-0.76,2.05,17.6,5.03,2.5,57890000.0,4563000000.0,4563000000.0
sz001212,001212,sz,中旗新材,32.8,-2.67,1.67,1.03,-180.7,3.44,-8.38,-5.96,-6.58,-35.19,-35.31,98970000.0,6591000000.0,5925000000.0
sz300584,300584,sz,海辰药业,32.79,-0.33,4.99,0.87,88.65,3.72,-6.9,-8.18,-1.71,-4.68,-34.58,133410000.0,3935000000.0,2692000000.0
sz300598,300598,sz,诚迈科技,32.78,-0.46,6.53,0.58,-74.53,5.04,13.7,11.08,21.05,3.41,-28.69,462380000.0,7113000000.0,7111000000.0
sz301313,301313,sz,凡拓数创,32.76,-3.87,4.6,0.73,-24.38,5.37,-14.13,-11.12,0.83,-30.74,23.58,118140000.0,3352000000.0000005,2579000000.0
sz300467,300467,sz,迅游科技,32.71,-0.24,1.11,0.3,264.17,10.23,-7.15,-5.3,-0.03,-3.96,13.97,61630000.0,6647000000.0,5568000000.0
sz301233,301233,sz,盛帮股份,32.7,-1.12,1.9,1.06,30.0,2.37,-3.65,-9.42,12.37,-30.42,-12.86,24710000.0,2347000000.0,1288000000.0
sz300480,300480,sz,光力科技,32.69,-0.4,5.79,0.77,135.57,6.75,-8.66,-6.95,4.84,-1.3,95.63,483630000.0,12103000000.0,8467000000.0
sz002943,002943,sz,宇晶股份,32.69,-3.74,6.66,1.07,262.56,10.08,-10.46,-7.1,4.01,-48.75,7.12,414990000.0,8723000000.0,6174000000.0
sz002903,002903,sz,宇环数控,32.68,-3.14,27.22,1.47,-160.9,6.63,10.97,12.3,36.97,-19.01,42.09,949800000.0,5087000000.0,3515000000.0
sh688450,688450,sh,光格科技,32.68,-2.97,2.99,0.84,-37.47,2.31,-9.27,-5.82,12.38,-30.84,18.49,47870000.0,2157000000.0,1599000000.0
sh688381,688381,sh,帝奥微,32.68,-2.8,5.92,1.39,105.35,3.04,-10.34,1.74,6.45,-27.1,43.84,486150000.0,8088000000.0,8088000000.0
bj920007,920007,bj,酉立智能,32.65,-0.31,1.27,0.4,26.7,2.24,-10.35,-12.72,-2.25,-26.89,-52.5,4880000.0,1454000000.0,382000000.0
sh603067,603067,sh,振华股份,32.64,-4.51,2.95,0.72,37.18,6.61,-10.62,-7.59,6.35,-6.48,13.93,728310000.0,24660000000.0,24660000000.0
sh600673,600673,sh,东阳光,32.57,-3.47,0.84,0.56,1881.47,9.35,-13.31,-2.13,5.92,-8.56,45.21,826690000.0,98021000000.0,97761000000.0
sz002959,002959,sz,小熊电器,32.53,-1.69,0.42,0.69,16.46,1.75,-4.01,-6.63,-0.85,-13.23,-20.53,19060000.0,5069000000.0,4548000000.0
sh600522,600522,sh,中天科技,32.53,-2.69,4.49,0.61,34.76,2.99,-9.39,-1.18,-0.4,-22.42,82.14,4971700000.0,111023000000.0,111023000000.0
sz300668,300668,sz,杰恩股份,32.52,-2.93,5.58,0.77,392.22,5.02,-10.41,-9.29,-17.04,-41.2,11.45,179240000.0,3915000000.0,3242000000.0
sh688657,688657,sh,浩辰软件,32.46,-0.98,1.97,0.62,66.87,2.21,-9.73,-1.99,18.55,-10.9,-10.14,38230000.0,3097000000.0,1938000000.0
sh688479,688479,sh,友车科技,32.45,-1.87,2.73,0.87,171.36,3.54,-5.09,-2.67,15.69,8.89,143.73,76640000.0,6533000000.0,2808000000.0
sz301042,301042,sz,安联锐视,32.28,-1.79,3.81,0.71,99.9,2.98,-8.35,-1.37,20.9,-53.08,-48.86,112790000.0,3124000000.0,2978000000.0
sh688712,688712,sh,北芯生命,32.18,-3.13,4.81,0.92,127.65,7.6,-7.71,-7.58,-2.84,-23.38,83.68,70720000.0,13419000000.0,1467000000.0
sh600641,600641,sh,先导基电,32.17,-1.17,6.77,0.86,712.9,3.62,-10.79,-6.51,5.41,19.59,82.37,2007360000.0,30461000000.0,29938000000.0
sh688071,688071,sh,华依科技,32.15,-4.51,2.38,0.91,-43.09,2.69,-11.63,-11.09,-9.61,0.72,-3.08,65260000.0,2726000000.0,2726000000.0
sz301459,301459,sz,丰茂股份,32.13,2.49,7.38,0.51,39.59,2.67,-18.84,-11.07,7.28,-6.05,-27.27,60470000.0,3345000000.0000005,839000000.0
sh688418,688418,sh,震有科技,32.12,-2.1,2.06,0.78,-54.6,7.57,-12.86,-11.71,-9.01,-32.38,-26.13,126140000.0,6185000000.0,6185000000.0
sz002396,002396,sz,星网锐捷,32.08,-3.29,12.46,1.03,42.83,3.37,-5.4,6.83,2.49,41.38,38.62,3043590000.0,24399000000.0,24298000000.0
sz301618,301618,sz,长联科技,32.05,-3.46,3.98,0.6,132.02,4.31,-6.23,-3.93,1.75,-15.57,-6.01,62010000.0,4047999999.9999995,1543000000.0
bj920193,920193,bj,吉和昌,32.03,-1.54,12.26,0.64,39.07,4.6,-5.01,-9.24,-1.51,275.94,275.94,100560000.0,3565999999.9999995,807000000.0
sh603370,603370,sh,华新精科,31.99,-2.41,1.61,0.91,37.43,2.92,-8.5,-7.49,0.47,-24.2,-31.94,18120000.0,5597000000.0,1119000000.0
sh603014,603014,sh,威高血净,31.94,-1.69,1.04,0.74,27.33,1.88,-5.19,-5.67,2.4,-8.87,-18.66,33630000.0,13343000000.0,3240999999.9999995
sh688102,688102,sh,斯瑞新材,31.92,-6.56,2.78,0.67,157.45,12.65,-20.18,-17.11,14.53,-8.67,-17.43,699580000.0,24932000000.0,24860000000.0
sz001277,001277,sz,速达股份,31.89,-9.99,2.39,0.22,26.95,1.57,7.66,9.36,23.37,-0.28,-18.56,34750000.0,2424000000.0,1453000000.0
sh603312,603312,sh,西典新能,31.89,2.67,2.91,1.03,24.82,2.82,1.98,-1.97,5.53,-18.52,-31.29,46820000.0,5102000000.0,1623999999.9999998
sz301024,301024,sz,霍普股份,31.88,1.34,1.24,1.0,-21.63,6.0,-0.5,-2.54,11.43,-32.88,-9.87,24100000.0,2027000000.0,1963000000.0
sz301300,301300,sz,远翔新材,31.83,-1.24,1.71,0.77,24.34,2.53,-1.82,1.4,15.7,-10.39,-24.24,21260000.0,2082999999.9999998,1244000000.0
sh688152,688152,sh,麒麟信安,31.82,-3.87,5.03,0.69,-61.15,2.76,9.16,11.18,25.52,1.47,-21.14,164360000.0,3242000000.0,3242000000.0
sh603833,603833,sh,欧派家居,31.81,-0.81,0.52,0.69,10.45,1.11,1.21,-1.97,1.47,-16.18,-35.91,100860000.0,19268000000.0,19268000000.0
sz001220,001220,sz,世盟股份,31.76,1.47,4.29,1.4,23.75,1.93,0.19,4.65,11.91,-1.45,15.29,31130000.0,2931000000.0,733000000.0
sh688159,688159,sh,有方科技,31.7,-2.01,2.8,0.64,78.36,3.15,-11.13,-4.52,1.64,-32.39,-34.42,82130000.0,2942000000.0,2942000000.0
sz301270,301270,sz,汉仪股份,31.68,-1.31,2.03,0.71,408.84,3.31,-5.55,-7.99,12.34,14.62,-15.02,60650000.0,3168000000.0,2994000000.0
sh688348,688348,sh,昱能科技,31.68,-2.16,0.84,1.17,-22.02,1.48,-3.94,-4.06,3.7,-23.01,-37.13,41900000.0,4951000000.0,4951000000.0
sh688116,688116,sh,天奈科技,31.67,-1.65,1.51,1.01,51.35,3.11,-5.46,-6.0,-2.43,-27.17,-32.71,176540000.0,11608000000.0,11608000000.0
sh600482,600482,sh,中国动力,31.66,-0.85,0.7,0.87,48.09,1.78,-6.39,-1.03,7.12,-14.05,54.46,500390000.0,71813000000.0,71813000000.0
sh603005,603005,sh,晶方科技,31.65,-3.36,4.83,0.82,55.83,4.5,-9.96,-4.15,1.38,-22.88,14.92,996320000.0,20641000000.0,20641000000.0
sz300878,300878,sz,维康药业,31.63,-5.07,1.86,0.87,-21.23,5.02,-9.94,-4.93,8.51,-0.91,23.99,85880000.0,4580000000.0,4559000000.0
sz002294,002294,sz,信立泰,31.62,-3.24,1.81,0.73,52.11,4.13,-9.97,-12.26,-5.1,-5.39,-35.47,642670000.0,35250000000.0,35243000000.0
sz300626,300626,sz,华瑞股份,31.61,1.18,3.24,1.14,384.83,10.75,-6.65,4.57,4.5,-10.89,98.89,181200000.0,5690000000.0,5687000000.0
sh688783,688783,sh,西安奕材-U,31.61,0.54,9.38,0.53,-169.8,10.4,-3.63,-0.13,-11.03,-16.68,32.82,785290000.0,127634999999.99998,8500000000.0
sz301173,301173,sz,毓恬冠佳,31.59,-1.4,1.55,0.58,16.24,1.83,-4.36,0.99,11.63,-12.93,-29.22,15240000.0,2775000000.0,974000000.0
sz002213,002213,sz,大为股份,31.51,5.42,11.3,1.94,383.26,11.52,1.88,4.89,14.29,-7.68,21.29,723140000.0,7576000000.000001,6514000000.0
sh688593,688593,sh,新相微,31.5,-7.84,4.82,1.07,1519.32,9.4,-2.99,-2.51,5.35,-16.12,56.44,699670000.0,14475000000.0,14475000000.0
sz300488,300488,sz,恒锋工具,31.49,0.51,3.2,1.3,30.01,2.72,-6.0,-2.6,5.39,-2.79,-2.94,164940000.0,6022000000.0,5109000000.0
sh688648,688648,sh,中邮科技,31.49,-2.6,4.07,0.64,6.92,2.02,-12.36,-1.59,8.81,-20.48,-48.55,89630000.0,4283000000.0,2189000000.0
bj920100,920100,bj,三协电机,31.46,-1.96,3.31,0.45,54.51,7.14,-11.83,-11.08,0.25,-21.6,-39.98,28780000.0,3251000000.0,861999999.9999999
sz300342,300342,sz,天银机电,31.39,-2.79,3.79,0.67,673.4,8.48,-16.74,-15.16,-3.86,-36.2,-5.19,499970000.0,13341999999.999998,13194999999.999998
sh605020,605020,sh,永和股份,31.32,-3.12,1.98,0.72,19.92,2.65,-11.0,-12.76,-6.06,-5.55,18.46,313720000.0,15999000000.0,15752000000.000002
sz301398,301398,sz,星源卓镁,31.29,-0.38,1.02,0.57,261.19,3.23,-11.66,-10.01,-6.26,-23.94,-42.04,34510000.0,3504999999.9999995,3415999999.9999995
sh688269,688269,sh,凯立新材,31.27,-2.77,0.94,0.9,30.16,3.85,-1.64,-0.06,10.57,-12.16,-21.25,38690000.0,4086999999.9999995,4086999999.9999995
sh603072,603072,sh,天和磁材,31.26,-0.79,1.26,0.83,47.71,3.82,-4.58,-5.93,2.06,-12.29,-22.7,49920000.0,8261000000.0,3946000000.0
sz300875,300875,sz,捷强装备,31.23,-3.13,3.14,0.89,-27.49,3.67,-7.41,-17.64,-6.75,-6.55,-22.87,86540000.0,3118000000.0,2742000000.0
sh603334,603334,sh,丰倍生物,31.22,-4.44,7.38,0.71,32.72,2.59,-9.24,-6.67,-0.92,-28.49,-24.68,73980000.0,4480000000.0,993000000.0
sh688558,688558,sh,国盛智科,31.15,-2.75,1.01,0.94,25.12,2.48,-8.0,-2.38,20.04,-9.45,10.52,41440000.0,4111999999.9999995,4111999999.9999995
sh688210,688210,sh,统联精密,31.11,0.39,3.61,0.96,-184.75,3.95,-5.27,10.16,13.71,-34.2,-43.76,178230000.0,5060000000.0,5060000000.0
sh603655,603655,sh,朗博科技,31.11,-6.18,1.73,0.79,73.54,5.89,-11.34,1.27,25.34,-12.95,-25.13,57670000.0,3297999999.9999995,3297999999.9999995
sz300957,300957,sz,贝泰妮,31.05,-1.99,1.42,0.87,24.21,2.15,-4.73,-8.49,-4.34,-17.75,-20.31,187380000.0,13153000000.0,13153000000.0
sz301390,301390,sz,经纬股份,31.04,-0.83,1.4,1.02,-2981.46,1.99,-0.51,0.29,16.78,-5.46,-6.79,21110000.0,1862000000.0,1523000000.0
sh601601,601601,sh,中国太保,31.03,2.01,0.97,1.78,5.54,0.97,2.92,0.29,-1.87,0.0,-23.87,2049670000.0,298519000000.0,212402000000.0
sz301159,301159,sz,三维天地,31.0,-2.7,3.75,0.8,105.72,3.69,-8.96,-11.25,14.81,-8.55,-15.69,62040000.0,2398000000.0,1643000000.0
sz001335,001335,sz,信凯科技,31.0,-1.08,2.63,1.14,37.1,2.88,-3.34,-3.31,4.24,-30.88,-36.95,20910000.0,2906000000.0,792000000.0
sh688568,688568,sh,中科星图,31.0,-5.49,1.16,0.95,-178.68,6.91,-15.09,-15.94,-6.91,-36.29,-47.45,293460000.0,25050000000.0,25050000000.0
sz300906,300906,sz,日月明,30.98,1.31,4.47,1.33,42.13,2.68,12.08,10.17,34.64,1.41,-11.46,99850000.0,2478000000.0,2238000000.0
sz300984,300984,sz,金沃股份,30.97,-3.94,3.11,1.08,117.3,3.35,-10.88,-7.69,-6.91,-23.52,-48.74,120000000.0,5960000000.0,3840999999.9999995
sz300881,300881,sz,盛德鑫泰,30.95,-6.33,3.44,1.27,15.22,2.71,-8.16,-8.86,-4.18,-41.14,-8.59,61920000.0,3404999999.9999995,1777000000.0
sz001215,001215,sz,千味央厨,30.9,-2.43,1.1,0.53,46.38,1.62,-7.49,-7.21,-0.23,-21.39,-19.74,33080000.0,3002000000.0,2994000000.0
sh600391,600391,sh,航发科技,30.9,0.62,2.48,0.95,221.95,5.75,-3.98,-1.12,11.35,-13.28,-16.71,253760000.0,10201000000.0,10201000000.0
sh688682,688682,sh,霍莱沃,30.89,-2.68,0.95,0.78,-149.5,5.26,-6.51,-3.17,5.28,-24.68,-41.4,29830000.0,3146000000.0,3146000000.0
sh603173,603173,sh,福斯达,30.89,-1.81,0.36,0.57,12.42,2.54,-3.47,-3.77,-2.86,-8.91,-26.47,17720000.0,4942000000.0,4942000000.0
sz301512,301512,sz,智信精密,30.87,-0.93,2.48,1.2,75.94,2.23,-3.44,0.88,9.57,-19.33,-0.34,37190000.0,2305000000.0,1504000000.0
sz300456,300456,sz,赛微电子,30.85,-1.72,2.69,0.71,15.89,3.56,-7.97,-1.97,4.33,-38.34,-44.5,499250000.0,22589000000.0,18431000000.0
sz002747,002747,sz,埃斯顿,30.82,-8.19,8.24,0.82,149.43,9.1,-15.33,-11.0,-2.31,11.18,30.04,2009000000.0,29827999999.999996,24115000000.0
sh605296,605296,sh,神农集团,30.78,1.82,0.54,0.98,-18.89,3.78,0.26,-2.5,2.53,13.5,4.98,84980000.0,16197000000.0,15944000000.0
sh603063,603063,sh,禾望电气,30.78,-2.96,3.16,0.71,32.12,2.62,-13.12,-4.71,-1.12,-44.7,-6.56,448880000.0,14286000000.000002,14228000000.0
sz301586,301586,sz,佳力奇,30.76,-1.5,1.07,0.83,50.98,1.98,-4.71,-4.53,4.66,-16.75,-38.55,17500000.0,2552000000.0,1628000000.0
sh688314,688314,sh,康拓医疗,30.76,-5.03,0.78,0.81,28.59,3.51,-8.86,-10.58,0.03,-24.61,-6.05,19880000.0,2511000000.0,2511000000.0
sh688757,688757,sh,胜科纳米,30.71,-3.85,4.93,0.68,214.38,14.23,-15.77,-5.25,-3.55,-20.76,17.0,272920000.0,12386000000.0,5565000000.0
sh688211,688211,sh,中科微至,30.71,-0.55,0.35,0.75,-63.21,1.15,-2.97,-0.45,9.44,-9.6,-0.29,14060000.0,4026000000.0,4026000000.0
sz300491,300491,sz,通合科技,30.7,3.75,7.91,1.23,117.64,4.52,-4.06,8.9,17.94,-8.36,22.55,381180000.0,5454000000.0,4838000000.0
sz300007,300007,sz,汉威科技,30.67,-2.2,2.34,0.61,60.27,3.42,-13.21,-11.72,-5.57,-26.94,-42.73,203410000.0,10043000000.0,8678000000.0
sh688788,688788,sh,科思科技,30.67,2.68,1.74,0.9,-18.72,4.06,-1.7,-0.78,5.9,-2.73,-36.45,115150000.0,6714000000.0,6714000000.0
sz300710,300710,sz,万隆光电,30.66,-3.65,10.09,1.48,-88.03,7.04,6.72,7.96,15.96,-32.35,-1.57,232530000.0,3050000000.0,2287000000.0
sh688338,688338,sh,赛科希德,30.66,-2.97,1.8,0.99,38.69,1.91,-1.32,0.66,17.16,19.14,19.65,59140000.0,3254000000.0,3254000000.0
sz300516,300516,sz,久之洋,30.58,-1.83,1.19,0.55,515.64,6.03,-10.45,-2.83,6.7,-8.06,-46.91,91820000.0,7706000000.0,7706000000.0
sz300461,300461,sz,田中精机,30.58,-2.39,2.57,0.69,1062.29,8.8,-8.33,-4.08,0.82,-36.71,60.27,113390000.0,4818000000.0,4425000000.0
sh601606,601606,sh,长城军工,30.53,1.26,4.4,1.34,-364.24,10.35,-10.97,-15.62,-13.41,-11.01,-36.55,976720000.0,22111000000.0,22111000000.0
sz300458,300458,sz,全志科技,30.5,-3.05,4.19,0.62,81.12,9.51,-14.8,-10.27,-25.92,-11.95,-12.5,1040570000.0,30306000000.0,24833000000.0
sz301555,301555,sz,惠柏新材,30.46,-1.74,3.25,0.91,36.21,2.49,-6.68,-3.21,5.54,-23.04,-8.28,47820000.0,2810000000.0,1473000000.0
sh688088,688088,sh,虹软科技,30.42,-3.76,1.18,0.89,46.43,4.47,-9.65,-10.82,-0.85,-22.42,-38.42,145510000.0,12204000000.0,12204000000.0
sh603197,603197,sh,保隆科技,30.41,-0.88,1.11,0.86,34.44,2.05,-1.14,-0.39,8.61,-3.06,-17.36,71870000.0,6509000000.0,6420999999.999999
sz301227,301227,sz,森鹰窗业,30.4,0.0,5.72,1.21,-54.07,2.51,19.03,20.21,72.04,36.6,-20.85,129810000.0,3996000000.0,2247000000.0
sz300593,300593,sz,新雷能,30.38,-1.75,5.14,0.83,-84.62,7.18,-2.06,11.16,15.25,-14.16,2.08,703700000.0,16481000000.0,13679000000.0
sz301325,301325,sz,曼恩斯特,30.37,0.76,2.1,2.04,-27.94,1.65,-3.43,-5.6,6.41,-35.63,-39.92,92350000.0,4370000000.0,4370000000.0
sh600066,600066,sh,宇通客车,30.36,2.95,1.02,1.36,12.25,5.18,4.87,-7.92,-5.6,-6.01,-1.11,683330000.0,67215000000.0,67215000000.0
sh600895,600895,sh,张江高科,30.35,-1.75,1.23,0.75,49.67,3.44,-7.78,-8.28,7.55,-12.31,-30.66,580850000.0,47003000000.0,47003000000.0
sz002792,002792,sz,通宇通讯,30.3,-4.08,8.29,0.64,932.7,5.65,-16.53,-11.14,19.24,-27.31,-29.0,851490000.0,15872000000.0,10236000000.0
sz001332,001332,sz,锡装股份,30.26,-1.53,2.38,1.08,17.2,1.8,-5.47,-4.06,1.85,-34.85,-23.93,48360000.0,4681000000.0,2034000000.0
sz300378,300378,sz,鼎捷数智,30.22,-3.91,2.87,0.89,50.11,3.59,-16.5,-17.25,9.69,-13.87,-33.05,234720000.0,8206000000.0,8145000000.0
sh600141,600141,sh,兴发集团,30.21,-1.53,2.19,0.63,25.25,1.49,-8.51,-8.62,1.21,-1.79,-11.36,793300000.0,36305000000.0,36305000000.0
sh603897,603897,sh,长城科技,30.2,-1.5,5.19,0.61,19.49,2.62,-5.65,14.01,21.48,-36.39,16.15,320210000.0,6234000000.0,6234000000.0
sh688733,688733,sh,壹石通,30.18,-0.72,2.45,0.66,-1229.94,2.91,-13.15,4.72,13.72,-17.16,4.5,147150000.0,6029000000.0,6029000000.0
sh603353,603353,sh,和顺石油,30.18,-1.57,1.74,0.71,-423.77,3.26,-6.36,0.84,4.03,-40.82,10.83,89140000.0,5143000000.0,5143000000.0
sz301112,301112,sz,信邦智能,30.14,-1.44,0.59,0.53,-38.56,2.98,-5.22,-6.75,8.46,-8.72,-23.48,19480000.0,3322999999.9999995,3322999999.9999995
bj920117,920117,bj,龙鑫智能,30.13,0.84,17.16,0.66,21.68,2.6,-12.39,-12.64,2.66,68.98,68.98,105700000.0,2707000000.0,609000000.0
sh688618,688618,sh,三旺通信,30.12,-4.11,2.37,0.6,122.11,4.11,-6.11,4.11,5.13,-15.37,13.65,78860000.0,3315000000.0,3315000000.0
sh603590,603590,sh,康辰药业,30.12,-6.49,3.96,1.59,28.39,1.51,-7.81,-8.39,-6.05,-11.67,-23.55,194040000.0,4789000000.0,4766000000.0
sz301526,301526,sz,国际复材,30.09,-7.22,11.83,1.09,166.65,12.96,-21.74,-21.07,-2.43,28.98,331.09,5002220000.0,113466000000.00002,42258000000.0
sh688683,688683,sh,莱尔科技,30.03,-0.76,0.9,0.63,102.98,4.0,-10.57,-6.68,-0.33,-20.58,-5.03,43810000.0,4838000000.0,4838000000.0
sh688259,688259,sh,创耀科技,30.03,-3.16,1.07,0.93,43.24,2.13,-6.36,-1.93,8.22,-19.21,-27.73,36220000.0,3354000000.0,3354000000.0
sh688158,688158,sh,优刻得-W,30.0,-8.06,6.28,1.07,-278.78,5.62,-17.45,-11.84,0.23,-22.44,6.8,781030000.0,13821000000.0,12296000000.0
sh688107,688107,sh,安路科技,30.0,-4.15,1.56,0.91,-47.56,13.32,-10.82,-8.54,2.21,-26.83,10.38,188720000.0,12025000000.0,12025000000.0
sh600096,600096,sh,云天化,29.91,0.81,1.91,0.92,10.24,2.15,1.25,-0.76,2.43,-2.38,-7.14,1048560000.0,54526000000.0,54526000000.0
sz300576,300576,sz,容大感光,29.89,-2.35,5.5,0.68,109.33,7.0,-9.78,-8.7,8.45,-24.35,-14.56,415810000.0,12066000000.0,7594000000.0
sh688216,688216,sh,气派科技,29.89,-2.1,3.34,0.91,-72.85,4.68,-10.78,-3.33,0.47,-14.01,34.16,105660000.0,3420000000.0000005,3176000000.0
sz002965,002965,sz,祥鑫科技,29.88,-5.32,7.55,0.91,152.44,1.89,-12.96,-6.94,-26.26,-7.78,-26.19,430560000.0,7930000000.0,5690000000.0
sh603868,603868,sh,飞科电器,29.88,-0.37,0.17,0.84,25.04,3.95,-2.92,-4.14,1.77,-18.76,-30.15,22560000.0,13016000000.0,13016000000.0
bj920799,920799,bj,艾融软件,29.88,-4.2,3.69,0.91,183.1,15.95,-0.37,-1.97,9.45,1.49,-37.23,134860000.0,6249000000.0,3588000000.0000005
sh688435,688435,sh,英方软件,29.85,-2.16,2.33,0.83,-171.66,2.3,-7.07,-5.0,14.94,-20.29,-36.18,38940000.0,2492000000.0,1673000000.0
sz301055,301055,sz,张小泉,29.82,2.12,2.53,1.27,65.3,7.11,-3.65,-1.65,1.95,-12.22,54.43,112450000.0,4652000000.0,4553000000.0
sz300623,300623,sz,捷捷微电,29.82,0.68,5.0,1.03,47.03,4.0,3.61,12.02,13.77,-11.51,10.36,1142930000.0,24813000000.0,22892000000.0
sh688584,688584,sh,上海合晶,29.79,2.34,4.14,0.77,167.96,4.86,-2.52,2.61,0.6,15.46,36.39,412060000.0,19935000000.0,10227000000.0
sh688388,688388,sh,嘉元科技,29.78,0.34,4.46,0.94,128.37,2.43,-4.4,6.17,17.43,-11.45,5.36,865080000.0,19652000000.0,19652000000.0
sz300736,300736,sz,百邦科技,29.75,0.37,4.8,0.76,-131.0,57.84,4.53,6.25,5.12,-12.73,91.81,177880000.0,3806000000.0,3710000000.0
sh603882,603882,sh,金域医学,29.73,-5.17,3.62,1.23,-134.15,2.17,2.34,-3.94,12.44,16.13,8.19,501070000.0,13772999999.999998,13680000000.000002
sz002335,002335,sz,科华数据,29.72,-1.91,1.84,0.61,52.5,3.51,-10.16,-4.99,-1.91,-23.91,-21.69,362720000.0,22421000000.0,19607000000.0
sh600113,600113,sh,浙江东日,29.69,-2.43,1.26,0.52,88.97,4.99,-7.22,-6.93,2.91,-21.39,-52.9,155440000.0,12505000000.0,12215000000.0
sh600323,600323,sh,瀚蓝环境,29.6,1.16,0.55,0.87,10.91,1.59,0.61,-1.27,-0.87,-0.84,6.47,133560000.0,24134000000.0,24134000000.0
sh605488,605488,sh,福莱新材,29.59,0.14,2.03,0.74,144.96,4.02,-4.24,5.08,23.45,-12.74,-13.48,165950000.0,8877000000.0,8166000000.0
sz300571,300571,sz,平治信息,29.58,-3.71,5.39,0.79,-20.03,3.34,-15.58,-13.23,-6.66,-36.89,6.98,184690000.0,4127000000.0000005,3421000000.0
sz301208,301208,sz,中亦科技,29.54,-1.04,1.79,0.64,63.93,2.26,-3.15,-1.24,10.22,2.0,-25.31,35570000.0,3545000000.0000005,1992000000.0000002
sh600580,600580,sh,卧龙电驱,29.52,-4.53,2.96,0.65,40.66,4.24,-16.28,-16.73,-0.37,-25.19,-39.66,1373620000.0,46114000000.0,45981000000.0
sz300955,300955,sz,嘉亨家化,29.49,-4.1,1.44,0.89,-210.24,3.45,-8.98,-4.87,-9.76,-31.4,-28.96,42970000.0,2973000000.0,2973000000.0
sz301380,301380,sz,挖金客,29.48,-2.22,3.34,0.82,80.19,4.07,-10.01,-8.5,-3.19,-3.88,-21.6,78640000.0,2989000000.0,2380000000.0
sz301509,301509,sz,金凯生科,29.47,-4.38,6.61,0.67,56.06,1.67,-10.02,-7.5,6.47,3.44,-10.37,112550000.0,3550000000.0,1672000000.0
sh600114,600114,sh,东睦股份,29.47,-2.48,2.84,1.01,35.77,5.05,-3.57,-0.2,12.22,-19.52,-2.58,514770000.0,19672000000.0,18165000000.0
sz300865,300865,sz,大宏立,29.46,2.15,10.12,0.87,230.13,3.24,13.61,20.54,42.32,8.19,8.31,170740000.0,2819000000.0,1693000000.0
sh688366,688366,sh,昊海生科,29.45,-6.21,0.77,1.59,44.17,1.27,-9.19,-10.16,-3.19,-13.06,-32.0,44790000.0,6739000000.0,5715000000.0
sz002796,002796,sz,世嘉科技,29.42,-2.74,3.08,0.78,-141.04,8.93,-9.11,-5.71,6.21,-38.75,6.09,206350000.0,7425000000.0,6698999999.999999
sz301309,301309,sz,万得凯,29.4,-0.88,1.21,0.52,26.29,1.8,-5.8,-3.54,4.33,-8.13,6.06,21510000.0,2956000000.0,1780999999.9999998
sh688350,688350,sh,富淼科技,29.4,0.51,0.92,0.84,145.92,2.28,-4.27,-0.51,8.77,-18.42,14.59,38350000.0,4211000000.0,4211000000.0
sz301137,301137,sz,哈焊华通,29.39,-6.7,2.65,1.35,139.96,3.89,-15.96,-19.46,-5.19,-29.95,-37.37,143300000.0,5343000000.0,5343000000.0
sz300935,300935,sz,盈建科,29.36,-2.72,4.56,0.78,-27.07,3.17,-12.02,-1.94,35.11,-15.75,-3.23,80860000.0,2332000000.0,1769000000.0000002
sz301372,301372,sz,科净源,29.35,-1.24,2.37,0.72,-46.59,2.72,-0.31,-4.55,6.3,-17.46,15.73,28490000.0,2013000000.0,1208000000.0
sz301007,301007,sz,德迈仕,29.34,8.03,4.39,1.92,104.83,6.88,0.58,-1.61,12.5,-14.93,-27.47,188290000.0,4499000000.0,4440000000.0
sh603867,603867,sh,新化股份,29.34,4.04,4.38,1.5,23.25,2.04,-1.41,1.42,4.97,-21.88,17.36,276480000.0,6381000000.0,6328000000.0
sz300943,300943,sz,春晖智控,29.33,-4.71,9.07,0.73,97.97,6.01,-11.66,4.01,20.16,-23.26,42.03,356130000.0,5978000000.0,3913000000.0000005
sz002683,002683,sz,广东宏大,29.32,-1.58,0.99,0.62,23.04,3.33,-4.81,1.77,7.99,-8.52,-38.08,195090000.0,22280000000.0,19544000000.0
sz002876,002876,sz,三利谱,29.28,-2.14,2.15,0.64,100.28,2.12,-2.07,5.78,10.78,7.57,22.87,93850000.0,5091000000.0,4361000000.0
sz000975,000975,sz,山金国际,29.26,2.38,3.22,1.35,21.39,5.1,8.69,7.81,30.39,30.28,22.68,2346050000.0,81124000000.0,73829000000.0
sz003026,003026,sz,中晶科技,29.24,-0.54,3.79,0.69,110.12,8.38,-4.82,-1.35,4.8,-2.18,38.06,158950000.0,5490000000.0,4227000000.0000005
sh688062,688062,sh,迈威生物-U,29.23,-6.22,4.16,0.88,-14.2,122.25,-13.52,-5.4,-7.53,-3.85,-24.02,283350000.0,13058000000.000002,6730000000.0
sz300927,300927,sz,江天化学,29.2,8.11,16.35,1.9,53.59,4.13,30.36,26.79,42.72,23.65,25.67,658540000.0,4215000000.0,4114000000.0
sz300756,300756,sz,金马游乐,29.15,0.69,1.57,0.81,59.29,4.39,-3.7,-7.55,15.4,-9.53,-28.1,86250000.0,6431999999.999999,5597000000.0
bj920058,920058,bj,华洋赛车,29.15,-1.12,1.98,0.39,34.17,4.86,9.14,5.35,14.18,16.23,-15.32,16040000.0,1634000000.0,803999999.9999999
sz001228,001228,sz,永泰运,29.14,1.46,3.65,1.72,29.11,1.78,4.07,2.32,8.81,-1.33,12.28,85220000.0,3027000000.0,2327000000.0
sh600316,600316,sh,洪都航空,29.11,2.68,1.57,1.22,386.01,3.88,-0.61,2.03,15.15,-0.86,-16.57,325200000.0,20875000000.0,20875000000.0
bj920111,920111,bj,聚星科技,29.09,-0.21,4.43,0.81,18.08,4.1,1.71,6.17,18.25,3.08,25.23,97620000.0,4513000000.0,2190000000.0
sh688475,688475,sh,萤石网络,29.08,-1.46,0.54,1.07,33.99,3.89,-2.81,-7.06,0.24,3.01,-2.12,124410000.0,22900000000.0,22900000000.0
sh688075,688075,sh,安旭生物,29.08,-1.59,0.52,0.82,147.64,0.73,-4.03,-2.15,6.33,-13.04,-23.21,19460000.0,3696000000.0,3696000000.0
sh688273,688273,sh,麦澜德,29.06,-4.44,1.23,1.09,33.91,2.2,-10.11,-7.95,-5.06,-29.5,-30.86,36280000.0,2906000000.0,2906000000.0
sz002937,002937,sz,兴瑞科技,29.05,-2.19,2.44,0.81,65.29,6.42,-8.42,-3.55,-12.0,-7.28,24.13,222990000.0,9180000000.0,9156000000.0
sh603722,603722,sh,阿科力,29.03,-2.32,1.18,0.99,-65.41,3.2,-6.54,-7.55,3.31,-16.87,-26.45,32800000.0,2837000000.0,2778000000.0
sz301166,301166,sz,优宁维,29.0,-5.35,9.33,1.21,-99.02,1.3,-3.97,-0.45,16.79,4.86,-0.3,155480000.0,2499000000.0,1636000000.0
sz301138,301138,sz,华研精机,29.0,8.49,6.82,5.77,33.01,2.94,4.43,7.17,19.49,1.43,-24.28,139870000.0,3479999999.9999995,1988000000.0
sh688139,688139,sh,海尔生物,29.0,-1.83,1.39,0.93,35.94,2.08,-0.1,-0.51,6.77,-6.85,-7.8,127740000.0,9178000000.0,9178000000.0
sz300499,300499,sz,高澜股份,28.95,2.44,10.01,1.57,283.38,6.39,-5.02,2.12,3.5,-24.08,-5.44,780170000.0,8837000000.0,7867000000.0
sh688367,688367,sh,工大高科,28.94,-3.66,1.24,0.91,312.29,4.33,-7.48,-6.62,14.61,-15.13,-6.19,31850000.0,2536000000.0,2536000000.0
sh688226,688226,sh,威腾电气,28.93,-1.06,1.83,0.89,235.38,2.83,-7.69,-4.17,-0.99,-39.7,-22.02,99550000.0,5673000000.0,5461000000.0
sz300085,300085,sz,银之杰,28.86,-1.5,3.3,0.69,-158.26,48.59,-7.14,-5.62,4.15,-25.39,-28.01,620800000.0,20394000000.0,18817000000.0
sh688231,688231,sh,隆达股份,28.86,-2.6,1.16,1.12,99.1,3.31,-10.21,-3.96,10.96,-21.15,44.08,106710000.0,9223000000.0,9223000000.0
sh603016,603016,sh,新宏泰,28.85,-4.09,3.9,1.44,79.63,5.25,-1.94,-1.47,4.57,-32.18,-3.12,168160000.0,4274000000.0,4274000000.0
sz002891,002891,sz,中宠股份,28.78,-1.61,1.69,0.73,32.09,2.79,-4.0,-9.7,-3.26,-3.26,-44.22,156800000.0,9264000000.0,9264000000.0
bj920050,920050,bj,爱伦医疗,28.75,-2.38,1.05,0.57,18.17,1.86,0.17,-1.03,10.28,0.03,91.92,5500000.0,1946000000.0,520000000.0
sz300745,300745,sz,欣锐科技,28.73,-0.83,3.66,0.93,-60.06,2.19,-6.99,-2.87,-0.24,-36.77,11.53,150380000.0,4843000000.0,4089000000.0
sz300302,300302,sz,同有科技,28.68,-2.52,4.79,0.64,225.54,12.48,-12.29,-4.59,-4.14,-40.08,58.1,503670000.0,13744999999.999998,10578000000.0
sh603406,603406,sh,天富龙,28.63,-1.82,6.07,0.69,24.41,2.43,6.55,4.83,8.41,-2.78,-29.66,103910000.0,11452000000.0,1680999999.9999998
bj920036,920036,bj,觅睿科技,28.6,-0.07,1.98,0.47,22.94,2.59,-6.26,-8.19,-0.14,-28.18,34.15,7350000.0,1556000000.0,374000000.0
sz002444,002444,sz,巨星科技,28.59,-2.79,0.85,1.12,13.32,1.83,-4.92,-7.6,-0.83,-10.66,-14.96,279110000.0,34150000000.0,32785000000.000004
sh605118,605118,sh,力鼎光电,28.59,-1.41,0.46,0.75,42.97,7.87,-5.39,-3.44,0.14,-19.92,-4.09,53750000.0,11757000000.0,11690000000.0
sz300478,300478,sz,杭州高新,28.54,-5.4,2.58,1.06,-108.44,115.21,-8.79,-6.33,-1.86,-34.54,-11.64,94320000.0,3615000000.0,3615000000.0
bj920174,920174,bj,五新智能,28.54,1.1,1.21,0.54,27.03,2.38,1.46,-2.86,9.56,-26.58,-40.59,19280000.0,6190000000.0,1592000000.0
bj920981,920981,bj,晶赛科技,28.52,-2.26,3.48,0.58,143.1,4.23,-9.52,-4.68,0.85,-18.4,-10.76,38460000.0,2181000000.0,1097000000.0
sh688077,688077,sh,大地熊,28.51,-1.01,3.16,0.62,46.96,2.94,2.37,7.5,26.65,4.74,-6.03,104010000.0,3264000000.0,3264000000.0
sz300899,300899,sz,上海凯鑫,28.5,-2.23,1.29,0.9,-695.07,2.97,-3.29,-0.77,11.85,-11.24,-11.76,15010000.0,1818000000.0,1167000000.0
sz301469,301469,sz,恒达新材,28.49,0.25,2.72,1.28,25.51,1.82,-2.76,-1.72,17.44,-13.82,-4.97,35660000.0,2549000000.0,1306000000.0
sz300888,300888,sz,稳健医疗,28.49,-1.83,0.4,0.67,21.54,1.43,-3.03,-4.81,-2.76,-2.76,-24.11,66280000.0,16609000000.0,16534000000.0
sz300566,300566,sz,激智科技,28.49,-1.72,8.32,0.66,36.86,2.97,-9.56,0.99,13.82,22.21,56.95,531210000.0,7467000000.0,6458000000.0
sz000792,000792,sz,盐湖股份,28.48,-1.15,1.29,1.14,14.61,3.37,1.57,-3.46,4.9,-7.44,1.14,1974530000.0,150704000000.0,150703000000.0
sh603813,603813,sh,原尚股份,28.48,-2.5,0.49,0.5,-39.46,6.03,-9.59,-10.47,0.11,-19.82,-25.35,14750000.0,2991000000.0,2991000000.0
bj920159,920159,bj,农大科技,28.47,0.28,5.69,0.45,15.18,2.06,-0.52,-1.62,7.6,-13.7,17.64,24650000.0,2164000000.0,436000000.00000006
sz301226,301226,sz,祥明智能,28.46,-0.66,1.37,0.89,296.14,3.43,-8.81,-4.56,8.63,-22.81,-16.22,41820000.0,3096000000.0,3096000000.0
sz300688,300688,sz,创业黑马,28.46,-4.08,5.34,0.79,-87.2,12.99,-12.48,-9.51,2.6,14.34,-2.5,229670000.0,4764000000.0,4222999999.9999995
sz001395,001395,sz,亚联机械,28.45,-2.0,3.34,1.1,13.11,2.54,-4.88,-4.79,2.45,6.89,-12.79,50780000.0,3227000000.0000005,1508000000.0
sz003010,003010,sz,若羽臣,28.44,-2.4,3.87,0.72,36.97,12.64,2.38,2.86,14.35,11.42,-17.98,247840000.0,8847000000.0,6431000000.0
sz301290,301290,sz,东星医疗,28.41,-2.27,2.93,0.94,-83.47,1.32,-5.46,-2.3,11.46,-1.23,13.76,66080000.0,2846000000.0,2261000000.0
sh605179,605179,sh,一鸣食品,28.4,-9.98,5.9,0.87,212.07,10.03,-19.09,13.06,114.66,84.75,36.07,686810000.0,11388000000.0,11388000000.0
sh603255,603255,sh,鼎际得,28.4,3.09,2.82,1.45,75.28,2.42,-2.74,1.28,15.4,-11.71,-3.02,48130000.0,3822000000.0,1723000000.0
bj920121,920121,bj,江天科技,28.37,0.25,1.23,0.72,16.49,2.41,1.65,-0.32,6.1,-16.56,-37.76,4150000.0,1873999999.9999998,338000000.0
sz300540,300540,sz,蜀道装备,28.36,-3.41,7.3,0.88,76.89,5.59,-16.78,-16.88,-6.03,9.67,42.16,427230000.0,6455000000.0,5863000000.0
sh603311,603311,sh,金海高科,28.33,-2.24,1.88,1.13,95.2,5.06,-9.02,-5.54,9.81,-5.69,86.87,124540000.0,6683000000.0,6683000000.0
sz301067,301067,sz,显盈科技,28.32,-3.18,3.21,0.68,-41.24,3.58,-8.85,-9.35,8.96,-16.58,-13.55,58250000.0,2754000000.0,1807999999.9999998
sz002997,002997,sz,瑞鹄模具,28.32,0.57,2.41,1.27,14.61,2.24,0.82,3.02,11.06,-10.24,-23.67,142810000.0,5928000000.0,5928000000.0
sz300652,300652,sz,雷迪克,28.3,-2.28,1.27,0.97,28.37,2.46,-7.15,-5.48,3.25,-38.52,-48.32,42980000.0,3775000000.0,3388000000.0000005
sz300470,300470,sz,中密控股,28.3,0.57,0.91,1.14,16.46,2.05,-0.6,-5.35,-2.72,-9.47,-23.72,50660000.0,5885000000.0,5585000000.0
sh688081,688081,sh,兴图新科,28.3,-1.6,1.18,0.78,-57.61,7.39,-8.27,-6.14,-1.77,-46.85,-21.56,34660000.0,2916000000.0,2916000000.0
sz002906,002906,sz,华阳集团,28.23,10.02,0.42,0.37,17.61,2.08,10.02,8.33,18.76,-2.49,-6.15,62600000.0,14818000000.0,14812000000.0
sz002885,002885,sz,京泉华,28.2,-1.98,5.71,0.72,78.92,4.98,-11.79,-11.63,8.5,-36.15,9.92,379590000.0,7640000000.000001,6691000000.0
sz301101,301101,sz,明月镜片,28.17,-4.35,1.22,1.32,27.23,3.3,-4.67,-5.44,2.07,-13.8,-31.18,67560000.0,5677000000.0,5468000000.0
sh600900,600900,sh,长江电力,28.15,0.68,0.38,1.11,19.09,3.3,0.68,0.36,-0.71,4.41,7.48,2629090000.0,688780000000.0,688780000000.0
sz001373,001373,sz,翔腾新材,28.1,-1.4,3.5,1.05,-46.06,2.29,-1.33,0.54,14.23,-25.42,-12.95,41010000.0,1930000000.0,1179000000.0
sh603392,603392,sh,万泰生物,28.09,-8.17,1.11,1.65,-92.84,3.03,-5.13,-7.78,-3.64,-18.96,-37.49,411000000.0,35517000000.0,35517000000.0
sh605133,605133,sh,嵘泰股份,28.08,-0.88,2.61,0.69,42.78,2.11,1.19,9.56,9.6,-21.76,-17.61,207060000.0,8011000000.0,7922000000.0
bj920505,920505,bj,九菱科技,28.06,0.07,3.09,0.87,125.03,5.45,-5.11,-8.78,19.4,-14.48,-35.17,31820000.0,1818000000.0,1010000000.0
sh688358,688358,sh,祥生医疗,28.04,-3.31,0.97,0.96,26.0,2.32,-6.28,-5.81,4.01,-13.27,-4.04,30460000.0,3144000000.0,3140000000.0
sh603383,603383,sh,顶点软件,28.02,-1.99,1.48,0.56,29.15,3.97,-5.66,-6.82,-3.68,-11.83,-21.09,85410000.0,5755000000.0,5755000000.0
sz301115,301115,sz,联检科技,28.01,-6.38,4.84,1.19,-338.13,2.09,-15.58,-11.56,16.85,-6.24,78.48,201610000.0,5099000000.0,4179000000.0
sh603489,603489,sh,八方股份,28.01,1.27,0.76,0.94,52.27,2.4,-0.39,2.75,13.35,-20.76,-7.95,49460000.0,6572000000.0,6572000000.0
sz300380,300380,sz,安硕信息,27.99,-1.06,1.05,0.61,104.48,9.72,-4.67,-7.62,2.9,-14.87,-32.18,37440000.0,3875000000.0,3565000000.0
sz301068,301068,sz,大地海洋,27.97,3.52,1.8,1.24,-149.1,4.91,-4.93,-6.8,14.44,-2.68,6.27,50160000.0,3953000000.0,2806000000.0
sz300400,300400,sz,劲拓股份,27.97,-1.31,3.44,0.75,80.24,9.55,-8.86,-9.48,20.66,-4.7,44.25,230520000.0,6806000000.0,6783000000.0
sh688178,688178,sh,万德斯,27.97,-2.54,1.37,0.74,-24.01,2.56,-7.9,1.67,15.2,-20.99,16.4,32430000.0,2377000000.0,2377000000.0
sz001328,001328,sz,登康口腔,27.96,-1.55,0.65,0.65,24.4,3.27,-4.64,-10.1,-11.01,-7.14,-27.62,29400000.0,4814000000.0,4522000000.0
sh603355,603355,sh,莱克电气,27.95,-1.96,0.53,1.27,27.22,2.84,1.93,-0.25,10.04,2.01,-11.91,86430000.0,16026000000.0,16026000000.0
sz301050,301050,sz,雷电微力,27.91,-10.2,3.85,2.94,-159.29,2.28,-13.4,-12.97,-5.2,-26.01,-46.48,266420000.0,6909999999.999999,6878000000.0
sh603350,603350,sh,安乃达,27.9,-0.82,0.85,0.61,29.38,2.44,-2.69,-1.27,5.76,-8.61,-26.17,10430000.0,3250000000.0,1231000000.0
sh688272,688272,sh,富吉瑞,27.88,-1.9,1.59,0.81,-24.9,5.32,-8.71,-5.14,7.19,-15.28,-14.64,33880000.0,2119000000.0000002,2119000000.0000002
sz001203,001203,sz,大中矿业,27.87,-1.73,2.96,1.76,65.48,5.94,-0.25,-1.97,3.49,-28.17,-8.48,1087730000.0,42727000000.0,36397000000.0
bj920091,920091,bj,大鹏工业,27.87,-1.62,2.98,0.52,50.18,3.79,-7.65,-10.76,-5.84,-33.42,-65.02,12050000.0,1713000000.0,404000000.0
sh688399,688399,sh,硕世生物,27.85,-2.76,1.44,0.84,-105.48,1.17,-6.23,-6.42,0.07,-22.36,-39.83,50100000.0,3457000000.0,3457000000.0
sz002625,002625,sz,光启技术,27.82,-1.03,0.65,0.75,84.12,6.18,-7.85,-10.11,-10.92,-30.75,-42.9,392740000.0,59941000000.0,59940000000.0
sh688319,688319,sh,欧林生物,27.82,-7.42,2.32,0.81,-473.7,12.97,-1.97,0.8,13.64,-20.85,9.7,265700000.0,11278000000.0,11278000000.0
sh600961,600961,sh,株冶集团,27.82,-2.08,9.11,1.28,12.0,5.09,-6.71,-7.79,20.17,9.79,72.8,1920380000.0,29847000000.000004,20915000000.0
sz301133,301133,sz,金钟股份,27.8,-1.35,2.51,0.92,-287.98,2.46,-2.73,-0.14,14.26,-31.75,-27.43,77190000.0,3377000000.0000005,3090000000.0
sh603618,603618,sh,杭电股份,27.8,-2.56,8.02,0.65,-80.38,7.1,-9.45,2.89,7.42,-34.91,244.91,1532410000.0,19220000000.0,19220000000.0
sh688182,688182,sh,灿勤科技,27.79,-1.45,1.56,0.66,89.16,4.85,-5.76,6.07,10.54,-20.46,-5.54,170970000.0,11116000000.0,11116000000.0
sh603369,603369,sh,今世缘,27.78,-0.39,0.95,0.54,14.1,2.02,-6.24,-2.15,7.51,-4.54,-17.27,332210000.0,34636000000.0,34636000000.0
sh605258,605258,sh,协和电子,27.77,-0.57,4.42,2.68,37.03,2.04,-0.64,3.0,16.83,-21.44,-9.75,109420000.0,2444000000.0,2444000000.0
sh603270,603270,sh,金帝股份,27.77,-0.36,4.41,0.88,40.47,2.68,-5.64,1.57,16.58,1.06,3.2,86980000.0,6085000000.0,1964000000.0
sh603976,603976,sh,正川股份,27.76,-0.04,1.99,1.09,321.52,4.09,-0.5,-1.17,7.06,28.16,45.8,95150000.0,4764000000.0,4764000000.0
sz301023,301023,sz,奕帆传动,27.75,-5.32,3.56,1.64,43.36,3.13,-8.78,-6.79,2.89,-13.06,-22.74,66360000.0,2590000000.0,1852000000.0
bj920183,920183,bj,海菲曼,27.75,-1.39,1.31,0.69,18.16,3.16,-4.77,-6.5,-2.01,-23.36,48.32,4080000.0,1358000000.0,312000000.0
sz002151,002151,sz,北斗星通,27.72,-1.0,1.9,0.61,-70.33,3.11,-8.45,-7.29,0.65,-18.8,-38.98,232750000.0,15049000000.0,12275000000.0
sh688283,688283,sh,坤恒顺维,27.72,-2.05,1.02,1.15,65.05,3.52,-8.27,-2.94,8.83,-26.22,-30.77,34230000.0,3376000000.0,3376000000.0
sz301501,301501,sz,恒鑫生活,27.71,-1.39,2.67,0.31,23.52,1.98,-14.02,-4.71,1.61,-5.84,-36.02,32320000.0,4097999999.9999995,1205000000.0
sz300748,300748,sz,金力永磁,27.71,0.51,2.42,1.24,44.38,5.01,-0.79,-2.43,11.96,-14.13,-18.24,766160000.0,38294000000.0,31364999999.999996
sh603221,603221,sh,爱丽家居,27.65,5.29,7.53,0.77,-337.96,4.32,1.39,1.39,79.9,125.53,111.55,494690000.0,6698999999.999999,6698999999.999999
sz301002,301002,sz,崧盛股份,27.58,-1.36,7.79,0.9,107.52,3.32,-10.66,-3.16,-2.82,-44.31,-24.25,189280000.0,3722000000.0,2421000000.0
sz002128,002128,sz,电投能源,27.58,1.7,0.4,1.34,14.71,1.67,1.17,-1.32,5.67,-10.89,3.65,244170000.0,86228000000.0,61823000000.0
sh600976,600976,sh,健民集团,27.58,0.15,1.15,0.55,13.37,1.57,-3.36,-6.7,-0.65,-9.34,-15.58,48540000.0,4231000000.0,4228000000.0
sz301669,301669,sz,高特电子,27.57,-1.43,4.95,0.61,94.2,7.74,-10.86,-10.63,-7.45,289.41,289.41,111320000.0,13234000000.0,2258000000.0
sz301428,301428,sz,世纪恒通,27.56,-2.06,2.83,0.7,-77.78,2.26,-7.92,-6.8,2.49,-9.64,-17.83,54370000.0,2719000000.0,1919000000.0000002
sz300938,300938,sz,信测标准,27.55,-1.61,3.27,0.89,46.03,5.09,-9.17,-2.44,-6.04,-29.27,19.41,266180000.0,9391000000.0,8151000000.000001
sh688428,688428,sh,诺诚健华,27.54,-6.96,4.81,1.08,66.71,6.61,-13.1,-6.2,-0.69,12.64,34.21,369130000.0,48721000000.0,7514000000.0
bj920161,920161,bj,龙辰科技,27.51,3.81,12.87,0.74,42.98,3.7,2.0,11.2,12.84,-39.93,198.7,126800000.0,3740999999.9999995,1015000000.0
sz301220,301220,sz,亚香股份,27.47,-0.72,1.26,0.89,63.03,1.79,-2.48,-2.97,5.13,-27.71,-26.94,26990000.0,3104000000.0,2143000000.0
sz301161,301161,sz,唯万密封,27.47,-3.58,5.16,1.03,36.01,3.51,-7.38,1.07,7.18,-9.91,-27.12,108600000.0,3296000000.0,2121000000.0
sz300877,300877,sz,金春股份,27.46,-12.02,3.99,1.07,38.25,1.99,6.77,8.75,24.76,-19.5,-5.37,134350000.0,3295000000.0000005,3295000000.0000005
sz002380,002380,sz,科远智慧,27.44,0.62,4.42,1.48,39.87,2.66,-6.73,-6.41,1.25,-30.78,1.63,171640000.0,6584999999.999999,3902000000.0000005
sz300619,300619,sz,金银河,27.42,2.7,4.65,1.73,87.56,3.94,3.28,2.05,16.33,-15.83,-18.74,240300000.0,6202000000.0,5222000000.0
sh605286,605286,sh,同力天启,27.41,9.99,2.72,0.49,34.06,2.14,-9.09,7.03,25.56,-19.95,-32.4,123460000.0,4605000000.0,4605000000.0
sz301278,301278,sz,快可电子,27.39,-1.58,2.01,0.96,155.67,1.73,-2.94,-1.69,7.75,-21.29,-17.97,28320000.0,2457000000.0,1408000000.0
sz301079,301079,sz,邵阳液压,27.36,-1.94,3.53,0.83,366.21,6.27,-8.83,-8.83,4.35,-22.82,-13.39,74140000.0,2967000000.0,2105000000.0
sh603989,603989,sh,艾华集团,27.33,-4.74,4.61,0.53,41.22,2.81,-14.91,-5.14,-5.3,-23.25,64.84,501100000.0,10899000000.0,10899000000.0
sz301040,301040,sz,中环海陆,27.28,-0.18,1.46,0.6,-32.69,3.89,-3.5,0.89,23.83,-8.91,-3.91,37160000.0,2728000000.0,2574000000.0
sh600030,600030,sh,中信证券,27.27,0.55,0.87,1.16,10.74,1.44,-0.98,-2.43,-3.5,6.36,-2.64,2871420000.0,426074000000.0,332055000000.0
sh600489,600489,sh,中金黄金,27.26,0.29,3.22,1.61,21.06,4.32,6.99,4.2,29.3,24.12,19.03,4254610000.0,132138000000.00002,132138000000.00002
bj920092,920092,bj,汉鑫科技,27.26,-1.52,6.15,0.83,-50.69,4.82,-9.16,-10.92,26.2,-5.97,-27.19,56940000.0,1692000000.0000002,898000000.0
sz300860,300860,sz,锋尚文化,27.25,0.07,0.95,0.53,-492.55,1.66,-3.02,1.79,17.81,10.82,2.48,28060000.0,5135000000.0,2982000000.0
sz301221,301221,sz,光庭信息,27.23,0.0,2.82,1.41,1447.26,1.76,-6.07,-7.16,7.54,-14.29,-31.85,69220000.0,3578000000.0,2433000000.0
sh600456,600456,sh,宝钛股份,27.23,-0.44,1.09,0.86,34.36,1.83,-2.12,-5.81,0.52,-13.86,-30.45,142550000.0,13010000000.0,13010000000.0
sz002074,002074,sz,国轩高科,27.17,1.15,1.5,1.36,21.4,1.72,-0.98,-3.45,-0.8,-17.29,-30.35,711040000.0,49306000000.0,47187000000.0
sh603324,603324,sh,盛剑科技,27.17,-1.02,2.78,0.9,-64.25,2.43,-9.22,-2.27,-2.3,-20.76,9.69,109920000.0,4102000000.0000005,3964000000.0
sz000963,000963,sz,华东医药,27.15,-3.38,1.54,0.69,13.6,1.93,-7.78,-8.37,-5.89,-4.54,-30.15,736320000.0,47614000000.0,47594000000.0
sh688595,688595,sh,芯海科技,27.15,-3.07,1.58,0.66,-32.5,6.04,-7.78,-4.67,-1.38,-15.05,-17.23,61920000.0,3911999999.9999995,3911999999.9999995
sh688212,688212,sh,澳华内镜,27.15,-3.96,2.63,0.85,-109.46,2.99,-14.81,-3.72,5.85,-10.37,-37.89,96350000.0,3656000000.0,3656000000.0
sh688716,688716,sh,中研股份,27.14,-1.99,1.86,0.8,2370.86,2.86,-7.53,-6.67,4.79,-16.49,-35.61,35290000.0,3302000000.0000005,1898000000.0
sh688076,688076,sh,ST诺泰,27.14,-0.7,0.8,0.53,27.8,2.85,-2.76,-3.62,0.63,-7.97,-27.34,69160000.0,8598000000.0,8598000000.0
sh688786,688786,sh,悦安新材,27.13,-2.41,2.16,0.61,57.88,5.92,-8.75,-1.35,-0.66,-15.66,16.23,100870000.0,4702000000.0,4702000000.0
bj920651,920651,bj,天罡股份,27.1,1.23,1.93,0.78,21.64,3.25,6.86,22.85,24.37,17.52,-36.38,21570000.0,1653000000.0,1124000000.0
sz003023,003023,sz,彩虹集团,27.07,-1.74,6.48,0.91,100.14,1.83,-0.59,13.03,43.84,7.63,21.34,187090000.0,2852000000.0,2846000000.0
sz300762,300762,sz,上海瀚讯,27.04,-5.09,4.05,0.81,-98.04,5.84,-18.53,-18.38,-9.41,-19.6,-35.12,693320000.0,17586000000.0,16980000000.000002
sz002674,002674,sz,兴业科技,27.03,-4.45,6.12,0.7,76.04,3.26,-10.26,-8.43,14.39,78.77,80.92,483340000.0,7989000000.0,7908000000.0
sh688106,688106,sh,金宏气体,27.01,-3.29,3.1,0.71,156.12,4.43,-12.08,-10.53,-10.8,7.35,39.64,444260000.0,14486000000.000002,14330000000.000002
sh688371,688371,sh,菲沃泰,27.0,-3.23,2.25,0.92,3372.58,4.67,-15.36,-3.16,4.53,-24.88,46.57,204670000.0,9058000000.0,9058000000.0
sz301655,301655,sz,C绿控传动,26.99,1.47,52.51,0.0,68.1,8.28,217.53,217.53,217.53,217.53,217.53,660310000.0,12297000000.0,1214000000.0
sz300890,300890,sz,翔丰华,26.99,0.78,5.86,1.87,37.64,1.51,-0.95,-0.22,8.48,-20.66,-9.12,173500000.0,3227000000.0000005,2950000000.0
sz000338,000338,sz,潍柴动力,26.99,-7.44,2.24,1.65,20.63,2.53,-12.4,-14.87,-3.87,-22.81,60.41,3022420000.0,233200000000.0,133773000000.0
sz300627,300627,sz,华测导航,26.98,-0.55,0.87,0.6,30.95,4.88,-7.25,-5.37,-0.15,-3.05,-21.71,154540000.0,21421000000.0,17729000000.0
sh688323,688323,sh,瑞华泰,26.95,-8.15,10.45,0.96,-55.27,4.46,-12.78,-1.39,2.55,-12.1,19.72,564200000.0,5401000000.0,5401000000.0
sh600038,600038,sh,中直股份,26.95,1.58,1.11,1.35,45.3,1.27,0.34,-0.15,3.1,-0.78,-24.91,199540000.0,22096000000.0,18028000000.0
sh688005,688005,sh,容百科技,26.87,0.64,1.52,0.98,-1989.84,2.47,-2.93,-4.31,1.21,-13.32,-24.1,292490000.0,19202000000.0,19202000000.0
sh688755,688755,sh,汉邦科技,26.86,-2.18,1.56,0.71,40.3,2.39,-4.07,-0.44,17.5,-7.57,-11.53,33920000.0,3073000000.0,2145000000.0
sh688600,688600,sh,皖仪科技,26.83,0.15,1.78,0.86,42.51,4.53,0.56,-7.9,15.65,1.34,7.91,62850000.0,3614000000.0,3614000000.0
sh600779,600779,sh,水井坊,26.83,-0.19,0.42,0.96,33.83,2.53,-4.04,-6.5,-0.39,-24.52,-29.78,55250000.0,13080000000.000002,13080000000.000002
sz301588,301588,sz,美新科技,26.82,-2.47,5.2,0.66,126.52,3.39,-16.19,-18.13,-25.6,-27.14,48.03,102090000.0,3188000000.0,1967000000.0000002
sz001316,001316,sz,润贝航科,26.8,3.4,3.58,3.07,19.77,3.18,-1.54,-0.74,6.56,-27.0,-3.9,145380000.0,4319000000.0,4029999999.9999995
bj920200,920200,bj,振宏股份,26.8,0.11,2.62,0.69,20.35,2.28,-10.37,-12.1,-1.29,-47.55,30.22,30650000.0,2722000000.0,1189000000.0
sz300727,300727,sz,润禾材料,26.79,-1.4,1.3,0.78,39.17,3.64,-6.91,-3.88,0.0,-24.66,-24.19,56340000.0,4826000000.0,4343000000.0
sz301585,301585,sz,蓝宇股份,26.7,-0.74,0.81,0.72,39.06,2.83,-3.99,-4.27,8.4,5.49,-13.06,14750000.0,2777000000.0,1819000000.0000002
sz300853,300853,sz,申昊科技,26.7,-2.91,5.57,0.94,-21.51,8.09,-6.55,1.21,23.15,-29.51,28.86,144730000.0,3924000000.0,2625000000.0
sh688591,688591,sh,泰凌微,26.7,-0.89,2.08,0.73,64.59,2.68,-6.55,-5.22,-1.4,-19.81,-36.87,93820000.0,6450000000.0,4519000000.0
sz301533,301533,sz,威马农机,26.69,-0.93,3.25,0.68,92.14,2.39,-3.16,0.72,13.0,-2.57,-33.63,24620000.0,2624000000.0,759000000.0
sz002558,002558,sz,巨人网络,26.66,2.03,3.45,1.02,20.37,3.18,-1.95,-10.51,7.85,3.05,-38.15,1735570000.0,50669000000.0,50669000000.0
sz002648,002648,sz,卫星化学,26.57,-1.59,1.29,0.75,10.18,2.35,2.98,0.42,7.88,16.68,54.65,1153060000.0,89505000000.0,89447000000.0
sh688357,688357,sh,建龙微纳,26.56,-1.26,0.57,1.15,30.37,1.53,-3.42,-3.42,10.9,-9.66,-18.9,15180000.0,2658000000.0,2658000000.0
sh688758,688758,sh,赛分科技,26.55,-2.85,3.72,0.9,79.94,8.15,-9.08,-10.46,5.9,44.22,50.34,294780000.0,11057000000.0,7917000000.0
sh605058,605058,sh,澳弘电子,26.5,-1.45,1.15,0.84,25.43,2.17,-5.46,-1.16,10.42,-32.79,-11.73,43240000.0,3788000000.0000005,3788000000.0000005
sh603307,603307,sh,扬州金泉,26.5,3.48,1.39,1.79,23.41,1.9,5.08,5.75,22.86,0.41,0.3,35180000.0,2616000000.0,2574000000.0
sh601225,601225,sh,陕西煤业,26.5,2.99,0.6,1.62,15.89,2.75,5.03,1.77,7.9,6.72,29.83,1543090000.0,256917999999.99997,256917999999.99997
sz300916,300916,sz,朗特智能,26.46,1.77,9.05,1.26,52.03,2.89,5.67,4.13,39.93,-23.15,-18.53,221050000.0,3827000000.0000005,2472000000.0
sh603666,603666,sh,亿嘉和,26.46,-0.41,2.73,0.98,-36.56,2.65,1.15,1.5,28.38,-10.76,-10.91,145820000.0,5438000000.0,5438000000.0
sz002801,002801,sz,微光股份,26.42,-1.34,0.92,0.85,15.58,3.01,-5.78,-5.88,-0.6,-15.73,-24.65,28220000.0,6067000000.0,3060000000.0
sz001210,001210,sz,金房能源,26.42,-7.78,10.55,1.11,42.78,4.07,2.4,16.9,46.13,22.43,119.13,382030000.0,5800000000.0,3525000000.0
sh603538,603538,sh,美诺华,26.4,-7.4,19.65,1.0,76.79,3.1,-15.22,-9.59,-4.73,-17.73,93.66,1749340000.0,8974000000.0,8895000000.0
sh603351,603351,sh,威尔药业,26.39,-1.31,1.15,0.82,23.06,2.0,-3.16,-0.42,9.87,5.69,3.82,41310000.0,3574000000.0,3574000000.0
sh603376,603376,sh,大明电子,26.37,-1.97,7.81,0.73,63.5,6.38,-0.6,0.42,11.64,-8.28,-28.26,66270000.0,10548000000.0,844000000.0
sz301361,301361,sz,众智科技,26.36,-0.57,1.61,0.77,32.18,2.45,-6.79,-7.86,-2.73,-32.5,-18.84,23710000.0,3067000000.0,1485000000.0
sh688171,688171,sh,纬德信息,26.36,-2.37,1.23,1.04,242.35,3.74,-7.51,-7.61,-6.52,-34.12,-21.13,37760000.0,3080000000.0,3080000000.0
sh603280,603280,sh,南方路机,26.35,-0.79,1.49,0.4,30.03,2.11,-0.79,1.07,9.06,-8.35,-29.01,42490000.0,2857000000.0,2857000000.0
sz000513,000513,sz,丽珠集团,26.34,-9.98,3.77,2.52,13.97,1.75,-12.35,-14.29,-14.09,-10.5,-20.25,568710000.0,23387000000.0,14952000000.000002
sh688262,688262,sh,国芯科技,26.34,-2.19,2.47,0.85,-33.02,4.59,-10.07,-3.02,4.44,-29.21,-13.21,217780000.0,8850000000.0,8850000000.0
sz002001,002001,sz,新 和 成,26.32,-5.39,2.06,1.51,11.28,2.32,-8.1,-15.29,-11.86,-10.38,7.91,1667750000.0,80892000000.0,79930000000.0
sz000807,000807,sz,云铝股份,26.29,1.58,1.7,0.93,10.5,2.66,-1.57,-5.6,2.62,-6.48,-19.01,1540450000.0,91173000000.0,91172000000.0
sh603983,603983,sh,丸美生物,26.28,-1.79,0.47,0.64,49.43,3.16,-8.75,-14.76,-24.44,12.16,-20.12,49590000.0,10538000000.0,10538000000.0
sz301231,301231,sz,荣信文化,26.26,-3.06,5.89,0.82,-73.12,2.73,-7.21,-5.54,15.18,-22.05,-15.51,102520000.0,2216000000.0,1718000000.0
sh600511,600511,sh,国药股份,26.26,-0.53,1.29,1.43,10.28,1.05,-3.53,-5.06,-3.7,-1.91,-6.05,187050000.0,19813000000.0,14531000000.0
sh601877,601877,sh,正泰电器,26.22,1.55,1.82,1.35,11.11,1.22,5.3,2.7,6.72,-8.15,-3.94,1030420000.0,56346000000.0,56346000000.0
sz300859,300859,sz,西域旅游,26.2,-0.91,1.81,1.11,60.49,5.49,-4.73,-4.48,5.56,-8.39,-28.55,73940000.0,4061000000.0,4061000000.0
sz002933,002933,sz,新兴装备,26.18,-1.87,1.06,0.69,76.52,1.97,-3.22,-5.21,6.99,-4.45,-27.64,32510000.0,3072000000.0,3060000000.0
sz300354,300354,sz,东华测试,26.16,-10.26,6.63,2.74,36.38,4.16,-15.59,-15.8,-6.4,-19.41,-42.25,145170000.0,3618000000.0,2183000000.0
sz300161,300161,sz,华中数控,26.15,-3.86,2.6,0.56,-1141.42,3.37,-12.4,-8.79,12.52,-19.64,-9.89,133030000.0,5196000000.0,5099000000.0
sz300995,300995,sz,奇德新材,26.14,0.08,2.09,1.16,107.3,2.67,-3.15,-1.99,8.69,-18.49,-36.54,33280000.0,2408000000.0,1587000000.0
sh600562,600562,sh,国睿科技,26.11,0.38,0.73,1.06,56.7,4.8,0.04,-2.39,4.73,10.04,-7.11,236880000.0,32425000000.0,32425000000.0
bj920055,920055,bj,隆源股份,26.11,-1.21,1.58,0.74,11.87,1.5,-2.94,-5.98,-3.04,-15.06,8.12,6370000.0,1775000000.0,399000000.0
sz301195,301195,sz,北路智控,26.1,-1.14,0.85,0.78,27.15,1.44,-3.8,-2.97,7.23,-6.52,-23.08,19490000.0,3447000000.0,2289000000.0
sz300687,300687,sz,赛意信息,26.1,-2.76,5.37,0.72,-106.45,3.98,-12.09,-4.22,21.28,2.03,13.63,472100000.0,10660000000.0,8766000000.0
sh603860,603860,sh,中公高科,26.1,-0.57,1.64,1.34,37.3,2.1,-1.44,-0.95,12.79,-7.9,-12.9,28510000.0,1739999999.9999998,1739999999.9999998
bj920367,920367,bj,新赣江,26.09,-5.23,14.81,0.71,149.34,3.83,-14.99,5.46,1.4,56.6,29.54,168500000.0,1848999999.9999998,1096000000.0
sz000933,000933,sz,神火股份,26.08,1.16,1.91,1.11,8.52,2.12,-1.81,-4.61,2.88,-10.22,-2.23,1113390000.0,58654000000.0,58616999999.99999
sh600330,600330,sh,天通股份,26.07,-4.4,8.87,0.73,-126.11,4.15,-5.13,11.03,33.01,-20.35,98.55,2875550000.0,32156000000.0,32156000000.0
sz301258,301258,sz,富士莱,26.06,-1.62,1.32,0.97,63.55,1.3,-3.48,-0.42,10.99,-1.21,-19.29,30610000.0,2389000000.0,2321000000.0
sz300827,300827,sz,上能电气,26.04,0.58,3.09,1.22,30.66,3.42,-3.7,1.28,5.85,-21.23,-23.64,354520000.0,14496000000.0,11368000000.0
sz300781,300781,sz,因赛集团,26.03,-3.23,2.19,0.83,-47.68,7.76,-10.09,-10.18,7.21,-18.73,-25.16,69350000.0,4272999999.9999995,3153000000.0
sz002978,002978,sz,安宁股份,26.02,-0.34,0.64,1.01,19.11,1.42,-0.72,-5.21,0.23,-5.14,-20.55,61900000.0,12281000000.0,9609000000.0
sh688010,688010,sh,福光股份,26.02,-1.36,2.39,1.0,288.73,2.44,-8.06,-4.13,-2.33,-29.96,-16.39,99920000.0,4178000000.0,4178000000.0
sz001288,001288,sz,运机集团,26.01,1.84,2.38,0.97,29.19,2.67,-0.46,-6.61,-0.12,3.54,-18.08,92850000.0,6080000000.0,3950000000.0
sz002223,002223,sz,鱼跃医疗,25.99,2.04,1.68,1.68,23.22,1.95,-1.03,-5.66,-3.74,-1.66,-30.9,413990000.0,26054000000.000004,24490000000.0
sh603595,603595,sh,ST东尼,25.99,-0.54,0.66,0.71,-118.73,3.97,-3.49,-3.74,12.22,6.87,53.7,39840000.0,6041000000.0,6041000000.0
sz001257,001257,sz,盛龙股份,25.97,3.06,28.37,3.66,48.38,6.2,2.77,-3.28,7.54,3.67,238.59,1043220000.0,47680000000.0,3557000000.0
sz002158,002158,sz,汉钟精机,25.96,-1.48,1.08,0.72,28.23,3.18,-10.79,-6.48,-5.08,-12.89,5.61,149670000.0,13881000000.0,13851000000.0
sh603395,603395,sh,红四方,25.95,-5.91,26.84,1.46,132.59,4.79,8.31,14.77,17.26,9.1,-11.03,456140000.0,6747000000.0,1687000000.0
sh600962,600962,sh,国投中鲁,25.94,2.01,4.72,1.99,374.35,7.18,-1.41,-7.85,10.06,3.02,18.29,326130000.0,6802000000.0,6802000000.0
sh601231,601231,sh,环旭电子,25.9,-4.85,1.0,0.8,30.37,2.76,-10.54,-6.43,4.56,-41.65,-12.41,623210000.0,61873000000.0,61873000000.0
sh688321,688321,sh,微芯生物,25.89,-7.37,5.02,1.16,123.64,4.73,-16.48,-11.64,-9.67,-4.64,-11.22,540780000.0,11468000000.0,10558000000.0
sh605598,605598,sh,上海港湾,25.89,-2.15,1.27,0.72,185.56,3.71,-11.52,-9.44,1.17,-44.11,-62.69,80430000.0,6292000000.0,6292000000.0
sz301575,301575,sz,艾芬达,25.87,1.13,3.7,1.01,27.43,2.22,-5.51,-7.31,1.05,-13.02,-28.73,23300000.0,3139000000.0,631000000.0
sz300991,300991,sz,创益通,25.87,-10.02,6.42,2.27,-191.77,6.04,-12.6,-9.16,0.54,-34.34,-38.67,177520000.0,3725000000.0,2719000000.0
sh688552,688552,sh,航天南湖,25.87,-1.75,0.53,0.59,-305.78,3.39,-7.34,-8.84,2.09,-17.27,-28.72,46050000.0,8725000000.0,8725000000.0
sz301552,301552,sz,科力装备,25.85,5.99,10.71,1.56,22.33,2.87,1.73,-3.51,7.84,-0.77,-7.91,84530000.0,3199000000.0,800000000.0
sh600887,600887,sh,伊利股份,25.84,1.73,1.08,1.12,13.52,3.03,2.42,-1.6,-0.84,-0.69,-6.71,1743320000.0,163447000000.0,162635000000.0
sh603217,603217,sh,元利科技,25.81,-2.6,2.1,0.86,25.92,1.58,-3.48,3.41,36.34,-2.6,1.94,113570000.0,5371000000.0,5371000000.0
sz001255,001255,sz,博菲电气,25.8,-1.19,1.25,0.91,205.95,2.5,0.08,1.3,14.77,-17.44,-19.35,24960000.0,2245000000.0,1994000000.0000002
sh603298,603298,sh,杭叉集团,25.8,-0.39,0.33,1.16,15.15,2.94,-1.9,-4.02,-3.98,1.26,-1.41,112790000.0,33793000000.0,33793000000.0
sz300683,300683,sz,海特生物,25.78,-11.41,9.41,1.29,-12.46,1.62,-15.06,-11.62,-1.6,-6.25,-7.03,306630000.0,3374000000.0,3150000000.0
sz300917,300917,sz,特发服务,25.77,-2.64,3.61,0.54,33.82,3.6,-2.83,-3.95,4.59,-18.16,-33.58,158890000.0,4355000000.0,4355000000.0
bj920748,920748,bj,路桥信息,25.77,3.45,7.59,1.82,-29.01,9.55,9.75,5.57,26.95,-8.29,-44.63,71530000.0,1978000000.0,949000000.0
sh603596,603596,sh,伯特利,25.75,2.51,2.22,1.84,17.68,2.95,-1.53,-4.17,5.79,-19.76,-25.11,509310000.0,23114000000.0,23114000000.0
sz301337,301337,sz,亚华电子,25.73,-2.46,0.98,0.66,-152.1,2.47,-2.02,2.06,17.38,0.39,-6.47,25680000.0,2681000000.0,2623000000.0
sz300864,300864,sz,南大环境,25.69,6.6,7.27,2.99,26.81,3.19,31.74,34.57,43.92,15.2,36.14,287910000.0,4086999999.9999995,4086999999.9999995
sz301510,301510,sz,固高科技,25.65,-1.95,1.3,0.53,134.33,7.21,-8.62,-4.04,2.81,-22.3,-31.42,126810000.0,10373000000.0,9748000000.0
sz300998,300998,sz,宁波方正,25.65,-2.84,3.27,1.0,149.93,2.79,-2.66,-0.23,16.59,-8.1,18.14,90210000.0,3518000000.0,2762000000.0
sh605186,605186,sh,健麾信息,25.6,-2.74,1.41,0.96,113.15,3.15,-8.38,-3.9,8.8,-3.76,30.28,49270000.0,3482000000.0,3482000000.0
sh600685,600685,sh,中船防务,25.6,0.04,0.82,0.82,29.66,2.01,-3.18,-5.4,-1.58,-8.88,-9.59,173070000.0,36186000000.0,21029000000.0
sz300656,300656,sz,民德电子,25.57,-5.12,4.35,0.75,-26.6,5.6,-12.46,-6.61,4.37,-18.38,16.12,150950000.0,4376000000.0,3451000000.0
sz300069,300069,sz,金利华电,25.55,-5.37,14.58,0.96,-968.0,10.74,-11.81,-13.15,-15.06,-48.45,48.12,435650000.0,2989000000.0,2989000000.0
sz002378,002378,sz,章源钨业,25.55,-2.48,2.69,1.0,35.57,11.92,-4.52,-9.65,10.7,-11.32,81.72,826060000.0,30695999999.999996,30535000000.000004
sh603396,603396,sh,金辰股份,25.53,-0.47,1.8,0.78,65.25,1.36,-4.06,2.24,11.73,-18.62,-23.56,64080000.0,3536999999.9999995,3536999999.9999995
sh603690,603690,sh,至纯科技,25.5,0.35,5.83,0.64,-11.74,2.81,-6.04,1.67,2.49,2.33,-18.92,567030000.0,9766000000.0,9766000000.0
bj920779,920779,bj,武汉蓝电,25.47,15.98,18.43,6.07,36.85,4.46,8.66,0.51,28.96,-6.77,-23.14,93290000.0,2039000000.0,509999999.99999994
sh603319,603319,sh,美湖股份,25.45,-2.94,3.23,0.72,120.48,3.53,-9.72,-6.84,1.84,-29.6,-30.24,282540000.0,8631000000.0,8631000000.0
bj920476,920476,bj,海能技术,25.45,2.91,1.72,0.54,47.5,4.26,11.57,11.62,15.95,43.54,23.63,34900000.0,2280000000.0,2052000000.0
sh600875,600875,sh,东方电气,25.43,-3.05,1.3,0.66,20.63,1.95,-9.11,-6.47,-2.31,-26.71,7.07,750970000.0,87946000000.0,57557000000.00001
sh688566,688566,sh,吉贝尔,25.41,-3.31,1.12,0.76,20.11,2.09,-5.89,-0.39,6.81,2.17,-14.13,57750000.0,5110000000.0,5110000000.0
bj920110,920110,bj,雷特科技,25.41,-1.97,0.59,1.04,25.12,2.73,-3.46,-4.29,4.31,-6.65,-27.91,2470000.0,991000000.0,413000000.0
bj920971,920971,bj,天马新材,25.4,-2.87,2.33,0.52,62.18,5.91,-7.47,-3.31,4.96,-33.61,-16.72,50840000.0,2641000000.0,2177000000.0
sz000895,000895,sz,双汇发展,25.38,1.93,0.29,1.1,16.72,4.42,2.42,1.72,1.28,1.44,-1.13,252330000.0,87933000000.0,87922000000.0
sh603110,603110,sh,东方材料,25.37,-0.51,5.36,0.63,4592.71,7.33,-8.54,-4.26,23.16,14.69,57.97,270630000.0,5105000000.0,5105000000.0
sz301283,301283,sz,聚胶股份,25.34,-2.58,2.53,1.88,16.24,1.82,-4.41,-4.09,5.1,-6.56,-20.89,58960000.0,2945000000.0,2315000000.0
sz002317,002317,sz,众生药业,25.34,-3.17,3.32,0.69,73.51,5.4,-10.27,-8.78,-9.37,7.65,34.93,644430000.0,21537000000.0,19299000000.0
sh600060,600060,sh,海信视像,25.3,-1.71,0.66,1.18,13.25,1.6,0.16,-2.69,-5.63,1.69,8.4,218100000.0,33016000000.000004,32894000000.0
sz002940,002940,sz,昂利康,25.29,-4.17,6.77,1.02,40.11,3.16,-6.64,-4.92,2.85,-27.44,-24.22,319570000.0,5102000000.0,4686000000.0
sz300910,300910,sz,瑞丰新材,25.26,0.44,1.57,0.73,14.2,2.75,-6.89,-14.02,-11.09,-25.18,-40.64,106280000.0,9676000000.0,6777000000.0
sz002831,002831,sz,裕同科技,25.25,-1.1,0.73,0.56,20.37,2.8,-10.4,-10.78,-8.18,-6.36,27.53,131660000.0,32530000000.0,18034000000.0
sz002273,002273,sz,水晶光电,25.24,-8.15,5.25,1.49,29.35,3.44,-13.26,-6.28,-8.98,-35.55,1.28,1836080000.0,35100000000.0,34480000000.0
sh688549,688549,sh,中巨芯-U,25.23,-7.24,13.37,0.8,-3491.1,12.35,-16.84,-13.51,-0.16,75.82,176.64,2001630000.0,37272000000.0,14869000000.0
sz300557,300557,sz,理工光科,25.22,-1.56,2.15,1.12,84.67,3.91,-7.92,-3.85,1.29,-1.78,-6.56,85050000.0,3963000000.0000005,3938000000.0000005
sh688100,688100,sh,威胜信息,25.22,-1.71,0.79,0.57,22.01,3.44,-6.0,-15.74,-10.95,-30.39,-35.34,98860000.0,12400000000.0,12400000000.0
sh688013,688013,sh,天臣医疗,25.22,-0.32,1.37,0.96,25.05,3.99,-5.4,-2.44,10.03,-10.69,-46.67,28080000.0,2047000000.0,2047000000.0
sh603352,603352,sh,至信股份,25.22,-2.66,2.59,0.85,30.57,1.93,-6.0,-9.38,3.79,-15.96,15.85,29850000.0,5717000000.0,1143000000.0
sh688153,688153,sh,唯捷创芯,25.21,-1.64,0.81,0.88,796.21,2.75,-7.21,-2.94,2.5,-14.26,-32.89,85180000.0,10848000000.0,10542000000.0
sz001358,001358,sz,兴欣新材,25.2,-1.14,3.48,0.43,59.32,2.18,-10.45,-5.48,13.0,-2.48,-1.41,44570000.0,3105000000.0,1285000000.0
sh603881,603881,sh,数据港,25.2,-7.79,7.15,0.67,155.54,6.42,-13.4,-1.1,2.94,-14.5,-0.51,1606240000.0,21724000000.0,21724000000.0
sh601133,601133,sh,柏诚股份,25.2,-0.59,2.2,0.86,69.05,4.45,-11.21,-4.18,-16.0,-4.91,64.38,286940000.0,13260000000.0,13215000000.0
sz301041,301041,sz,金百泽,25.17,-1.68,3.53,0.73,119.82,3.98,-6.78,2.65,15.51,-27.07,-7.3,70120000.0,2685000000.0,1988000000.0
sh603657,603657,sh,春光科技,25.17,-10.01,2.82,0.73,-69.76,3.9,-13.83,-7.63,16.58,-5.66,-15.54,100060000.0,3403000000.0,3403000000.0
sz300937,300937,sz,药易购,25.16,-3.68,9.91,0.69,-121.84,2.94,-16.27,-5.98,-0.16,8.54,-26.2,163670000.0,2407000000.0,1632000000.0
sz301397,301397,sz,溯联股份,25.15,-1.02,3.95,0.85,39.41,2.61,-9.95,-5.49,-7.6,3.01,-4.85,90780000.0,5085000000.0,2325000000.0
sz002741,002741,sz,光华科技,25.15,-3.42,5.46,0.59,83.04,5.81,-4.88,-0.04,8.08,-12.86,26.0,588770000.0,11785000000.0,10815000000.0
sh688759,688759,sh,必贝特-U,25.15,-5.81,4.94,0.65,-66.38,6.96,-9.86,-2.25,-10.31,-23.09,-13.45,90850000.0,11318000000.0,1811000000.0
sz002315,002315,sz,焦点科技,25.14,-2.82,1.79,0.6,21.18,3.9,-2.63,-9.67,2.99,-6.72,-27.47,119290000.0,10368000000.0,6609999999.999999
sz002985,002985,sz,北摩高科,25.13,-0.32,0.76,0.75,39.07,3.07,-5.42,-4.95,0.16,-16.82,-20.47,63480000.0,8339000000.0,8317000000.0
sh605566,605566,sh,福莱蒽特,25.1,-2.71,1.87,0.91,59.57,1.66,-7.17,-3.79,10.18,-33.69,-20.04,62720000.0,3347000000.0,3347000000.0
sz300928,300928,sz,华安鑫创,25.09,-0.16,1.97,0.9,-17.1,1.98,-3.02,-2.6,8.94,-22.32,-19.45,26420000.0,2007000000.0,1345000000.0
sz001279,001279,sz,强邦新材,25.09,-0.28,1.45,0.94,102.04,4.02,-1.03,-0.87,6.95,-15.93,-26.45,14570000.0,4014000000.0,1003999999.9999999
sh603895,603895,sh,天永智能,25.09,0.04,1.14,0.66,159.5,13.21,-1.1,1.62,13.32,-35.34,-13.96,30200000.0,2712000000.0,2712000000.0
sz002261,002261,sz,拓维信息,25.08,-1.65,2.03,0.4,583.47,12.1,-6.1,-3.58,-8.0,-15.5,-24.23,586100000.0,31600000000.0,28744000000.0
sh605086,605086,sh,龙高股份,25.08,-1.38,1.95,1.54,38.87,2.81,4.85,3.04,15.42,-18.89,-44.86,87720000.0,4494000000.0,4494000000.0
sh603737,603737,sh,三棵树,25.07,-0.87,1.23,0.74,28.59,7.52,3.55,5.2,11.42,-16.95,-34.89,276410000.0,22197000000.0,22197000000.0
sz300850,300850,sz,新强联,25.06,-0.87,3.62,1.29,13.02,1.48,-7.29,-14.76,-12.8,-22.22,-38.99,275750000.0,10377000000.0,7538000000.0
sz300127,300127,sz,银河磁体,25.05,1.38,2.68,1.53,38.39,5.39,-2.76,-4.5,10.45,-10.7,-16.3,157340000.0,8095000000.0,5827000000.0
sz300547,300547,sz,川环科技,25.04,-0.36,2.98,0.83,27.56,4.1,-7.09,-1.49,-3.66,-26.69,-36.0,132280000.0,5431000000.0,4463000000.0
sz300093,300093,sz,金刚光伏,25.02,-3.51,6.4,0.94,50.86,6.94,0.64,6.92,23.07,14.77,49.82,368380000.0,13511000000.000002,5779000000.0
sh688255,688255,sh,凯尔达,25.02,-2.8,2.03,0.75,85.31,2.61,-7.95,-4.58,8.92,-15.83,-31.42,55720000.0,2749000000.0,2749000000.0
sh603322,603322,sh,超讯科技,25.01,-4.58,2.92,0.7,-70.34,12.56,-10.26,-7.2,-4.43,-19.76,-34.8,116020000.0,3940999999.9999995,3940999999.9999995
sz300908,300908,sz,仲景食品,24.99,1.96,1.76,0.47,18.28,2.07,-1.77,0.12,12.42,1.59,-6.4,53830000.0,3649000000.0,3074000000.0
sh688135,688135,sh,利扬芯片,24.99,-1.77,4.02,0.9,3225.54,3.67,-8.39,-0.48,8.84,-31.16,-9.98,233910000.0,5825000000.0,5825000000.0
sz301197,301197,sz,工大科雅,24.98,-1.58,2.69,1.1,131.69,2.29,-0.56,-0.08,6.62,-16.26,20.14,72280000.0,3011000000.0,2717000000.0
sz300609,300609,sz,汇纳科技,24.98,-0.72,3.35,1.36,-29.7,3.27,-8.13,-3.92,2.55,-29.61,-35.23,101320000.0,3000000000.0,2996000000.0
sh688711,688711,sh,宏微科技,24.98,-3.55,4.2,0.86,319.62,5.14,-7.86,0.28,6.39,-26.31,-21.27,229160000.0,5414000000.0,5414000000.0
sz300930,300930,sz,屹通新材,24.97,-1.42,3.16,1.16,40.98,2.67,-5.09,-3.25,10.73,-26.12,-15.64,37200000.0,2497000000.0,1177000000.0
sz300698,300698,sz,万马科技,24.97,0.4,4.07,2.02,69.57,6.08,-5.13,-2.46,5.67,-27.6,-40.73,125220000.0,3346000000.0,3001000000.0
sh688709,688709,sh,成都华微,24.96,-2.54,1.86,0.9,245.98,5.52,-9.89,-7.59,-7.56,-29.79,-45.67,103170000.0,15896000000.0,5535000000.0
sh688391,688391,sh,钜泉科技,24.96,-2.77,1.1,0.92,76.28,1.57,-6.59,-4.07,4.79,-19.28,-10.95,31630000.0,2885000000.0,2885000000.0
bj920190,920190,bj,雷神科技,24.95,-1.19,4.02,0.77,86.6,2.92,-5.17,-2.88,4.61,3.53,-10.53,101380000.0,2495000000.0,2481000000.0
sh603556,603556,sh,海兴电力,24.92,-3.22,1.79,0.49,18.24,1.78,-2.73,-2.69,10.76,-4.51,-30.02,218460000.0,12118000000.0,12118000000.0
sh688408,688408,sh,中信博,24.9,-2.28,1.25,0.87,-32.32,1.35,-6.46,-8.49,-2.2,-29.24,-40.87,69360000.0,5455000000.0,5455000000.0
sz300115,300115,sz,长盈精密,24.89,-4.49,2.19,0.68,61.83,4.07,-11.52,-10.08,-6.43,-25.14,-46.33,744960000.0,33883999999.999996,33783999999.999996
sh688093,688093,sh,世华科技,24.88,-1.82,0.49,0.58,17.57,2.5,-8.96,-7.51,0.08,-20.89,-31.93,34020000.0,6976000000.000001,6976000000.000001
sz301015,301015,sz,百洋医药,24.87,-3.83,1.52,0.56,25.45,5.97,-8.6,2.64,6.01,14.04,7.99,199620000.0,13072000000.0,13071000000.0
sz301518,301518,sz,长华化学,24.81,-2.48,3.72,0.78,39.6,2.22,-5.45,-2.13,9.78,-18.66,-29.72,54690000.0,3609000000.0000005,1457000000.0
sz301012,301012,sz,扬电科技,24.8,-1.78,4.42,1.02,100.28,4.13,-6.56,-7.46,-11.05,-25.03,-6.1,216650000.0,4885000000.0,4885000000.0
sh601066,601066,sh,中信建投,24.79,0.04,0.26,0.79,15.3,2.2,-3.15,-3.86,-5.65,2.37,-6.21,410990000.0,192288000000.0,161028000000.0
sz300999,300999,sz,金龙鱼,24.78,-0.92,1.86,0.68,36.39,1.38,-0.72,-6.28,-4.18,-7.4,-13.08,250040000.0,134347000000.0,13447000000.0
sz000921,000921,sz,海信家电,24.78,-0.88,0.58,0.52,12.4,1.97,-2.82,-2.96,3.74,5.92,5.24,133670000.0,34317000000.0,22891000000.0
sh688539,688539,sh,高华科技,24.78,-3.09,1.12,0.5,87.78,2.68,-15.43,-12.35,5.45,-24.82,-49.75,51800000.0,4607000000.0,4607000000.0
sh603816,603816,sh,顾家家居,24.78,-0.2,0.62,0.75,12.98,1.94,5.0,-0.28,4.42,-10.54,-15.6,125770000.0,22940000000.0,20218000000.0
sz003019,003019,sz,宸展光电,24.77,2.91,3.35,1.1,25.45,2.68,-1.0,2.95,11.03,-39.36,-24.89,142780000.0,4383000000.0,4283000000.0
sz002922,002922,sz,伊戈尔,24.77,-2.52,4.1,0.72,50.45,2.79,-11.06,-5.78,-1.35,-41.5,-18.31,388720000.0,10467000000.0,9465000000.0
bj920199,920199,bj,倍益康,24.77,-2.17,2.11,0.55,274.45,3.2,-11.28,-8.87,-15.63,1.81,-28.39,19960000.0,1687000000.0,939000000.0
sh603995,603995,sh,甬金股份,24.76,-2.02,1.56,0.54,14.92,1.52,-3.84,0.12,26.26,25.81,40.84,140590000.0,9003000000.0,9003000000.0
sh688126,688126,sh,沪硅产业,24.73,0.41,2.27,0.57,-38.81,4.22,-7.72,-4.41,-7.38,-10.72,14.28,1587270000.0,81733000000.0,70669000000.0
sz301029,301029,sz,怡合达,24.69,-0.28,1.83,1.05,30.23,3.74,-9.53,-9.29,1.19,-13.58,-5.13,201460000.0,15697999999.999998,11181000000.0
bj920222,920222,bj,益坤电气,24.68,-1.48,8.39,0.52,35.0,4.63,-11.03,-19.08,-21.68,144.6,144.6,23730000.0,2114000000.0,285000000.0
sz300975,300975,sz,商络电子,24.67,-3.63,6.77,0.71,32.42,6.49,-14.78,-10.91,-7.88,-31.12,95.42,817710000.0,16947999999.999998,12139000000.0
sz001238,001238,sz,浙江正特,24.66,-1.71,0.39,1.11,100.14,3.31,-4.01,-4.53,5.12,-15.59,-29.97,14090000.0,3826000000.0,3579000000.0
bj920072,920072,bj,科莱瑞迪,24.64,-3.64,6.41,0.65,27.68,2.62,-7.37,-13.03,-11.37,57.75,57.75,23130000.0,1887000000.0,356000000.0
sh688561,688561,sh,奇安信-U,24.63,-3.22,0.68,0.79,-13.36,2.38,-6.35,-7.86,0.04,-8.06,-30.78,114990000.0,16804000000.0,16804000000.0
sh603059,603059,sh,倍加洁,24.62,-3.72,1.33,1.13,20.31,2.27,-2.96,-3.22,9.47,-9.92,-17.41,33160000.0,2477000000.0,2473000000.0
sz300649,300649,sz,杭州园林,24.61,-2.96,5.25,0.82,-77.15,7.49,-6.6,-3.83,14.73,17.19,71.98,136060000.0,3259000000.0000005,2611000000.0
sh688443,688443,sh,智翔金泰-U,24.6,-5.2,3.06,0.94,-15.98,6.28,-5.93,-0.77,3.36,-8.21,-9.69,109960000.0,9020000000.0,3527000000.0000005
bj920344,920344,bj,三元基因,24.6,-8.21,8.4,1.92,162.35,4.78,25.64,25.57,34.94,23.0,4.9,234920000.0,2997000000.0,2798000000.0
sz301177,301177,sz,迪阿股份,24.59,6.04,1.26,2.77,63.11,1.61,5.4,2.76,14.64,-4.06,-13.32,121600000.0,9843000000.0,9836000000.0
sz301566,301566,sz,达利凯普,24.58,-3.98,7.92,0.75,60.85,6.51,-11.71,-1.29,6.87,-24.21,26.7,410370000.0,9832000000.0,5189000000.0
sh688208,688208,sh,道通科技,24.57,-1.96,1.02,0.8,17.69,4.68,-8.46,-12.22,-7.04,-18.94,-32.31,168730000.0,16466000000.0,16466000000.0
bj920640,920640,bj,富士达,24.55,-2.15,1.04,0.71,59.09,5.06,-9.28,-12.51,-2.66,-21.94,-34.48,46280000.0,4609000000.0,4434000000.0
sz300473,300473,sz,德尔股份,24.5,11.82,9.99,4.94,24.16,2.21,6.8,8.31,14.97,-27.23,-17.73,359100000.0,4229999999.9999995,3688000000.0000005
sh601233,601233,sh,桐昆股份,24.5,-0.85,2.27,1.6,17.56,1.46,4.48,0.41,14.43,29.22,43.36,1339850000.0,58286000000.0,58179000000.0
sz301335,301335,sz,天元宠物,24.48,-0.29,3.29,0.58,56.35,1.62,4.17,8.41,24.01,6.37,-14.83,71390000.0,3128000000.0,2164000000.0
sz300923,300923,sz,研奥股份,24.48,-0.89,1.48,0.62,60.68,1.73,0.78,3.07,23.89,5.23,-2.4,27550000.0,1923999999.9999998,1868000000.0
sz002816,002816,sz,*ST和科,24.46,-1.85,0.97,0.68,236.8,10.27,-9.0,-6.82,10.28,-1.33,8.86,23720000.0,2446000000.0,2446000000.0
sh603685,603685,sh,晨丰科技,24.46,-1.45,0.76,0.6,167.76,3.07,-5.56,-10.34,-7.14,-26.13,25.69,37140000.0,6187000000.0,4928000000.0
sh603659,603659,sh,璞泰来,24.42,0.99,1.41,0.92,19.0,2.45,-2.2,-0.25,0.45,-20.27,-9.92,739560000.0,52361000000.0,52361000000.0
sz300046,300046,sz,台基股份,24.41,-4.72,4.35,0.87,134.41,5.09,-2.75,-1.73,6.73,-26.39,-29.35,254410000.0,5774000000.0,5774000000.0
sh605319,605319,sh,无锡振华,24.41,1.16,0.88,0.99,18.22,2.97,-2.48,-1.93,8.54,2.09,17.41,74840000.0,8545999999.999999,8498000000.0
sh605009,605009,sh,豪悦护理,24.41,1.41,1.6,2.55,22.11,1.56,2.35,0.25,5.17,0.04,-18.77,85240000.0,5247000000.0,5247000000.0
sh600566,600566,sh,济川药业,24.4,0.04,0.63,0.76,12.94,1.68,0.62,-5.76,-9.46,-5.39,-0.65,142550000.0,22484000000.0,22416000000.0
sz002838,002838,sz,道恩股份,24.39,-3.33,2.0,0.62,44.25,3.14,-10.3,-6.16,-9.33,-27.52,1.66,205360000.0,11668000000.0,10259000000.0
sh603790,603790,sh,雅运股份,24.37,0.33,1.98,0.49,57.51,3.64,-13.86,4.82,15.77,-6.52,25.88,91940000.0,4663000000.0,4663000000.0
sz300886,300886,sz,华业香料,24.35,-0.77,2.76,0.48,113.94,3.05,-6.35,3.0,15.84,1.42,-5.84,31620000.0,1829000000.0,1149000000.0
sz000534,000534,sz,万泽股份,24.33,-9.99,3.28,1.31,61.07,6.63,-18.41,-14.3,-8.33,-25.89,10.59,411150000.0,12397000000.0,12227000000.0
sz300966,300966,sz,共同药业,24.31,-3.42,3.42,1.17,-39.34,3.85,-8.81,-9.09,3.89,-11.2,23.75,64060000.0,2802000000.0,1864000000.0
sz300749,300749,sz,顶固集创,24.3,1.5,5.59,1.3,45.94,7.37,-0.41,3.4,38.78,15.71,101.33,209680000.0,4986000000.0,3825000000.0
sz001211,001211,sz,双枪科技,24.3,-0.08,3.97,0.72,-1723.33,2.81,0.5,7.47,28.3,-19.64,27.65,89440000.0,2430000000.0,2268000000.0
sh688217,688217,sh,睿昂基因,24.28,-1.98,2.13,0.96,-23.1,1.61,-2.25,-1.3,24.39,-3.5,-7.86,28710000.0,1356000000.0,1356000000.0
sz301499,301499,sz,维科精密,24.25,-1.58,0.88,0.83,61.11,2.59,-5.49,-1.86,5.62,-27.46,-17.4,29410000.0,3353000000.0,3353000000.0
sh688051,688051,sh,佳华科技,24.24,-0.86,1.22,0.74,-14.67,3.24,-4.49,-1.22,15.93,-23.44,-38.8,22940000.0,1875000000.0,1875000000.0
sz301665,301665,sz,泰禾股份,24.23,0.92,3.22,1.05,20.92,3.07,3.02,3.9,9.24,5.62,-12.97,81470000.0,10903000000.0,2524000000.0
sz301378,301378,sz,通达海,24.23,-1.5,3.34,0.73,-17.13,1.97,-7.27,-9.32,8.51,-16.59,-14.68,37040000.0,2341000000.0,1113000000.0
sh600520,600520,sh,三佳科技,24.21,-1.9,3.69,0.96,286.27,9.74,-7.95,-3.78,0.46,-22.45,-1.59,140610000.0,3836000000.0,3836000000.0
sh688117,688117,sh,圣诺生物,24.2,-6.17,4.48,0.74,26.12,4.66,-10.47,-7.46,0.92,1.41,-9.58,243670000.0,5332000000.0,5332000000.0
sh603393,603393,sh,新天然气,24.18,-0.78,1.98,0.67,17.95,1.06,1.85,-8.65,-2.5,-9.06,-9.06,201490000.0,10250000000.0,10250000000.0
sz002832,002832,sz,比音勒芬,24.17,-0.49,3.05,1.13,22.78,2.59,-8.52,-6.72,0.83,27.88,69.5,289100000.0,13794000000.0,9412000000.0
sh600605,600605,sh,汇通能源,24.16,-1.59,1.0,0.74,170.2,3.47,-5.44,1.98,-2.74,-20.76,-19.36,50170000.0,4984000000.0,4984000000.0
sz301516,301516,sz,中远通,24.13,-0.37,21.43,0.62,-140.63,5.35,24.9,51.29,45.54,34.88,54.58,357300000.0,6773000000.0,1693000000.0
sz301222,301222,sz,浙江恒威,24.13,-1.83,1.57,1.1,38.35,2.39,-5.04,-3.86,0.04,-32.75,20.57,40530000.0,3386000000.0,2572000000.0
sh688296,688296,sh,和达科技,24.11,-8.64,8.06,1.03,-38.03,4.57,-4.78,20.37,66.28,67.9,81.96,210580000.0,2589000000.0,2589000000.0
sh605028,605028,sh,世茂能源,24.1,-1.07,0.45,0.59,27.16,3.02,-2.78,-7.09,-13.0,4.33,-16.72,17230000.0,3856000000.0,3856000000.0
bj920177,920177,bj,恒道科技,24.09,-2.82,1.84,0.76,15.73,1.9,-2.75,-4.67,0.79,-22.79,10.5,8250000.0,1260000000.0,446000000.0
sz002902,002902,sz,铭普光磁,24.04,-2.91,4.91,0.78,-29.71,9.23,-8.35,-0.58,7.13,-27.83,5.95,219730000.0,5650000000.0,4483000000.0
sz301305,301305,sz,朗坤科技,24.02,-1.56,4.12,0.72,18.73,1.47,-4.42,3.85,14.87,-21.55,7.86,122910000.0,5812000000.0,2987000000.0
sz300699,300699,sz,光威复材,23.99,-1.64,1.06,0.8,34.99,3.7,-8.12,-10.02,-4.76,-18.47,-38.43,210640000.0,19944000000.0,19706000000.0
sz300992,300992,sz,泰福泵业,23.98,-0.79,1.92,1.45,-186.18,2.67,-5.66,-6.07,16.8,-10.11,-10.94,36040000.0,2285000000.0,1870000000.0
sz002824,002824,sz,和胜股份,23.98,0.13,5.96,0.8,37.38,3.18,-7.7,3.1,2.04,-8.82,24.7,318900000.0,7462000000.0,5424000000.0
sz300973,300973,sz,立高食品,23.96,-1.96,2.21,0.52,14.47,1.66,-7.02,-8.9,4.49,-13.71,-43.63,62940000.0,4057000000.0,2841000000.0
bj920735,920735,bj,德源药业,23.94,-2.29,1.41,0.66,12.56,2.44,-5.0,-3.86,5.46,-8.9,-21.6,38960000.0,3089000000.0,2732000000.0
sz002989,002989,sz,中天精装,23.93,-3.0,2.41,0.52,-27.01,3.46,-7.82,2.13,7.7,-17.14,-22.41,113490000.0,4825000000.0,4734000000.0
sh688806,688806,sh,泰诺麦博-U,23.92,-6.42,12.07,0.81,-21.15,12.19,-11.9,-14.42,-16.1,65.42,65.42,149890000.0,11016000000.0,1221000000.0
sh688671,688671,sh,碧兴物联,23.92,-2.84,1.72,0.87,-20.34,1.88,-4.17,-0.46,18.01,-7.57,-3.43,22280000.0,1878000000.0,1286000000.0
sh603496,603496,sh,恒为科技,23.92,-1.24,3.3,0.61,157.43,5.52,-10.58,-6.12,-10.31,3.42,-12.25,249370000.0,7659000000.0,7659000000.0
sh600265,600265,sh,*ST景谷,23.89,4.32,0.93,1.23,-13.46,14.65,2.27,1.36,14.8,-2.29,18.91,28130000.0,3101000000.0,3101000000.0
sz301658,301658,sz,首航新能,23.85,0.63,10.39,2.99,141.63,3.11,-4.22,-3.68,2.4,-33.6,-16.28,246350000.0,9835000000.0,2323000000.0
sz300851,300851,sz,交大思诺,23.85,-2.25,2.21,1.13,25.41,1.62,-1.2,-0.46,12.77,-11.07,-8.66,26080000.0,2073000000.0,1177000000.0
sz301129,301129,sz,瑞纳智能,23.83,-6.73,11.59,0.91,25.44,1.78,8.07,11.67,24.44,-6.62,0.93,186980000.0,3238000000.0000005,1607999999.9999998
sh600455,600455,sh,博通股份,23.83,-1.89,2.14,1.01,30.73,4.15,-2.89,-2.66,15.51,-10.04,-8.24,31960000.0,1488000000.0,1488000000.0
sz000915,000915,sz,华特达因,23.8,0.42,2.01,0.92,13.25,2.13,-7.79,-9.06,-4.99,-6.0,-23.32,110630000.0,5577000000.0,5572000000.0
sz301212,301212,sz,联盛化学,23.79,-4.34,6.0,1.45,293.02,1.92,3.12,3.89,18.95,-19.87,-20.32,137120000.0,2569000000.0,2230000000.0
sz301210,301210,sz,金杨精密,23.78,-1.16,5.27,0.85,44.96,2.02,-11.27,-2.58,7.36,-17.0,-8.16,76390000.0,3832000000.0,1447000000.0
sz002988,002988,sz,豪美新材,23.78,-1.37,4.62,1.04,50.87,2.21,4.44,10.3,20.1,-20.73,-35.38,274060000.0,5940000000.0,5940000000.0
sh600085,600085,sh,同仁堂,23.78,0.04,0.36,0.79,30.24,2.43,-2.7,-5.41,-6.49,-5.45,-25.13,118380000.0,32614000000.0,32614000000.0
sz002882,002882,sz,金龙羽,23.76,10.0,5.77,1.69,130.75,4.87,6.69,1.19,35.15,5.37,-20.96,332820000.0,10286000000.0,5868000000.0
sh601698,601698,sh,中国卫通,23.76,-2.74,0.54,0.69,252.42,6.34,-11.87,-13.79,-6.2,-20.98,-33.44,544940000.0,100371000000.0,100371000000.0
sz301000,301000,sz,肇民科技,23.73,-0.67,1.2,0.75,41.38,4.57,-8.66,-8.2,2.59,-22.32,-39.39,65240000.0,5772000000.0,5449000000.0
sz301508,301508,sz,中机认检,23.71,0.08,1.6,0.95,35.22,2.66,-1.41,-1.78,5.19,-8.84,-23.56,22350000.0,5360000000.0,1395000000.0
sz301388,301388,sz,欣灵电气,23.71,-0.42,1.32,1.27,108.51,2.52,-3.07,-1.04,9.01,-16.13,-21.44,22800000.0,2429000000.0,1723000000.0
bj920570,920570,bj,坤博精工,23.7,0.64,1.24,0.62,84.4,3.38,-5.12,-5.95,0.3,-7.89,-29.8,7490000.0,1189000000.0,604000000.0
bj920839,920839,bj,万通液压,23.69,-1.25,0.52,0.43,23.41,4.31,-2.19,-6.29,1.41,-11.41,-43.15,8170000.0,2800000000.0,1545000000.0
sh603468,603468,sh,津富士达,23.68,-0.71,9.68,0.78,26.01,2.72,-8.47,-18.63,35.62,35.62,35.62,91350000.0,9761000000.0,947000000.0000001
sz300810,300810,sz,中科海讯,23.65,-1.17,1.21,0.93,-84.87,3.63,-5.1,-5.17,2.74,-12.44,-38.19,32360000.0,2792000000.0,2696000000.0
sh688592,688592,sh,司南导航,23.65,-4.64,2.1,0.91,145.31,2.91,-10.14,-5.06,11.77,-10.38,-16.78,27620000.0,2747000000.0,1309000000.0
sh603939,603939,sh,益丰药房,23.65,-1.17,0.87,1.29,16.59,2.51,-1.46,0.94,6.82,14.03,10.93,251410000.0,28673000000.0,28673000000.0
sz000999,000999,sz,华润三九,23.6,-2.24,0.76,1.18,11.99,1.72,-3.28,-6.61,-5.56,-3.48,-15.32,300240000.0,39276000000.0,39236000000.0
sh688136,688136,sh,科兴制药,23.6,14.84,15.06,4.93,22.79,2.59,13.68,14.95,31.26,13.55,-24.9,713380000.0,4767000000.0,4767000000.0
sh600801,600801,sh,华新建材,23.59,1.77,0.96,1.42,15.09,1.51,3.15,-1.79,13.14,28.0,-3.04,305120000.0,49044000000.0,31651000000.0
sz301206,301206,sz,三元生物,23.58,-1.5,1.09,0.68,51.53,1.15,-2.48,-2.08,4.85,-3.5,-8.59,33710000.0,4771000000.0,3072000000.0
sh603619,603619,sh,中曼石油,23.57,0.38,8.25,1.1,34.99,2.53,4.48,2.57,15.37,-8.68,2.88,879040000.0,10897000000.0,10897000000.0
sz301330,301330,sz,熵基科技,23.55,-1.46,0.66,0.74,28.01,1.65,-5.54,-4.03,3.33,-11.87,-27.7,31930000.0,5543000000.0,4820000000.0
sz301381,301381,sz,赛维时代,23.54,3.2,2.03,1.61,34.36,3.5,1.55,2.3,3.75,24.55,15.73,190280000.0,9569000000.0,9560000000.0
sz300802,300802,sz,矩子科技,23.54,-0.25,3.98,1.09,74.09,4.55,-1.67,1.77,3.61,6.05,24.1,188530000.0,6687000000.0,4764000000.0
sz301001,301001,sz,凯淳股份,23.52,-0.72,2.0,0.97,-157.06,2.45,-2.73,-4.16,11.89,-11.68,-20.38,23570000.0,1882000000.0,1183000000.0
sh688510,688510,sh,航亚科技,23.52,-1.22,1.94,0.8,66.43,5.03,-2.29,3.89,14.29,-8.13,-11.91,119110000.0,6113000000.0,6113000000.0
sz300660,300660,sz,江苏雷利,23.5,-2.81,0.99,0.55,50.39,3.91,-13.98,-13.03,-7.73,-27.76,-44.07,135970000.0,13660000000.0,13652000000.000002
sz002241,002241,sz,歌尔股份,23.48,0.34,5.84,2.38,20.91,2.19,6.2,2.85,2.67,-12.49,-17.71,4427250000.0,83407000000.0,73861000000.0
sh688633,688633,sh,星球石墨,23.48,-2.49,1.25,0.86,17.74,2.4,-4.86,-4.48,9.06,-19.95,1.73,50210000.0,4001000000.0,4001000000.0
sh603303,603303,sh,得邦照明,23.47,2.18,0.41,0.75,56.58,3.61,-1.01,5.82,21.61,-17.58,86.48,45760000.0,11194000000.0,11194000000.0
sz002981,002981,sz,朝阳科技,23.46,-0.38,1.78,0.95,111.48,3.07,1.65,0.69,4.04,-12.27,-17.4,50630000.0,3204000000.0,2852000000.0
sh688130,688130,sh,晶华微,23.46,-2.86,2.68,0.64,-133.8,2.29,-8.61,-8.93,28.2,-11.7,12.03,38080000.0,2836000000.0,1414000000.0
sz000049,000049,sz,德赛电池,23.44,-1.22,2.01,0.65,22.54,1.32,-8.86,-5.79,-5.02,-7.42,-12.05,182740000.0,9016000000.0,9013000000.0
bj920593,920593,bj,鼎智科技,23.44,-1.06,0.97,0.51,183.21,6.22,-9.15,-7.46,-1.47,-12.83,-35.68,36760000.0,4459000000.0,3801000000.0
sz001230,001230,sz,劲旅环境,23.41,9.29,16.5,1.93,25.43,2.23,2.99,15.21,33.31,35.48,53.08,418730000.0,4396000000.0,2575000000.0
sz001218,001218,sz,丽臣实业,23.41,-3.78,1.98,1.04,12.03,1.27,-6.17,-10.51,9.55,-1.35,5.36,56160000.0,3143000000.0,2803000000.0
sz300521,300521,sz,爱司凯,23.38,0.3,1.59,0.66,-259.43,6.57,-4.49,-3.43,8.74,-11.47,-17.96,54530000.0,3501000000.0,3457000000.0
sz300255,300255,sz,常山药业,23.38,-4.69,2.77,0.64,-60.39,17.76,-14.3,-15.35,-12.73,-43.32,-62.35,601030000.0,21488000000.0,21454000000.0
sz000762,000762,sz,西藏矿业,23.38,0.78,3.79,1.53,269.64,4.07,-0.47,-3.87,7.69,-20.93,-11.0,466970000.0,12177000000.0,12176000000.0
sz300844,300844,sz,山水比德,23.37,-0.55,1.08,1.01,-36.28,2.85,-1.81,-0.97,14.28,-14.83,-34.15,22670000.0,2178000000.0,2100000000.0
sz300520,300520,sz,科大国创,23.35,-3.19,2.4,1.01,-34.88,3.98,-10.43,-13.49,-2.42,-32.51,-33.08,158880000.0,6819000000.0,6590000000.000001
sz300669,300669,sz,沪宁股份,23.34,-2.26,0.63,0.55,254.66,5.2,-1.1,2.59,11.25,-24.07,-10.98,27240000.0,4498000000.0,4260000000.0
sz301152,301152,sz,天力锂能,23.32,20.02,20.02,4.31,-18.07,2.29,15.27,13.09,14.31,-14.61,-23.69,324650000.0,2769000000.0,1655000000.0
sh688729,688729,sh,屹唐股份,23.3,-4.23,1.69,1.02,112.42,7.7,-14.96,-15.3,-18.87,-8.28,-4.72,693600000.0,68865000000.0,40734000000.0
sh688403,688403,sh,汇成股份,23.3,1.26,4.5,0.85,363.24,5.12,-10.21,-4.74,-6.65,10.43,42.68,1024030000.0,23139000000.0,23139000000.0
sz300788,300788,sz,中信出版,23.29,-2.55,1.98,0.45,37.71,2.01,-8.67,-10.63,0.52,-15.0,-14.41,88180000.0,4429000000.0,4429000000.0
sh601958,601958,sh,金钼股份,23.29,6.15,3.71,3.09,21.39,3.88,1.48,-5.59,12.19,-2.02,53.43,2821630000.0,75148000000.0,75148000000.0
sh601020,601020,sh,华钰矿业,23.29,5.19,7.53,2.35,22.32,4.51,5.43,0.09,24.95,-4.86,-13.04,1410260000.0,19097000000.0,19097000000.0
sh600406,600406,sh,国电南瑞,23.27,0.43,0.37,0.79,22.46,3.76,-1.19,-3.6,-2.64,-4.74,5.73,679050000.0,186899000000.0,186350000000.0
sz300357,300357,sz,我武生物,23.26,-5.64,3.91,1.05,28.6,4.58,-8.21,-7.0,-1.02,3.65,-17.22,445400000.0,12179000000.0,11256000000.0
sh605128,605128,sh,上海沿浦,23.26,-0.04,1.24,0.7,36.08,3.34,-6.59,-7.26,6.36,4.66,-5.44,89430000.0,7303000000.0,7303000000.0
sz301500,301500,sz,飞南资源,23.25,0.43,9.79,1.19,16.8,2.42,-4.83,-5.79,8.9,-7.5,48.7,330000000.0,13044999999.999998,3349000000.0
sz001368,001368,sz,通达创智,23.25,-0.73,2.35,0.93,26.11,1.86,1.75,5.92,18.2,-7.11,-4.83,58870000.0,2630000000.0,2513000000.0
sh688489,688489,sh,三未信安,23.24,-3.77,1.15,1.52,-122.2,2.17,-2.56,-1.94,10.46,-8.47,-25.26,45330000.0,3940999999.9999995,3911000000.0
sz300809,300809,sz,华辰装备,23.22,-2.23,2.11,0.49,30.77,3.26,-8.04,-7.49,6.42,-37.83,-38.85,73950000.0,5887000000.0,3496000000.0
sh603876,603876,sh,鼎胜新材,23.22,1.09,2.54,0.82,34.72,2.87,1.8,6.22,7.2,-11.78,56.05,554530000.0,21578000000.0,21578000000.0
sh600989,600989,sh,宝丰能源,23.22,-3.49,1.07,1.01,11.09,3.08,1.26,-2.85,1.71,-3.25,20.87,1831040000.0,170281000000.0,170281000000.0
sz301163,301163,sz,宏德股份,23.2,-1.86,1.78,0.98,45.89,1.67,-2.19,-1.49,12.9,-10.42,-12.99,22660000.0,1893000000.0,1270000000.0
sz300483,300483,sz,首华燃气,23.2,1.13,5.6,1.61,25.7,2.3,-0.47,-2.03,15.37,25.0,63.61,495080000.0,8934000000.0,8921000000.0
sz300492,300492,sz,华图山鼎,23.19,-2.23,0.8,0.58,26.55,27.07,-10.67,-12.85,7.31,-23.6,-56.25,51360000.0,6384000000.0,6384000000.0
sh603726,603726,sh,朗迪集团,23.19,-0.26,1.63,0.73,18.93,3.09,-7.72,-3.66,-0.81,-12.98,-1.95,69610000.0,4303000000.0,4281000000.0
sz002976,002976,sz,瑞玛精密,23.17,0.35,4.54,1.13,-239.49,3.13,-3.26,4.09,17.38,-17.79,7.46,129420000.0,4509000000.0,2820000000.0
sz001872,001872,sz,招商港口,23.17,1.44,0.21,1.61,12.36,0.9,6.33,4.51,9.81,7.76,25.03,110260000.0,57511000000.0,53342999999.99999
sh688370,688370,sh,丛麟科技,23.17,-1.61,0.59,1.87,79.61,1.21,-3.74,-4.45,10.97,3.2,-4.11,18530000.0,3177000000.0,3177000000.0
sh600009,600009,sh,上海机场,23.17,1.09,0.34,0.95,25.19,1.34,0.43,-3.14,-2.36,-6.61,-28.71,195530000.0,57654000000.0,57466999999.99999
sz301089,301089,sz,拓新药业,23.14,-4.38,4.64,0.63,-38.22,1.99,-8.54,-6.43,-0.17,-5.05,-17.36,98470000.0,2928000000.0,2093000000.0
sh603507,603507,sh,振江股份,23.14,0.43,2.34,0.81,27.47,2.18,-5.47,-5.32,-5.97,-22.11,15.65,126800000.0,5529000000.0,5468000000.0
bj920035,920035,bj,精创电气,23.13,-0.26,2.69,0.57,25.52,2.75,-5.9,-5.32,1.8,-16.8,-30.35,9860000.0,1605999999.9999998,364000000.0
sh603755,603755,sh,日辰股份,23.06,-2.08,1.02,1.33,26.83,3.0,-3.68,-2.41,12.43,-8.71,-36.6,23240000.0,2274000000.0,2274000000.0
bj920368,920368,bj,连城数控,23.05,-1.16,1.21,0.76,311.95,1.28,-5.8,-8.53,2.08,-30.4,-7.32,63040000.0,5412000000.0,5149000000.0
sz002119,002119,sz,康强电子,23.04,-1.96,6.04,0.6,71.87,6.01,-9.29,-3.6,0.61,0.17,40.23,518520000.0,8647000000.0,8647000000.0
sz000880,000880,sz,潍柴重机,23.04,-2.54,3.5,0.48,40.53,5.08,-12.84,-2.55,7.29,-23.11,-15.31,183480000.0,10687000000.0,5231000000.0
sh603125,603125,sh,常青科技,23.01,-0.04,0.93,0.75,45.65,3.71,-7.37,-2.33,9.16,-4.84,36.64,86330000.0,9315000000.0,9315000000.0
sz300468,300468,sz,四方精创,22.99,3.51,12.26,2.1,169.41,7.53,8.6,5.36,16.35,-3.97,-40.7,1470390000.0,12200000000.0,12180000000.0
sz000034,000034,sz,神州数码,22.99,-3.04,2.55,0.58,43.15,2.09,-8.77,-5.78,-14.79,-11.03,-17.13,499630000.0,23375000000.0,19522000000.0
sh603235,603235,sh,天新药业,22.98,0.35,0.08,0.58,19.35,2.09,-1.37,-6.89,-3.57,-2.83,-13.02,8020000.0,10060000000.0,10060000000.0
sz301046,301046,sz,能辉科技,22.92,4.9,3.84,1.19,-1079.02,3.5,11.37,12.24,29.35,-12.55,-2.05,112310000.0,3864000000.0,2984000000.0
sz300611,300611,sz,美力科技,22.91,-0.04,0.87,0.6,37.42,3.85,-3.98,-5.33,-3.21,-10.61,-15.49,29360000.0,4836000000.0,3397999999.9999995
sz301170,301170,sz,锡南科技,22.9,-0.13,1.72,0.92,23.14,1.29,-2.26,-0.78,11.6,-7.7,-17.33,14950000.0,2290000000.0,869999999.9999999
sh688199,688199,sh,久日新材,22.88,-1.21,2.45,1.08,76.33,1.43,-5.14,-1.46,9.74,-13.56,-2.68,89410000.0,3689000000.0,3689000000.0
sh688162,688162,sh,巨一科技,22.88,-1.25,0.69,0.92,41.7,1.31,-3.13,-0.91,11.66,-24.24,-25.23,21600000.0,3137000000.0,3137000000.0
sz300563,300563,sz,神宇股份,22.87,-1.68,1.92,0.91,55.27,3.73,-5.92,-4.39,5.54,-22.24,-37.31,55790000.0,4165000000.0,2898000000.0
sz002430,002430,sz,杭氧股份,22.86,-1.38,0.94,0.75,22.64,2.29,-3.5,-4.71,-2.31,-6.85,-22.69,210890000.0,22365000000.0,22356000000.0
sz300518,300518,sz,新迅达,22.85,-1.64,4.41,1.09,-42.18,6.89,-6.16,-8.89,12.9,-25.13,30.57,201890000.0,4557000000.0,4556000000.0
sh600392,600392,sh,盛和资源,22.84,0.48,3.53,1.01,40.11,3.24,-5.46,-10.04,9.07,5.79,7.58,1418310000.0,40035000000.0,40035000000.0
sz301266,301266,sz,宇邦新材,22.83,-2.64,3.22,0.84,118.79,1.82,1.92,5.4,19.15,-11.48,-17.9,99820000.0,3264000000.0,3096000000.0
sh603583,603583,sh,捷昌驱动,22.83,-1.47,0.6,0.54,26.28,1.92,-6.24,-10.96,-2.44,-8.39,-39.54,52610000.0,8807000000.0,8727000000.0
sz301456,301456,sz,盘古智能,22.82,-0.87,1.01,0.71,39.44,1.56,-4.0,-4.76,7.54,-19.79,-27.09,15820000.0,3471000000.0,1564000000.0
sh600196,600196,sh,复星医药,22.79,-3.27,1.69,0.77,17.51,1.26,-5.08,-5.51,0.18,-0.32,-12.7,822830000.0,60859000000.0,48280000000.0
sh688078,688078,sh,龙软科技,22.78,-2.36,0.97,0.83,-22.68,2.51,-1.39,-2.23,10.85,-1.77,-17.16,16120000.0,1661000000.0,1661000000.0
sh603207,603207,sh,小方制药,22.78,-2.9,7.23,0.72,17.97,3.36,-4.0,-3.72,4.16,-1.09,-19.36,91490000.0,3660000000.0,1244000000.0
sz300837,300837,sz,浙矿股份,22.76,-1.56,1.48,0.77,31.6,1.65,-3.97,-3.72,11.02,-22.59,-32.5,25560000.0,2276000000.0,1721000000.0
sh603990,603990,sh,麦迪科技,22.75,-0.66,6.21,1.06,357.79,8.33,-2.49,-3.36,21.79,15.89,49.97,432620000.0,6944000000.0,6944000000.0
sz300721,300721,sz,怡达股份,22.74,0.0,7.69,0.99,-240.48,3.37,-8.2,-4.21,5.92,-35.03,78.63,240480000.0,3749000000.0,3147000000.0
sz301181,301181,sz,标榜股份,22.73,-0.31,0.92,0.54,30.16,2.39,-1.98,0.4,15.15,-24.64,-32.35,24460000.0,3414000000.0,2665000000.0
sh600993,600993,sh,马应龙,22.73,-1.22,1.77,1.65,16.59,2.28,-1.86,-4.46,0.04,-3.24,-16.74,172350000.0,9798000000.0,9781000000.0
sh605080,605080,sh,浙江自然,22.7,3.18,4.68,1.45,19.14,1.42,11.22,7.38,16.65,-7.64,-0.69,151740000.0,3199000000.0,3186000000.0
sz300792,300792,sz,壹网壹创,22.69,-2.53,1.64,0.73,47.74,1.83,-9.6,-10.28,0.22,-26.02,-19.45,79390000.0,5393000000.0,4839000000.0
sh603011,603011,sh,合锻智能,22.69,-4.58,6.72,0.64,-39.4,6.02,-14.96,-5.26,22.25,-8.95,-4.3,756250000.0,11218000000.0,11218000000.0
sz002190,002190,sz,成飞集成,22.68,-0.57,1.04,0.41,-92.52,2.33,-9.35,-6.09,-2.49,-18.15,-38.83,84650000.0,8136000000.0,8136000000.0
sz300871,300871,sz,回盛生物,22.67,-2.87,2.27,0.5,13.39,1.98,-5.07,-2.03,7.9,8.93,10.42,103940000.0,4574000000.0,4574000000.0
sz301022,301022,sz,海泰科,22.62,-2.16,1.71,1.0,67.28,1.64,-3.25,-3.7,5.8,-16.04,-31.02,26190000.0,2250000000.0,1515000000.0
sz000029,000029,sz,深深房Ａ,22.62,-0.62,0.42,0.56,969.32,6.4,-7.37,1.39,15.76,-8.48,2.89,85290000.0,22884000000.0,20169000000.0
sh603958,603958,sh,哈森股份,22.61,10.02,19.91,3.27,-128.04,7.62,34.74,51.85,68.23,9.17,70.0,965030000.0,4960000000.0,4960000000.0
sz001399,001399,sz,惠科股份,22.58,-2.17,6.16,0.56,44.19,4.83,-10.15,-5.64,-13.85,123.12,123.12,598110000.0,167257000000.0,9722000000.0
sh688092,688092,sh,爱科科技,22.58,-0.09,0.53,0.67,40.32,2.86,-1.57,-0.48,9.72,-15.11,-9.57,9900000.0,1867000000.0000002,1867000000.0000002
sz000593,000593,sz,德龙汇能,22.56,-6.58,6.08,0.75,342.92,9.01,-13.43,-8.85,30.63,9.57,101.43,494510000.0,8091000000.0,8087000000.0
sh688067,688067,sh,爱威科技,22.55,-1.44,1.11,0.77,51.16,2.98,-2.21,-0.53,19.06,-6.55,-7.81,16990000.0,1533000000.0,1533000000.0
sz301578,301578,sz,辰奕智能,22.54,-0.92,2.7,0.78,183.74,2.62,-3.88,-1.57,5.33,-5.99,-12.61,18320000.0,2388000000.0,679000000.0
sh603679,603679,sh,华体科技,22.52,0.94,4.33,0.98,-29.09,4.54,-1.53,0.36,30.17,31.93,39.36,170590000.0,4001000000.0,4001000000.0
sh600750,600750,sh,华润江中,22.52,-8.53,1.73,2.05,16.34,3.62,-5.38,-9.41,-9.92,-6.83,1.03,247430000.0,14313000000.0,14161000000.000002
sh688105,688105,sh,诺唯赞,22.51,-7.14,4.4,1.13,-811.44,3.23,-4.38,-2.47,19.1,57.05,49.89,527030000.0,11637000000.0,11637000000.0
sz301522,301522,sz,上大股份,22.5,-1.14,1.18,0.72,81.88,4.29,-6.17,-8.76,2.83,-17.69,-42.45,73520000.0,8367000000.0,6228000000.0
sh688058,688058,sh,宝兰德,22.5,-1.45,1.07,0.96,-21.58,2.77,-3.93,-2.26,14.85,-9.75,-17.37,18140000.0,1705999999.9999998,1705999999.9999998
sz003017,003017,sz,大洋生物,22.48,0.27,2.26,0.71,22.35,1.98,-2.89,1.77,11.07,-0.28,-8.74,42040000.0,2266000000.0,1877000000.0
sz300801,300801,sz,泰和科技,22.46,-1.36,3.28,0.84,30.97,1.84,-8.21,-6.18,-9.33,-16.72,-18.42,101320000.0,4906000000.0,3089000000.0
sh603899,603899,sh,晨光股份,22.46,1.13,0.32,1.01,15.47,2.4,0.63,-1.62,0.04,-2.56,-13.83,65460000.0,20569000000.0,20569000000.0
sz300980,300980,sz,祥源新材,22.45,-0.66,5.54,1.0,51.8,2.22,-5.03,0.54,8.3,-17.14,-30.78,123070000.0,3100000000.0,2208000000.0
sh688006,688006,sh,杭可科技,22.44,-1.06,1.62,0.58,35.59,2.49,-1.75,-0.53,5.8,-43.4,-22.95,220740000.0,13546000000.0,13546000000.0
sz001268,001268,sz,联合精密,22.42,10.01,6.22,1.99,105.67,3.43,10.72,14.74,23.32,-22.23,-11.15,129570000.0,3379000000.0,2114999999.9999998
bj920005,920005,bj,鼎佳精密,22.42,-6.31,1.71,1.45,36.75,2.97,-6.0,-11.63,-4.15,-30.2,-44.56,14910000.0,1861000000.0,859000000.0
sz300777,300777,sz,中简科技,22.4,-3.36,1.57,0.77,44.69,2.19,-9.79,-11.29,-4.4,-32.51,-44.79,153010000.0,9849000000.0,9652000000.0
sz001256,001256,sz,炜冈科技,22.4,-3.57,2.98,0.75,22.11,2.52,-15.34,-19.4,-2.9,0.48,1.62,72000000.0,3195000000.0,2395000000.0
sz301259,301259,sz,艾布鲁,22.34,-4.12,5.14,1.3,161.76,5.77,-10.28,-6.09,2.01,-6.38,-1.81,165680000.0,5053000000.0,3240999999.9999995
sz000506,000506,sz,招金黄金,22.34,7.56,13.89,1.17,60.87,23.01,25.86,12.04,75.63,57.43,71.06,2787850000.0,20754000000.0,20747000000.0
sz301560,301560,sz,众捷汽车,22.3,-1.5,2.04,0.85,70.6,2.84,-6.62,-7.47,-0.31,-32.26,-34.37,27860000.0,2712000000.0,1362000000.0
sh688651,688651,sh,盛邦安全,22.3,-2.62,2.72,0.96,-45.74,2.5,-5.67,-4.86,10.12,-15.06,-31.16,28670000.0,2286000000.0,1049000000.0
sh688209,688209,sh,英集芯,22.3,-3.13,2.28,0.95,47.54,4.38,-4.58,1.41,0.04,-5.74,12.18,220470000.0,9673000000.0,9673000000.0
sh688133,688133,sh,泰坦科技,22.3,-4.41,2.43,0.78,-53.58,1.35,-6.73,-8.83,8.36,1.36,0.72,89490000.0,3667000000.0,3667000000.0
bj920122,920122,bj,中纺标,22.3,-2.96,2.91,0.75,87.3,6.19,-1.76,-3.84,4.4,-1.47,-33.28,24740000.0,2057000000.0,833000000.0
sz301052,301052,sz,果麦文化,22.27,-2.37,3.35,0.81,-45.5,3.38,-7.78,-10.85,3.1,-20.21,-41.66,60270000.0,2204000000.0,1787000000.0
sz300949,300949,sz,奥雅股份,22.27,-0.8,2.12,1.04,-15.89,3.44,-1.02,0.32,15.03,-8.77,-17.63,23340000.0,1937000000.0,1108000000.0
sz300364,300364,sz,中文在线,22.27,-3.55,4.35,0.78,-25.8,64.27,-11.35,-13.35,11.02,-12.29,-11.35,639910000.0,16224000000.0,14708000000.000002
sz001287,001287,sz,中电港,22.25,-3.13,2.39,0.78,27.43,2.91,-10.53,-3.89,-0.58,-14.0,-1.3,405930000.0,16908000000.000002,16908000000.000002
sz003028,003028,sz,振邦智能,22.21,-1.6,1.43,1.22,86.16,1.85,-2.93,-2.24,6.52,-17.86,-24.43,22430000.0,3201000000.0,1570000000.0
sz301118,301118,sz,恒光股份,22.18,-0.81,1.77,0.88,560.38,1.8,-3.36,-2.63,16.06,-25.97,-10.42,41470000.0,2442000000.0,2350000000.0
bj920693,920693,bj,阿为特,22.18,-0.81,0.92,0.45,-2392.88,4.61,-3.57,-6.77,2.4,-18.11,-43.55,7460000.0,1612000000.0,811999999.9999999
sz300199,300199,sz,翰宇药业,22.17,-4.03,6.37,0.99,153.22,23.03,-15.35,-12.16,1.65,-4.07,23.85,1050470000.0,19581000000.0,16510000000.0
sz002925,002925,sz,盈趣科技,22.17,-0.85,1.64,0.79,22.01,3.27,-8.01,-4.48,-2.89,16.32,32.65,264940000.0,17108000000.000002,16208000000.000002
sh600171,600171,sh,上海贝岭,22.17,-2.16,1.44,0.76,71.36,3.52,-6.85,-5.18,-2.38,-23.07,-28.78,227790000.0,15716999999.999998,15716999999.999998
sh688311,688311,sh,盟升电子,22.16,-3.15,2.46,0.78,-233.39,2.15,-12.72,-10.36,0.05,-20.69,-51.4,95690000.0,3879999999.9999995,3879999999.9999995
sh603344,603344,sh,星德胜,22.16,-2.21,2.18,0.45,26.03,1.99,-5.3,-2.55,2.88,-23.4,-40.69,26380000.0,4311000000.0,1197000000.0
sz300327,300327,sz,中颖电子,22.14,-2.64,1.73,0.7,116.12,4.26,-7.01,-3.19,0.27,-29.33,-20.73,129760000.0,7558000000.0,7502000000.0
sz301036,301036,sz,双乐股份,22.13,-0.9,1.24,1.15,99.15,1.37,-1.25,-1.69,17.34,-7.41,-35.1,19320000.0,2213000000.0,1559000000.0
sz301638,301638,sz,南网数字,22.1,-0.58,3.14,0.94,100.85,6.37,-5.07,-7.42,-6.83,-21.46,17.87,174240000.0,70270000000.0,5530000000.0
sz000935,000935,sz,四川双马,22.1,-2.81,0.44,0.72,70.15,2.15,-5.43,-3.66,-3.83,-24.93,-11.03,74690000.0,16872000000.0,16872000000.0
sz000048,000048,sz,京基智农,22.1,-1.03,2.24,0.74,-20.83,3.37,-8.64,1.05,18.5,76.24,25.57,259270000.0,11717000000.0,11698000000.0
sz300739,300739,sz,明阳电路,22.09,-3.11,2.61,0.81,96.43,3.0,-8.57,-3.49,2.36,-35.86,20.64,174270000.0,8250000000.0,6693000000.000001
sz301383,301383,sz,天键股份,22.08,-1.56,1.81,0.76,-51.04,1.85,-4.08,-0.41,8.18,-17.18,-38.05,28120000.0,3604999999.9999995,1559000000.0
sh688420,688420,sh,美腾科技,22.05,-1.74,0.59,0.88,-426.5,1.37,-2.43,-1.56,13.78,-10.07,-7.62,11580000.0,1950000000.0,1950000000.0
bj920239,920239,bj,长虹能源,22.05,4.06,1.02,2.47,15.58,3.72,0.78,-3.2,4.55,-16.0,-31.31,40820000.0,4015000000.0,3965999999.9999995
sz000668,000668,sz,荣丰控股,22.03,-0.86,2.78,0.87,119.66,4.54,-5.21,4.46,15.83,21.11,128.05,91750000.0,3235000000.0,3235000000.0
sh603211,603211,sh,晋拓股份,22.01,-4.59,4.01,1.3,95.66,4.86,-20.51,-17.53,-11.78,-18.85,-2.06,240950000.0,5982000000.0,5982000000.0
sz300486,300486,sz,东杰智能,22.0,-2.91,4.19,1.39,436.99,6.2,6.74,9.4,27.98,-11.74,12.26,433290000.0,10497000000.0,10494000000.0
sh603159,603159,sh,上海亚虹,21.99,0.87,1.7,0.9,-302.11,6.21,2.95,4.52,19.84,-16.26,-14.47,52440000.0,3079000000.0,3079000000.0
sh603137,603137,sh,恒尚节能,21.97,-6.07,10.0,0.85,-86.67,3.36,-16.21,-20.34,-22.42,73.54,59.9,400230000.0,4019000000.0,4019000000.0
sz300911,300911,sz,亿田智能,21.95,-10.0,11.13,0.91,-24.44,3.71,-5.55,2.38,12.97,-13.55,-34.08,428130000.0,4024000000.0,3761000000.0
sz300892,300892,sz,品渥食品,21.93,-3.14,2.95,0.56,-169.85,2.15,-8.24,-11.21,17.34,-8.7,-27.55,42870000.0,2193000000.0,1446000000.0
sh688395,688395,sh,正弦电气,21.91,-3.27,2.26,1.22,43.64,2.4,-3.4,-10.61,14.06,-15.8,-9.24,43140000.0,1897000000.0,1897000000.0
sh605003,605003,sh,众望布艺,21.91,-1.97,1.24,0.78,35.35,1.68,0.74,4.33,16.23,-6.69,-37.49,30270000.0,2410000000.0,2410000000.0
sz002150,002150,sz,正泰电源,21.9,-4.37,2.23,0.71,31.32,3.65,-5.77,3.74,-1.48,-30.48,9.5,178200000.0,7903000000.0,7851000000.000001
sz001234,001234,sz,泰慕士,21.9,-2.41,1.57,0.63,58.47,2.58,-0.9,4.68,17.55,-7.4,-18.37,31590000.0,2378000000.0,2005000000.0
sz000400,000400,sz,许继电气,21.87,0.92,1.38,0.85,23.47,1.8,-1.93,-4.29,-1.93,-17.16,-14.2,306590000.0,22277000000.0,22199000000.0
sz000062,000062,sz,深圳华强,21.87,-2.32,1.22,0.7,40.97,3.38,-7.88,-5.9,-0.95,-24.95,-10.81,280120000.0,22874000000.0,22852000000.0
sz002262,002262,sz,恩华药业,21.85,-0.46,1.38,0.8,20.22,2.64,0.83,-2.32,1.72,7.69,-7.92,267390000.0,22195000000.0,19311000000.0
sz301331,301331,sz,恩威医药,21.84,-1.31,1.84,0.88,46.68,2.21,-2.85,1.06,10.25,-11.33,-14.08,41670000.0,2247000000.0,2242000000.0
sh603205,603205,sh,健尔康,21.83,1.49,4.46,2.41,30.93,2.3,-0.41,-0.23,8.28,-8.81,-22.97,40390000.0,3404999999.9999995,902000000.0
sh600188,600188,sh,兖矿能源,21.83,1.96,0.91,1.2,21.52,2.99,-1.18,0.23,9.31,1.63,70.15,1186210000.0,219104000000.0,130135999999.99998
sh688819,688819,sh,天能股份,21.82,0.18,0.23,1.19,17.02,1.28,-1.8,-1.98,0.23,-9.05,-33.21,49850000.0,21211000000.0,21211000000.0
sz301026,301026,sz,浩通科技,21.8,1.49,9.9,1.25,20.47,2.79,-7.59,-2.55,27.93,-5.42,9.23,344670000.0,4831000000.0,3489000000.0
sz003030,003030,sz,祖名股份,21.8,0.55,2.37,0.58,97.62,2.76,-1.18,-5.09,-3.58,-6.24,8.78,41780000.0,2720000000.0,1764999999.9999998
sh603529,603529,sh,爱玛科技,21.8,2.49,1.12,2.21,11.59,2.01,5.83,2.49,3.81,1.16,-25.23,208150000.0,18841000000.0,18547000000.0
sh601858,601858,sh,中国科传,21.74,-1.5,1.06,0.83,35.31,3.14,-9.68,-15.93,23.45,-10.84,21.83,182600000.0,17185000000.0,17185000000.0
sh688161,688161,sh,威高骨科,21.71,-1.68,0.23,0.72,33.26,2.12,-3.34,-3.12,5.03,-16.95,-21.57,20060000.0,8684000000.0,8684000000.0
sz301119,301119,sz,正强股份,21.7,-4.78,2.42,1.3,31.5,3.0,-2.12,2.02,13.61,-11.17,-42.21,62940000.0,3160000000.0,2555000000.0
sz002921,002921,sz,联诚精密,21.68,-2.43,3.76,0.91,2111.8,2.46,-5.98,-4.11,4.33,-17.63,27.38,104420000.0,3229999999.9999995,2791000000.0
sz002066,002066,sz,瑞泰科技,21.67,0.05,1.54,0.83,-65.72,8.18,-2.48,5.81,7.33,-9.86,16.01,76330000.0,5090000000.0,5006000000.0
sz002810,002810,sz,山东赫达,21.66,3.34,2.22,1.1,31.2,3.33,2.31,5.09,9.28,-3.87,48.03,153490000.0,7538000000.0,6997000000.0
bj920510,920510,bj,丰光精密,21.65,-3.99,7.3,0.69,-377.54,10.06,-15.43,-4.84,6.65,42.72,3.05,148580000.0,3984000000.0000005,2035000000.0000002
sz301503,301503,sz,智迪科技,21.6,-2.13,1.54,0.86,26.92,2.1,-2.13,-2.13,8.67,-8.71,-21.37,19160000.0,2246000000.0,1246000000.0
sz002868,002868,sz,绿康生化,21.57,-2.35,1.16,0.73,-45.69,47.25,-6.95,-8.17,-6.83,-24.24,-36.01,27130000.0,3352000000.0000005,2317000000.0
sh688128,688128,sh,中国电研,21.57,-1.73,0.5,1.16,16.1,2.5,-4.94,-4.85,-0.19,-12.67,-24.4,44000000.0,8725000000.0,8725000000.0
sz300900,300900,sz,广联航空,21.56,-2.18,5.98,0.65,-51.34,3.65,-16.34,-14.31,-5.56,-38.87,-44.82,331740000.0,7066000000.0,5536000000.0
bj920953,920953,bj,国子软件,21.53,-1.46,1.5,0.29,44.4,4.61,-7.99,-13.22,7.44,-13.44,-39.56,19450000.0,2758000000.0,1289000000.0
sz301379,301379,sz,天山电子,21.5,-2.45,6.98,0.78,47.41,4.17,-12.39,-3.89,-6.72,0.14,16.89,333700000.0,5966000000.0,4702000000.0
sz300031,300031,sz,宝通科技,21.5,1.18,4.13,1.06,34.23,2.22,-3.76,-1.96,15.34,-7.37,-4.99,309000000.0,9003000000.0,7566000000.0
sz300579,300579,sz,数字认证,21.49,-0.78,1.41,0.99,-69.81,7.33,-1.47,-4.28,4.52,-5.83,-36.06,79370000.0,5802000000.0,5598000000.0
bj920078,920078,bj,族兴新材,21.49,7.88,16.69,2.47,32.02,2.64,10.83,5.19,10.66,-32.84,212.35,135440000.0,2579000000.0,838000000.0000001
sz300702,300702,sz,天宇股份,21.48,-2.5,1.71,1.16,78.09,2.04,-4.36,-5.17,7.67,11.99,-8.79,77560000.0,7475000000.0,4520000000.0
sh603607,603607,sh,京华激光,21.43,-0.74,1.78,0.6,35.74,3.9,-5.26,-2.37,3.88,1.9,-20.04,68720000.0,3826000000.0,3826000000.0
sz301057,301057,sz,汇隆新材,21.42,-0.6,2.13,0.87,64.06,3.29,-2.72,-2.81,6.78,-29.61,-40.37,37140000.0,2505000000.0,1735000000.0000002
sz300631,300631,sz,久吾高科,21.42,-1.06,1.05,0.83,37.28,2.02,-3.86,-5.26,10.87,-11.67,-25.21,27350000.0,2678000000.0,2605000000.0
sh603508,603508,sh,思维列控,21.4,0.94,0.79,0.96,14.31,1.98,-1.11,-3.17,-2.9,-3.86,-21.6,63950000.0,8159000000.0,8159000000.0
sz300678,300678,sz,中科信息,21.37,-1.25,0.97,0.63,401.8,7.51,-7.25,-9.45,-3.56,-12.2,-30.39,60650000.0,6334000000.0,6223000000.0
sz000768,000768,sz,中航西飞,21.36,1.91,0.89,1.39,53.57,2.69,-1.11,-0.84,2.94,-1.11,-15.34,525770000.0,59394000000.00001,59304000000.0
sh600459,600459,sh,贵研铂业,21.35,-2.38,4.26,0.71,26.42,1.95,-7.05,-2.02,17.31,0.51,16.28,693670000.0,17577000000.0,16219999999.999998
sh603057,603057,sh,紫燕食品,21.34,-2.29,0.4,0.68,29.12,4.22,-4.94,-7.34,7.13,-19.41,5.85,35220000.0,8859000000.0,8792000000.0
sz301584,301584,sz,建发致新,21.32,-3.31,4.82,0.49,32.01,4.14,-11.9,-9.66,0.24,-6.41,-26.53,55680000.0,8982000000.0,1145000000.0
sz002346,002346,sz,柘中股份,21.32,-7.59,3.5,0.74,15.71,3.13,-12.37,2.65,25.04,4.64,7.49,336040000.0,9414000000.0,9414000000.0
sz002056,002056,sz,横店东磁,21.31,-1.02,1.28,0.79,19.48,3.27,-8.3,-2.69,-3.79,-13.44,12.7,442520000.0,34665000000.0,34629000000.0
sz002864,002864,sz,盘龙药业,21.3,-1.43,2.73,0.64,33.55,1.75,-8.11,-3.45,2.8,-2.94,-9.48,57430000.0,2912000000.0,2100000000.0
sh688191,688191,sh,智洋创新,21.3,-2.02,1.82,0.73,112.32,8.02,-10.13,-1.62,9.23,-44.26,-7.33,126980000.0,6986000000.0,6986000000.0
sz000833,000833,sz,粤桂股份,21.27,-1.76,5.68,0.83,18.78,3.83,-0.05,3.3,8.19,-8.91,10.32,554140000.0,17060000000.0,9650000000.0
sz300681,300681,sz,英搏尔,21.26,-0.65,2.61,0.94,28.07,2.12,-5.13,0.14,1.87,-34.98,-14.95,127010000.0,6506999999.999999,4907000000.0
sz300457,300457,sz,赢合科技,21.26,6.57,4.96,3.84,22.2,1.93,3.42,4.54,11.86,-21.36,-23.43,667400000.0,13716999999.999998,13496000000.0
bj920857,920857,bj,泓禧科技,21.24,-0.56,0.96,0.47,-37.2,4.61,2.16,8.64,25.83,16.7,-39.98,15030000.0,1572000000.0,1572000000.0
sz300738,300738,sz,奥飞数据,21.23,1.92,4.1,0.73,86.78,5.7,-10.12,-7.05,-1.21,-2.37,14.91,841920000.0,20916000000.0,20909000000.0
sz301179,301179,sz,泽宇智能,21.22,5.99,6.22,5.14,49.5,3.44,2.27,5.47,15.58,-8.81,35.84,315850000.0,8581999999.999999,5039000000.0
sh688426,688426,sh,康为世纪,21.22,-5.35,4.03,1.51,-23.87,1.78,10.35,8.54,37.44,14.21,-10.95,95830000.0,2387000000.0,2381000000.0
sz301587,301587,sz,中瑞股份,21.21,0.19,3.46,1.11,53.18,1.57,-2.88,-3.37,1.19,-22.11,-9.36,53840000.0,3125000000.0,1558000000.0
sh688004,688004,sh,博汇科技,21.2,-3.24,3.67,1.1,-64.39,3.03,-12.4,-12.4,1.29,0.76,-8.34,62600000.0,1698000000.0,1698000000.0
sh603698,603698,sh,航天工程,21.2,-3.64,2.77,0.81,50.82,3.27,-13.26,-12.36,-4.33,-34.97,-45.18,316690000.0,11363000000.0,11363000000.0
sz301190,301190,sz,善水科技,21.15,7.14,10.54,1.4,48.78,2.33,15.51,10.73,20.72,-4.85,0.39,312090000.0,4540000000.0,3027000000.0
sz300753,300753,sz,爱朋医疗,21.15,-4.51,5.5,0.59,-247.71,4.02,-12.89,-11.43,-3.47,-4.9,-23.78,103070000.0,2666000000.0,1859000000.0
sz002819,002819,sz,东方中科,21.15,1.15,2.22,0.86,-43.04,1.62,2.12,2.47,7.36,-9.95,-22.49,111620000.0,6337000000.0,5028000000.0
sh603733,603733,sh,仙鹤股份,21.14,-2.04,0.85,0.61,16.82,2.02,-3.95,0.24,-1.12,-4.56,-9.93,147090000.0,17277000000.0,17277000000.0
sh600570,600570,sh,恒生电子,21.14,-0.8,0.79,0.72,29.91,4.17,-4.39,-8.37,0.48,-12.17,-29.42,317320000.0,40032000000.0,40032000000.0
sh603992,603992,sh,松霖科技,21.13,1.78,1.05,1.35,36.66,2.64,-6.21,-9.55,-6.21,-24.7,-48.03,98150000.0,9361000000.0,9361000000.0
sz300588,300588,sz,熙菱信息,21.12,-5.92,3.28,1.28,-89.62,15.79,-2.54,-6.59,3.28,8.53,-21.78,124280000.0,4044000000.0,3734000000.0000005
bj920188,920188,bj,悦龙科技,21.11,-1.81,2.41,1.0,18.95,2.2,-2.31,-10.09,-0.57,-15.56,55.91,10150000.0,1752000000.0,418000000.0
sh603048,603048,sh,浙江黎明,21.1,-1.59,2.17,1.61,92.26,2.5,-5.3,-1.49,21.89,6.82,1.48,67700000.0,3099000000.0,3099000000.0
bj920491,920491,bj,奥迪威,21.1,-1.95,1.28,0.72,35.36,2.86,-5.8,-9.01,-6.35,-20.94,-28.74,31380000.0,2978000000.0,2444000000.0
sz301371,301371,sz,敷尔佳,21.09,-5.38,9.83,1.42,23.9,1.98,-18.82,-20.56,-13.21,-31.3,-7.86,163780000.0,10969000000.0,1644000000.0000002
sh688811,688811,sh,有研复材,21.09,-1.91,3.84,0.5,147.6,6.82,-10.56,-8.42,0.86,-27.69,231.19,74380000.0,10580000000.0,1943000000.0
sh600234,600234,sh,科新发展,21.09,-1.68,0.75,0.93,-271.27,12.3,-6.18,-0.61,12.66,-19.26,64.12,41690000.0,5537000000.0,5537000000.0
sz301111,301111,sz,粤万年青,21.07,-3.04,3.32,0.5,-774.34,4.56,2.58,5.93,13.89,-22.42,11.01,112320000.0,3371000000.0,3371000000.0
sz000887,000887,sz,中鼎股份,21.07,-5.98,4.58,0.71,18.38,1.92,0.57,9.34,26.55,0.24,-8.63,1290950000.0,27738000000.0,27694000000.0
sh688179,688179,sh,阿拉丁,21.06,0.81,4.33,0.64,53.88,5.65,-11.81,0.0,15.21,2.83,70.53,327850000.0,7623999999.999999,7623999999.999999
sz002580,002580,sz,圣阳股份,21.05,9.98,12.83,0.85,51.32,3.99,-4.19,0.29,24.78,-13.16,69.76,1205840000.0,9554000000.0,9522000000.0
sh603051,603051,sh,鹿山新材,21.05,-0.57,2.5,1.05,-76.85,1.97,-3.44,-3.93,15.85,-2.41,-0.66,84460000.0,3428000000.0,3402000000.0000005
sz002853,002853,sz,皮阿诺,21.02,2.54,5.89,5.48,-83.83,4.32,-0.1,-1.55,5.15,-13.25,0.29,165420000.0,3845000000.0000005,2705000000.0
sz300644,300644,sz,南京聚隆,21.0,-1.32,1.84,1.11,23.27,2.17,-4.11,-4.07,6.49,-14.5,-42.72,34070000.0,2324000000.0,1852000000.0
sz300204,300204,sz,舒泰神,21.0,-5.32,4.63,0.63,-135.56,5.58,-15.73,-13.01,-10.49,-18.54,-23.13,449960000.0,11368000000.0,9527000000.0
sz001388,001388,sz,信通电子,20.95,-1.74,3.11,0.69,48.51,3.42,-10.24,-17.16,-4.95,-6.18,-26.94,81310000.0,4897000000.0,2621000000.0
sh600690,600690,sh,海尔智家,20.94,0.38,0.67,0.98,10.49,1.68,1.57,-2.04,-0.27,4.67,-16.96,878140000.0,196368000000.0,130938000000.00002
bj920026,920026,bj,卓兆点胶,20.93,0.58,4.25,1.23,56.89,3.8,12.59,14.81,26.54,-3.29,-16.76,76130000.0,2405000000.0,1813000000.0
sz301279,301279,sz,金道科技,20.92,2.6,1.65,1.08,54.16,2.62,-3.68,0.14,25.87,-8.92,-20.89,44280000.0,3526000000.0,2730000000.0
bj920185,920185,bj,贝特瑞,20.92,2.55,0.52,1.79,27.71,1.9,0.05,-3.46,4.29,-20.01,-34.75,121720000.0,23811000000.0,23419000000.0
sz300766,300766,sz,每日互动,20.9,-3.33,3.83,0.68,-238.8,5.27,-13.17,-14.59,-0.57,-16.1,-36.22,288040000.0,8250000000.0,7481000000.0
sh688511,688511,sh,天微电子,20.9,-5.43,1.18,0.96,118.07,3.4,-9.95,-8.17,-2.29,-14.27,-4.3,33120000.0,2794000000.0,2794000000.0
sz002730,002730,sz,电光科技,20.87,-1.79,1.47,0.61,110.64,4.68,-8.98,-7.29,-4.35,-30.5,39.69,106060000.0,7556999999.999999,7222000000.0
sh688129,688129,sh,东来技术,20.87,-0.43,0.67,0.85,24.61,2.51,-3.29,-3.2,9.1,-26.6,4.48,16710000.0,2514000000.0,2514000000.0
bj920189,920189,bj,康美特,20.87,0.53,5.34,0.68,29.73,3.78,-4.66,-5.01,-10.62,156.39,156.39,93270000.0,2951000000.0,1771000000.0
sz301106,301106,sz,骏成科技,20.86,-10.66,9.43,1.03,40.16,2.36,18.19,22.27,35.1,-19.28,-0.73,285020000.0,2982000000.0,2982000000.0
sz002787,002787,sz,华源控股,20.86,-4.97,5.54,0.85,49.51,3.8,-11.61,-2.25,-4.18,-16.06,67.55,286810000.0,6934000000.0,5175000000.0
sz001231,001231,sz,农心科技,20.86,-1.28,2.06,0.61,30.77,2.03,1.02,2.91,19.4,-3.6,-16.36,21860000.0,2079000000.0,1063000000.0000001
sz301246,301246,sz,宏源药业,20.84,-1.28,4.34,0.94,32.75,1.82,-4.36,-1.09,7.26,-35.74,-16.47,154790000.0,8336000000.0,3544000000.0
sz002491,002491,sz,通鼎互联,20.81,-1.84,25.38,1.27,118.64,9.58,2.51,19.8,25.59,-13.04,246.83,6300790000.0,25596000000.0,24482000000.0
sz001333,001333,sz,光华股份,20.81,-3.3,4.02,1.26,24.76,1.54,4.68,5.96,18.24,-5.06,-1.56,107310000.0,2664000000.0,2664000000.0
sz300153,300153,sz,科泰电源,20.79,-3.35,2.9,0.62,80.61,7.03,-13.59,-4.46,3.64,-22.89,-28.31,192130000.0,6653000000.0,6618000000.000001
sz300889,300889,sz,爱克股份,20.78,-2.03,1.93,0.82,-57.42,3.23,-5.16,-6.86,17.0,-9.26,0.39,58630000.0,4576000000.0,3042000000.0
sh605303,605303,sh,园林股份,20.77,0.87,1.77,1.19,-20.21,3.96,-6.1,-2.67,5.22,-15.26,20.06,58450000.0,3349000000.0,3349000000.0
sz300722,300722,sz,新余国科,20.76,-0.57,0.56,0.63,70.12,9.19,-6.11,-7.98,-1.52,-11.88,-41.26,32270000.0,5745000000.0,5745000000.0
sh603988,603988,sh,中电电机,20.76,-0.14,4.81,1.02,12999.46,7.44,-1.0,-11.7,15.08,-3.08,-14.41,234270000.0,4883000000.0,4883000000.0
bj920080,920080,bj,奥美森,20.75,-2.4,0.67,0.47,21.31,3.08,-3.13,-5.03,3.08,-6.78,-23.38,3240000.0,1722000000.0,476999999.99999994
sz002134,002134,sz,天津普林,20.74,-2.45,2.46,0.97,324.29,10.03,-8.47,-7.9,1.17,-29.34,-22.58,125840000.0,5140000000.0,5136000000.0
bj920790,920790,bj,联迪信息,20.72,-0.14,3.11,0.75,-179.09,5.51,-10.3,-12.98,-3.63,12.0,-37.02,35210000.0,1636000000.0,1126000000.0
bj920107,920107,bj,恒兴股份,20.7,-2.59,15.24,0.34,15.42,1.68,-31.11,29.21,29.21,29.21,29.21,59620000.0,1736000000.0,391000000.0
sh688251,688251,sh,井松智能,20.68,-3.5,2.0,1.74,140.09,2.48,-7.18,-4.52,9.19,-18.42,-29.54,41490000.0,2080000000.0,2066000000.0
sh603193,603193,sh,润本股份,20.68,-1.34,5.38,1.42,23.77,3.57,-1.62,-2.08,5.67,-6.47,-13.73,117690000.0,8367000000.0,2137000000.0
bj920060,920060,bj,万源通,20.66,-3.32,1.35,0.84,27.38,3.09,-9.03,-9.7,-0.91,-29.73,-36.2,26760000.0,3141000000.0,1959000000.0
bj920207,920207,bj,众诚科技,20.65,1.13,2.45,0.56,83.44,6.54,-9.11,-12.39,-1.38,-13.96,-7.19,28240000.0,1904000000.0,1163000000.0
sz301302,301302,sz,华如科技,20.64,-4.71,3.32,1.33,-14.97,2.26,-13.28,-15.62,-3.55,-20.03,-9.75,95630000.0,3217000000.0,2869000000.0
sz000776,000776,sz,广发证券,20.64,0.39,0.85,1.03,10.32,1.21,-2.69,-1.34,-3.55,12.23,-4.09,1035820000.0,161505000000.0,121859999999.99998
sh688533,688533,sh,上声电子,20.64,-1.01,0.45,0.86,18.96,1.98,-4.62,-5.8,1.47,-15.86,-28.56,15410000.0,3404999999.9999995,3404999999.9999995
sh605177,605177,sh,东亚药业,20.64,-0.43,7.21,1.34,-21.39,1.43,10.43,18.62,38.99,-13.17,15.96,165510000.0,2368000000.0,2346000000.0
sz301376,301376,sz,致欧科技,20.62,1.23,1.09,0.96,27.65,2.47,-1.39,-0.87,9.91,18.36,15.38,43250000.0,8298999999.999999,3993000000.0
sh603776,603776,sh,永安行,20.62,1.58,0.69,0.71,-27.82,1.69,-5.11,-5.24,10.33,7.12,15.32,39400000.0,5789000000.0,5789000000.0
sh605088,605088,sh,冠盛股份,20.6,-1.9,1.52,0.91,16.12,1.47,-3.87,-4.28,4.78,-39.25,-41.16,63220000.0,4176000000.0,4145000000.0000005
sz301077,301077,sz,星华新材,20.58,-2.23,1.91,0.42,27.37,3.05,-10.68,-1.11,9.94,-24.14,-19.55,37530000.0,3504000000.0,1967000000.0000002
sh688739,688739,sh,成大生物,20.56,-0.58,0.71,0.72,148.48,0.92,-0.53,-0.48,4.74,-3.84,-19.88,61140000.0,8562000000.0,8562000000.0
bj920118,920118,bj,太湖远大,20.56,3.37,2.87,1.11,18.7,1.78,0.64,1.93,21.01,6.2,-7.43,18430000.0,1063000000.0000001,644000000.0
sz301348,301348,sz,蓝箭电子,20.55,-1.44,3.16,0.48,-129.39,3.36,-8.14,-0.44,10.6,-19.91,1.78,124860000.0,4932000000.0,3976000000.0
sh603216,603216,sh,梦天家居,20.55,-2.42,1.38,0.65,71.58,2.59,-1.58,-3.79,6.48,-15.43,-56.09,63440000.0,4576000000.0,4576000000.0
sh603665,603665,sh,康隆达,20.53,-1.86,1.53,1.19,-177.3,5.34,-6.43,-10.47,-2.79,-23.51,-35.36,51080000.0,3288000000.0000005,3288000000.0000005
sz300948,300948,sz,冠中生态,20.51,0.15,2.61,0.93,-71.27,3.39,-9.65,-3.71,18.83,-25.85,-5.44,81570000.0,3371000000.0,3182000000.0
sz002880,002880,sz,卫光生物,20.5,-2.94,1.66,1.5,25.4,1.93,-1.35,-2.15,7.22,-18.72,-18.97,78400000.0,4649000000.0,4649000000.0
sh688557,688557,sh,兰剑智能,20.5,-3.48,1.54,0.85,27.15,2.49,-7.07,1.84,12.95,-3.96,-17.95,47390000.0,3041000000.0,3041000000.0
sz002886,002886,sz,沃特股份,20.48,-3.58,12.16,2.34,73.42,2.91,-1.54,4.12,13.46,-28.47,-5.38,522420000.0,5390000000.0,4282000000.0
sz002773,002773,sz,康弘药业,20.48,-2.98,1.13,0.72,17.63,2.11,-8.2,-10.41,-5.49,0.89,-30.03,159000000.0,18869000000.0,14065000000.0
sz300363,300363,sz,博腾股份,20.46,-6.53,9.05,1.08,-71.77,2.24,-6.58,-5.5,24.68,38.81,-11.62,944840000.0,11119000000.0,10207000000.0
sz300775,300775,sz,三角防务,20.45,-1.92,1.51,0.74,41.36,1.92,-7.13,-7.72,0.84,-16.33,-32.51,164140000.0,11197000000.0,10872000000.0
sz002977,002977,sz,*ST天箭,20.45,-3.95,1.33,0.86,-10.3,2.89,-3.81,-7.05,-12.68,-26.65,-42.08,18360000.0,2456000000.0,1363000000.0
sz001367,001367,sz,海森药业,20.44,-6.24,8.42,2.74,22.11,2.01,4.61,6.9,16.8,-1.26,-6.38,207040000.0,3114000000.0,2486000000.0
sz301318,301318,sz,维海德,20.43,-1.07,1.3,1.29,74.56,1.51,-2.48,-2.16,7.81,-6.08,-24.92,24810000.0,2764000000.0,1904000000.0
bj920166,920166,bj,海圣医疗,20.43,-3.36,1.14,0.42,17.87,2.47,-5.46,-7.39,7.81,-13.62,61.63,5580000.0,1538000000.0,486000000.00000006
sz300898,300898,sz,熊猫乳品,20.42,-1.4,2.81,0.84,22.75,2.62,-6.54,-4.4,12.44,-5.51,-22.45,65870000.0,2532000000.0,2343000000.0
sh688021,688021,sh,奥福科技,20.4,-4.98,3.02,1.74,44.24,1.77,-5.12,-3.04,15.38,-15.88,11.78,47410000.0,1559000000.0,1559000000.0
sz300690,300690,sz,双一科技,20.39,-1.12,1.53,0.75,22.38,2.17,-4.94,-5.99,0.3,-18.45,-37.77,34870000.0,3371000000.0,2275000000.0
sz300813,300813,sz,泰林生物,20.37,-3.6,5.5,0.97,138.72,3.06,-1.55,-1.83,12.23,-4.9,-16.99,85760000.0,2469000000.0,1549000000.0
bj920160,920160,bj,北矿检测,20.37,0.84,1.06,0.66,27.43,4.34,2.21,1.75,6.04,-2.11,-20.34,5470000.0,2308000000.0,519000000.00000006
sz300554,300554,sz,三超新材,20.34,-1.26,3.34,0.91,-14.83,4.69,-6.65,-3.05,8.25,-25.36,-12.29,53700000.0,2323000000.0,1609000000.0
sh603948,603948,sh,建业股份,20.32,-1.12,0.46,0.85,14.15,1.61,-2.87,-4.91,5.34,-16.76,-22.74,15130000.0,3302000000.0000005,3302000000.0000005
sz301255,301255,sz,通力科技,20.31,-0.25,0.7,0.87,77.83,2.95,-4.11,-2.82,8.9,-18.37,-30.28,18750000.0,3094000000.0,2715000000.0
sz003011,003011,sz,海象新材,20.31,-1.65,2.97,0.88,24.22,1.54,-3.7,2.58,19.05,-3.16,-6.59,46220000.0,2085000000.0000002,1561000000.0
sh600667,600667,sh,太极实业,20.3,-5.32,9.89,0.74,92.44,4.93,-14.92,5.35,13.28,58.66,156.8,4213790000.0,42458000000.0,42458000000.0
sz301027,301027,sz,华蓝集团,20.28,1.55,5.68,1.27,-87.15,3.32,-2.83,-3.2,5.63,-3.24,10.16,140060000.0,2981000000.0,2458000000.0
sz002813,002813,sz,路畅科技,20.28,-0.39,1.05,0.94,-35.14,12.0,-2.73,-3.06,7.36,-8.57,-30.14,25520000.0,2434000000.0,2431000000.0
sh603076,603076,sh,乐惠国际,20.28,-0.78,1.15,0.62,95.18,1.93,-5.1,-2.22,8.16,-22.45,-12.74,28030000.0,2448000000.0,2448000000.0
sz003022,003022,sz,联泓新科,20.25,0.7,0.65,0.8,47.29,3.47,-2.83,-1.65,6.92,-18.31,2.58,174780000.0,27045000000.0,27022000000.000004
sh603533,603533,sh,掌阅科技,20.23,-3.44,2.74,0.89,-65.33,3.87,-7.96,-11.35,5.92,-15.85,-8.54,244890000.0,8879000000.0,8879000000.0
bj920136,920136,bj,永励精密,20.23,-0.74,3.8,0.5,15.33,1.42,-2.27,-6.34,-2.27,4.93,4.93,16100000.0,1618000000.0,425000000.0
sh603032,603032,sh,德新科技,20.22,10.01,3.7,1.66,64.09,3.97,2.95,4.28,17.29,-20.2,5.77,171620000.0,4716000000.0,4709000000.0
sh688329,688329,sh,艾隆科技,20.21,-3.53,2.16,1.28,162.25,2.12,-3.81,1.1,22.93,-13.71,-3.95,33770000.0,1560000000.0,1560000000.0
sh601579,601579,sh,会稽山,20.21,8.31,7.38,1.36,34.68,2.58,8.89,28.97,42.83,20.3,1.15,693800000.0,9690000000.0,9690000000.0
sz301020,301020,sz,密封科技,20.2,-0.98,0.93,0.83,32.25,3.01,-5.39,-3.16,12.35,-21.74,-7.85,27470000.0,2957000000.0,2957000000.0
sz300100,300100,sz,双林股份,20.19,-2.84,1.21,0.82,27.29,3.56,-14.16,-12.33,-10.07,-33.82,-48.91,137730000.0,11690000000.0,11258000000.0
sh600312,600312,sh,平高电气,20.18,2.28,1.92,1.21,21.53,2.31,0.55,-0.54,5.65,-4.3,17.28,522730000.0,27383000000.0,27383000000.0
sh688793,688793,sh,倍轻松,20.15,-6.32,4.46,1.12,-16.0,8.93,-3.54,2.54,20.51,10.35,-7.57,76390000.0,1713000000.0,1713000000.0
sh688518,688518,sh,联赢激光,20.12,1.56,3.87,1.3,41.3,2.11,-3.5,0.8,11.16,-26.86,-16.65,264840000.0,6867000000.0,6867000000.0
sh600418,600418,sh,江淮汽车,20.12,-3.45,3.46,1.11,-27.02,3.65,-10.86,-15.43,-1.52,-45.65,-59.35,1596870000.0,45354000000.0,45354000000.0
sh600332,600332,sh,白云山,20.11,-3.83,1.22,1.7,12.76,0.84,-5.23,-6.86,-7.63,-4.56,-20.48,343780000.0,32695000000.0,28272000000.000004
sz301276,301276,sz,嘉曼服饰,20.1,-0.54,2.43,0.56,23.42,1.24,-10.9,-4.24,12.79,-21.79,-31.82,35070000.0,2605000000.0,1453000000.0
sz300696,300696,sz,爱乐达,20.1,-0.64,1.45,0.68,110.21,3.11,-9.3,-5.05,1.36,-34.72,-36.88,77270000.0,5914000000.0,5369000000.0
bj920046,920046,bj,亿能电力,20.1,0.15,3.88,0.67,132.45,8.12,-7.16,-11.38,-7.92,-34.91,50.34,43620000.0,2032999999.9999998,1124000000.0
sz301386,301386,sz,未来电器,20.07,-0.79,2.21,0.82,30.62,1.93,-4.06,-1.38,6.76,-11.9,-12.74,19970000.0,2810000000.0,902999999.9999999
sh600426,600426,sh,华鲁恒升,20.07,-3.37,1.6,1.2,13.46,1.58,-4.06,-7.3,-5.51,-10.59,-16.32,885920000.0,55191000000.0,55184000000.0
sz300740,300740,sz,水羊股份,20.06,-4.79,7.97,1.01,62.51,4.04,-9.23,-9.76,3.4,-17.11,-15.5,670450000.0,8824000000.0,8204000000.000001
sz300849,300849,sz,锦盛新材,20.05,-3.0,2.98,0.81,-53.74,5.58,-4.89,-8.86,11.08,-5.11,28.28,66030000.0,3007000000.0,2211000000.0
sz001378,001378,sz,德冠新材,20.05,-0.3,4.27,0.78,32.69,1.85,-6.4,-1.81,23.92,1.52,12.69,71910000.0,3475000000.0,1691000000.0
sz300885,300885,sz,海昌新材,20.0,0.55,2.71,1.25,72.52,5.55,-5.88,-4.49,3.36,-26.47,-40.65,88620000.0,4963000000.0,3340000000.0
sz300552,300552,sz,万集科技,20.0,-1.09,4.18,1.02,-27.34,2.46,-8.88,-10.03,4.06,-28.42,-34.12,115700000.0,4263000000.0000005,2702000000.0
sz300915,300915,sz,海融科技,19.97,-1.38,1.24,0.62,-358.56,1.69,-5.76,-4.72,10.21,-15.28,-14.48,14370000.0,2513000000.0,1149000000.0
sh688177,688177,sh,百奥泰,19.97,-3.57,0.84,0.53,-21.18,36.9,-8.39,2.78,16.58,4.12,-13.7,69750000.0,8269000000.0,8269000000.0
bj920509,920509,bj,同惠电子,19.94,-0.3,1.51,0.55,44.34,9.02,-4.32,-3.11,6.63,-36.5,-46.53,25230000.0,3196000000.0,1675000000.0
sz301565,301565,sz,中仑新材,19.93,1.22,3.91,1.24,99.93,3.26,-0.55,0.91,5.84,-31.32,-17.44,99850000.0,7972000000.0,2551000000.0
sh688351,688351,sh,微电生理,19.93,-1.34,0.69,0.83,150.55,5.22,-3.35,-3.91,1.63,-19.18,-13.83,64190000.0,9379000000.0,9379000000.0
sh600980,600980,sh,北矿科技,19.93,-0.45,1.54,0.82,27.81,2.51,1.42,1.01,14.94,-3.63,-12.74,57990000.0,3852000000.0000005,3772000000.0
sz300716,300716,sz,*ST泉为,19.9,4.57,4.54,2.96,-14.49,-17.84,15.83,9.76,20.68,38.19,66.25,145820000.0,3184000000.0,3184000000.0
sz300580,300580,sz,贝斯特,19.9,-0.7,1.41,0.59,36.25,2.99,-10.04,-4.92,-3.02,-15.75,-23.9,133150000.0,9996000000.0,9405000000.0
bj920169,920169,bj,七丰精工,19.9,-4.6,8.19,0.77,57.89,4.77,9.04,4.19,12.68,-16.91,-36.52,84130000.0,1607999999.9999998,1011999999.9999999
bj920086,920086,bj,科马材料,19.9,-2.26,2.01,0.96,17.95,1.93,-4.05,-7.78,-1.97,-29.63,78.32,11050000.0,1664999999.9999998,545000000.0
sh605089,605089,sh,味知香,19.89,-0.55,0.48,0.7,38.14,2.25,-3.96,-1.68,12.06,-10.12,-20.76,13250000.0,2745000000.0,2745000000.0
bj920403,920403,bj,康农种业,19.89,3.0,11.54,0.86,25.78,4.0,4.68,3.76,18.18,10.16,-3.15,152060000.0,2174000000.0,1293000000.0
sz301356,301356,sz,天振股份,19.87,-0.55,1.36,0.94,44.97,1.46,-0.95,1.02,15.52,-19.31,-5.4,34290000.0,4292000000.0,2517000000.0
sz301107,301107,sz,瑜欣电子,19.87,-1.19,1.59,0.54,56.35,2.98,-4.38,-0.05,13.03,4.47,-0.44,25640000.0,2825000000.0,1613000000.0
sz301076,301076,sz,新瀚新材,19.86,-2.65,1.79,0.82,68.49,3.8,-12.82,-12.43,-3.4,-30.07,-47.54,54280000.0,4531000000.0,3030000000.0
sz301049,301049,sz,超越科技,19.86,-2.17,2.47,1.02,-14.4,3.55,-2.55,0.2,14.07,-6.54,-7.54,21010000.0,1872000000.0,851000000.0
sh605398,605398,sh,新炬网络,19.86,-2.74,0.61,0.57,234.09,3.12,-5.43,-5.34,5.47,-11.65,-30.32,19980000.0,3232000000.0,3232000000.0
sz002326,002326,sz,永太科技,19.85,-1.39,3.15,0.53,382.69,6.61,-5.07,1.95,2.11,-4.11,-20.35,510610000.0,18364000000.0,16113999999.999998
sz301192,301192,sz,泰祥股份,19.84,-0.5,2.56,1.13,36.5,3.09,-2.65,-1.1,14.22,-11.52,-32.84,24910000.0,2009000000.0,976000000.0
sz300680,300680,sz,隆盛科技,19.84,-3.17,2.67,0.73,24.34,2.91,-11.47,-10.27,-4.29,-26.12,-53.67,120580000.0,5835000000.0,4491000000.0
sh600671,600671,sh,天目药业,19.84,-3.27,1.54,0.72,147.82,32.73,-8.91,-8.57,-0.05,13.63,14.62,37400000.0,2416000000.0,2416000000.0
sh688398,688398,sh,赛特新材,19.83,-7.21,0.98,0.89,241.72,3.26,-9.78,-4.3,-4.02,-35.37,16.99,33430000.0,3328000000.0,3328000000.0
sh600882,600882,sh,妙可蓝多,19.83,-1.69,1.43,0.89,73.73,2.14,-4.94,-11.71,-6.99,3.39,-21.12,144040000.0,10083000000.0,10083000000.0
sz300244,300244,sz,迪安诊断,19.82,-4.02,7.57,1.08,46.55,1.91,-3.51,-6.24,20.56,14.45,27.81,758100000.0,12387000000.0,9939000000.0
sh688118,688118,sh,普元信息,19.81,-1.69,2.15,0.76,-222.53,2.31,-7.0,-5.67,8.37,-12.38,-21.45,39690000.0,1848999999.9999998,1848999999.9999998
sz300530,300530,sz,领湃科技,19.79,9.4,7.48,3.32,-26.77,46.8,0.76,-4.53,14.39,-6.43,-25.88,257990000.0,3403000000.0,3403000000.0
sh603906,603906,sh,龙蟠科技,19.78,0.66,3.99,0.94,231.21,3.23,-4.72,-2.51,4.32,-21.63,-1.15,449080000.0,15647999999.999998,11136000000.0
sz300880,300880,sz,迦南智能,19.77,1.59,2.29,1.74,50.82,3.7,-3.14,-2.47,10.88,-14.64,13.43,88740000.0,3858000000.0,3858000000.0
sz002597,002597,sz,金禾实业,19.76,-0.35,0.57,0.7,55.86,1.44,-1.25,-2.37,3.02,-5.54,-3.9,63550000.0,11230000000.0,11209000000.0
sh601882,601882,sh,海天精工,19.75,-1.74,0.93,0.46,23.36,3.55,-7.54,-0.65,7.4,-8.73,3.08,96560000.0,10309000000.0,10309000000.0
sz300523,300523,sz,辰安科技,19.74,-1.0,0.69,0.84,-21.17,4.74,-1.6,-1.3,8.22,-7.71,-17.51,31880000.0,4592000000.0,4592000000.0
sz301265,301265,sz,华新科技,19.73,0.0,1.82,0.56,73.29,2.85,-9.2,-4.82,4.12,-28.57,42.85,86820000.0,5978000000.0,4813000000.0
sz002287,002287,sz,奇正藏药,19.73,-0.65,0.4,0.72,17.07,2.21,-4.04,-5.28,-3.24,-4.43,-15.15,44230000.0,11288000000.0,11266000000.0
sz300808,300808,sz,久量股份,19.72,2.82,3.17,2.09,-51.55,3.4,0.15,4.84,15.25,-17.66,-34.42,74960000.0,3155000000.0,2345000000.0
sz300077,300077,sz,国民技术,19.72,1.6,10.31,1.61,-180.17,7.61,-4.09,2.87,11.54,-14.15,-2.47,1184200000.0,13372999999.999998,11250000000.0
sz000951,000951,sz,中国重汽,19.72,-6.85,1.4,1.9,12.74,1.44,-7.55,-9.5,-11.57,-6.0,20.33,329000000.0,23053000000.0,23053000000.0
sz000739,000739,sz,普洛药业,19.71,-4.87,2.49,0.84,26.86,3.48,-11.22,-15.23,-3.38,18.66,22.89,572040000.0,22833000000.0,22824000000.0
sz000026,000026,sz,飞亚达,19.71,-6.85,4.09,0.96,75.9,2.37,-14.34,3.36,19.45,-17.29,21.22,295080000.0,7998000000.0,7183000000.0
sh603225,603225,sh,新凤鸣,19.7,3.58,1.43,1.73,30.59,1.6,3.68,-1.15,6.37,17.4,2.28,468840000.0,33047000000.000004,32870000000.0
sh603192,603192,sh,汇得科技,19.7,-2.14,0.82,0.81,42.7,1.53,-7.47,-10.7,-4.23,0.97,-24.2,22650000.0,3292000000.0,2746000000.0
bj920689,920689,bj,克莱特,19.67,0.61,0.96,0.59,25.5,3.08,-2.14,-3.25,5.47,-17.18,-35.0,7090000.0,1444000000.0,746000000.0
sh605016,605016,sh,百龙创园,19.64,-1.6,0.99,0.77,20.23,4.1,-2.24,-10.07,-6.48,-19.95,-8.37,82430000.0,8248999999.999999,8248999999.999999
sh603080,603080,sh,新疆火炬,19.64,1.29,1.87,1.17,13.03,1.73,0.98,2.51,9.84,-11.69,-14.98,51500000.0,2779000000.0,2779000000.0
sz300286,300286,sz,安科瑞,19.61,-2.05,1.77,0.92,24.19,2.22,-7.28,-6.13,-0.71,-38.53,-13.73,71980000.0,4918000000.0,4074000000.0
sz000028,000028,sz,国药一致,19.59,0.62,0.44,0.69,11.14,0.64,-2.2,-4.21,-4.11,-6.33,-10.0,45630000.0,11993000000.0,10302000000.0
sz300735,300735,sz,光弘科技,19.58,-2.93,1.55,0.91,58.59,2.87,-7.6,-5.46,1.45,-12.39,-20.44,229490000.0,15841999999.999998,14830000000.000002
sh688393,688393,sh,安必平,19.58,-3.36,2.12,1.0,-48.48,1.56,-3.5,-3.31,15.93,-8.42,-17.0,38970000.0,1832000000.0,1832000000.0
sh600285,600285,sh,羚锐制药,19.58,0.2,1.26,0.49,14.23,3.44,0.46,-12.55,-12.32,-3.45,-0.15,138770000.0,11104000000.0,11092000000.0
bj920978,920978,bj,开特股份,19.56,-2.05,0.8,0.69,21.24,4.53,-1.81,-3.6,4.71,-13.03,-46.67,16010000.0,3521000000.0,1973999999.9999998
sz301551,301551,sz,无线传媒,19.55,-2.4,2.41,0.62,30.76,3.44,-7.39,-11.86,-1.26,-19.0,-36.78,73560000.0,7820000000.0,3022000000.0
sz002318,002318,sz,久立特材,19.55,1.4,0.96,1.4,12.61,2.35,0.62,-3.88,-4.17,-16.88,-30.06,179710000.0,19104000000.0,18651000000.0
sz002497,002497,sz,雅化集团,19.54,0.31,4.06,1.16,25.34,2.05,-0.2,2.36,10.21,-14.49,-20.86,848680000.0,22521000000.0,20704000000.0
sh688678,688678,sh,福立旺,19.54,0.72,3.73,0.84,90.91,3.41,-3.08,8.56,18.35,-11.42,13.6,290160000.0,7877000000.0,7877000000.0
sz002952,002952,sz,亚世光电,19.53,-1.46,1.54,0.93,211.79,3.68,-4.17,-2.5,6.66,-27.72,-0.31,39480000.0,3210000000.0,2571000000.0
sh688589,688589,sh,力合微,19.53,-1.86,5.25,1.51,189.12,2.96,0.21,6.6,17.23,-9.08,-13.77,150980000.0,2838000000.0,2838000000.0
sz002805,002805,sz,丰元股份,19.52,0.51,6.42,1.45,-17.17,5.85,-3.84,2.25,11.99,-9.42,10.1,354900000.0,5467000000.0,5442000000.0
sz002541,002541,sz,鸿路钢构,19.52,-3.27,1.47,0.68,20.97,1.39,0.1,-5.1,-1.36,5.97,20.78,143810000.0,13469000000.0,9685000000.0
sz002270,002270,sz,华明装备,19.52,1.35,1.15,0.76,24.94,5.6,-5.56,-3.84,-1.71,-12.35,-21.39,198740000.0,17494000000.0,17494000000.0
sz300415,300415,sz,伊之密,19.51,-1.46,1.26,1.23,13.36,2.76,-7.01,-8.02,-1.32,-9.72,-23.4,110870000.0,9142000000.0,8840000000.0
sz001319,001319,sz,铭科精技,19.5,-1.71,5.23,1.88,19.78,2.03,-2.5,-0.61,10.73,-13.33,-28.1,83660000.0,2757000000.0,1599000000.0
sh688636,688636,sh,智明达,19.49,-2.94,3.82,0.91,28.83,2.36,-8.24,-2.55,10.74,-45.47,-54.4,130160000.0,3389000000.0,3389000000.0
sz300537,300537,sz,广信材料,19.48,-0.81,4.02,0.71,353.61,4.47,-7.37,-3.66,7.74,-28.36,-10.77,117940000.0,4036000000.0,2956000000.0
sz002039,002039,sz,黔源电力,19.48,2.2,2.58,2.34,11.8,1.84,1.72,-2.5,0.41,-15.96,9.56,214620000.0,8329000000.000001,8329000000.000001
sh605116,605116,sh,奥锐特,19.48,-2.36,1.21,0.82,20.1,3.09,-5.39,-4.74,1.94,-0.06,-21.17,96590000.0,7912000000.0,7912000000.0
sh603626,603626,sh,科森科技,19.48,4.45,19.51,2.84,416.89,5.01,15.2,23.53,46.14,-18.83,-6.97,2085950000.0,10809000000.0,10809000000.0
sh688335,688335,sh,复洁科技,19.47,-2.41,1.21,0.82,-775.75,2.61,-6.8,-7.29,1.72,-31.64,-27.25,35080000.0,2882000000.0,2882000000.0
sz300662,300662,sz,科锐国际,19.45,-2.26,1.07,0.56,11.01,1.66,-5.72,-7.91,3.46,-6.49,-22.51,40960000.0,3828000000.0,3817000000.0
sz002667,002667,sz,*ST威领,19.45,1.25,19.82,3.28,-11.65,-96.17,39.13,21.94,105.82,4.46,48.59,908600000.0,5069000000.0,4602000000.0
sz002246,002246,sz,北化股份,19.45,-3.47,2.08,0.79,27.99,3.27,-7.78,-4.8,-3.28,-10.14,8.3,224010000.0,10679000000.0,10679000000.0
sz300780,300780,sz,德恩精工,19.43,-1.92,4.43,0.66,-64.53,2.85,-10.38,-5.59,-1.07,-27.8,0.78,91460000.0,2850000000.0,2089000000.0
sh603706,603706,sh,东方环宇,19.43,-0.36,0.6,0.93,15.49,2.2,0.52,0.47,6.23,-9.12,5.03,22180000.0,3679999999.9999995,3679999999.9999995
sh601137,601137,sh,博威合金,19.39,1.04,1.79,0.94,-113.52,1.82,1.09,10.17,14.33,-1.72,-9.09,317300000.0,17802000000.0,17802000000.0
bj920093,920093,bj,信胜科技,19.39,-16.39,49.24,0.0,10.62,2.26,35.12,35.12,35.12,35.12,35.12,246810000.0,2734000000.0,488999999.99999994
sz300443,300443,sz,金雷股份,19.36,-1.83,1.87,1.45,18.97,0.98,-6.34,-9.02,-8.64,-27.38,-30.93,87820000.0,6198000000.0,4700000000.0
sz003008,003008,sz,开普检测,19.36,-0.46,1.11,0.7,25.13,1.93,-0.1,1.63,16.28,0.05,-8.03,17260000.0,2013000000.0,1553000000.0
sh688252,688252,sh,天德钰,19.36,-3.68,1.22,0.73,36.13,3.22,-10.85,-1.95,14.92,-10.4,-8.05,96890000.0,7919000000.0,7919000000.0
sz002203,002203,sz,海亮股份,19.32,2.55,1.01,1.14,42.81,2.64,-2.33,-2.18,6.92,-5.23,54.1,423990000.0,44277000000.0,42739000000.0
sh605222,605222,sh,起帆电缆,19.31,-1.83,1.36,0.7,39.18,1.68,-6.94,-5.06,4.49,-36.06,5.35,108060000.0,7973000000.0,7973000000.0
sh600857,600857,sh,宁波中百,19.3,-7.39,3.23,0.92,92.82,4.95,-6.85,8.61,15.43,24.8,41.24,142510000.0,4329000000.0,4329000000.0
sz300546,300546,sz,雄帝科技,19.29,8.25,16.38,2.62,140.02,3.23,18.13,15.1,28.6,12.12,-26.22,417420000.0,3620000000.0000005,2603000000.0
sz002857,002857,sz,三晖电气,19.29,2.83,3.81,1.13,-35.89,5.59,0.57,16.0,31.58,-2.48,-6.99,95540000.0,2520000000.0,2480000000.0
sh688157,688157,sh,松井股份,19.28,1.53,1.15,1.01,380.23,2.7,0.36,-0.21,9.67,-16.9,-36.07,40990000.0,3619000000.0,3619000000.0
sz001296,001296,sz,长江材料,19.27,-1.03,1.8,0.72,27.37,1.58,-2.77,-4.32,14.91,-1.79,-26.09,28100000.0,2883000000.0,1561000000.0
sh603097,603097,sh,江苏华辰,19.27,-1.78,1.35,1.2,88.88,4.25,-4.6,-10.25,14.09,-5.31,-4.5,57950000.0,4431000000.0,4330000000.0
sh605033,605033,sh,美邦股份,19.25,1.85,2.83,0.53,40.92,2.19,0.52,-1.79,14.52,-2.28,-3.65,73420000.0,2603000000.0,2603000000.0
bj920961,920961,bj,创远信科,19.25,-2.43,2.08,0.75,-119.65,3.66,-2.28,-3.12,4.17,15.06,-32.05,42160000.0,2750000000.0,2030000000.0
sh688156,688156,sh,路德科技,19.24,-2.43,2.2,0.9,-40.28,2.51,-6.05,-8.99,-1.69,-24.04,20.17,42870000.0,1938000000.0,1938000000.0
sh603196,603196,sh,璞源材料,19.24,-1.89,0.6,0.7,207.28,3.97,-8.82,-10.93,-2.34,-20.1,-24.64,27270000.0,8056000000.0,4560000000.0
sh600645,600645,sh,中源协和,19.23,-3.99,2.69,0.41,81.77,2.42,-10.06,-3.61,4.17,-3.37,-23.69,244560000.0,8999000000.0,8995000000.0
sz301065,301065,sz,本立科技,19.21,0.16,1.57,0.85,25.8,1.5,-1.89,0.37,11.88,-6.47,-8.78,25770000.0,2037000000.0,1657999999.9999998
sz300790,300790,sz,宇瞳光学,19.2,-4.95,4.72,0.71,39.33,3.76,-9.13,9.71,14.29,-19.62,-10.0,416790000.0,9991000000.0,8773000000.0
sz300711,300711,sz,广哈通信,19.18,9.04,7.55,2.6,64.74,3.58,6.38,2.84,32.18,-2.44,-16.68,346380000.0,5379000000.0,4765000000.0
sh605151,605151,sh,西上海,19.18,-1.29,1.09,1.01,127.56,1.87,-1.18,3.51,18.84,-11.45,1.54,28140000.0,2581000000.0,2581000000.0
sh688369,688369,sh,致远互联,19.17,-2.49,2.95,0.92,-9.61,2.89,-9.1,-13.26,17.46,-9.75,-24.62,65180000.0,2209000000.0,2209000000.0
sh603701,603701,sh,德宏股份,19.17,-0.16,1.47,1.45,361.95,6.22,-3.67,-6.44,7.21,-23.87,-4.72,73520000.0,5010000000.0,5010000000.0
sh688221,688221,sh,前沿生物-U,19.16,-4.2,4.54,0.83,2072.92,6.48,-14.0,-9.24,-7.35,-4.2,6.15,332280000.0,7177000000.0,7177000000.0
sz002899,002899,sz,英派斯,19.14,-2.35,1.84,1.01,44.34,1.61,-4.3,-5.99,6.33,-29.42,-29.86,52080000.0,2829000000.0,2829000000.0
sh603955,603955,sh,大千生态,19.14,2.08,2.47,1.48,-18.86,1.82,-3.09,-7.27,2.79,-19.21,-34.02,64970000.0,2598000000.0,2598000000.0
sh600026,600026,sh,中远海能,19.14,-2.25,2.2,1.08,19.03,2.27,8.14,8.38,20.08,0.21,69.38,1638310000.0,104719000000.0,73268000000.0
sz301216,301216,sz,万凯新材,19.13,15.87,9.43,4.53,16.43,1.69,8.94,11.22,19.12,-22.58,14.48,951230000.0,11099000000.0,10418000000.0
sz002983,002983,sz,芯瑞达,19.12,-2.15,1.46,1.03,38.77,3.16,-5.95,-3.73,6.4,-21.71,-15.21,36260000.0,4254000000.0,2473000000.0
sz300633,300633,sz,开立医疗,19.11,-7.64,3.68,2.1,49.5,2.69,-7.01,-6.55,1.97,-5.49,-27.18,188390000.0,8119000000.0,4971000000.0
sz002829,002829,sz,星网宇达,19.11,-2.5,4.01,0.86,221.53,2.35,-10.07,-10.83,-5.35,-23.1,-39.18,115420000.0,3971000000.0,2879000000.0
sz300901,300901,sz,中胤时尚,19.1,5.18,2.6,0.83,484.77,4.72,6.05,19.0,46.92,26.07,16.96,115660000.0,4584000000.0,4584000000.0
sh603908,603908,sh,牧高笛,19.1,-0.31,1.24,1.04,-40.05,3.66,-0.31,1.0,16.32,-6.78,-18.2,21950000.0,1779000000.0,1779000000.0
sh600729,600729,sh,重百集团,19.1,0.37,1.32,0.81,11.72,1.06,-0.88,-3.87,0.37,-0.83,-23.75,48400000.0,8413000000.0,3676000000.0
sh600699,600699,sh,均胜电子,19.09,-1.7,1.25,0.8,21.18,1.72,-9.01,-9.87,-5.31,-26.7,-38.78,333200000.0,29604000000.000004,26643000000.0
sz301515,301515,sz,港通医疗,19.08,-2.25,2.07,1.04,-390.41,1.56,-2.6,-0.47,14.66,-11.09,-4.89,26790000.0,1907999999.9999998,1289000000.0
sh600754,600754,sh,锦江酒店,19.07,0.47,0.81,0.76,19.77,1.31,0.63,-4.41,2.31,-6.57,-22.98,139470000.0,20292000000.0,17278000000.0
sz300912,300912,sz,凯龙高科,19.06,-3.2,4.45,0.81,-23.97,4.9,-9.28,-10.89,-19.17,-28.56,15.52,72760000.0,2171000000.0,1639000000.0
sh688382,688382,sh,益方生物-U,19.06,-4.7,2.7,0.65,-33.02,7.83,-12.17,-6.71,-20.65,-2.26,-30.03,301950000.0,11047000000.0,11047000000.0
bj920526,920526,bj,凯华材料,19.06,-1.45,1.89,0.47,95.56,6.87,-7.74,-9.24,-0.47,-27.8,-18.62,18970000.0,1576000000.0,998000000.0
sh688695,688695,sh,中创股份,19.05,-1.85,1.88,0.9,-44.68,2.13,-3.3,-5.88,15.66,-13.29,-30.55,19150000.0,1620000000.0,1017000000.0
sh603075,603075,sh,热威股份,19.04,-1.09,3.46,0.59,23.51,3.75,-0.42,-1.86,0.85,-32.41,-9.93,28150000.0,7662000000.0,807000000.0
sz300712,300712,sz,永福股份,19.03,-7.76,2.74,3.31,-105.03,2.87,-11.69,-12.79,-8.33,-17.77,-27.59,98860000.0,3569000000.0,3554000000.0
sz002645,002645,sz,华宏科技,19.03,-2.16,4.41,0.72,36.78,3.41,-9.77,-5.32,7.27,-22.25,57.05,572200000.0,14332000000.0,12944000000.0
bj920396,920396,bj,常辅股份,19.03,-1.91,1.16,0.48,33.67,3.81,-8.51,-11.69,7.39,-21.23,-41.46,11040000.0,1374000000.0,946000000.0000001
sz300174,300174,sz,元力股份,19.02,-4.08,3.45,0.81,31.06,2.0,-10.07,-2.96,2.92,-29.43,24.3,238670000.0,6927000000.0,6903000000.0
sz000703,000703,sz,恒逸石化,19.02,-8.56,4.06,1.22,12.25,2.44,12.81,4.62,20.3,48.54,77.34,3006420000.0,72686000000.0,72321000000.0
sz003013,003013,sz,地铁设计,19.0,1.77,2.33,1.02,23.53,2.63,-3.16,3.54,9.01,32.5,37.09,175520000.0,8754000000.0,7647000000.0
sh601872,601872,sh,招商轮船,19.0,-3.94,1.71,1.04,19.4,3.56,6.2,4.51,19.5,21.72,117.64,2668520000.0,153416000000.0,153416000000.0
sh600089,600089,sh,特变电工,19.0,-5.24,2.8,2.29,18.04,1.35,-10.12,-11.5,-7.99,-23.97,-13.08,2695180000.0,96003000000.0,96003000000.0
sh600007,600007,sh,中国国贸,19.0,2.15,0.27,1.14,15.9,2.06,1.71,2.76,1.5,-6.73,1.33,52060000.0,19138000000.0,19138000000.0
bj920592,920592,bj,华信永道,19.0,-3.36,2.7,0.57,-39.97,4.62,-7.99,-11.63,-3.65,-32.65,-51.74,26060000.0,1535000000.0,955000000.0000001
sh603993,603993,sh,洛阳钼业,18.99,1.99,1.72,1.43,14.6,4.53,-0.73,-8.48,-1.91,2.59,-3.67,5725240000.0,406278000000.0,331581000000.0
sz002048,002048,sz,宁波华翔,18.96,-1.91,1.9,0.73,35.39,1.31,-6.6,-1.61,2.38,-27.27,-39.24,256360000.0,15399000000.0,13427000000.000002
sz001269,001269,sz,欧晶科技,18.96,-0.78,0.81,0.9,-12.71,5.41,-4.0,-3.85,8.65,-26.43,-21.26,29720000.0,3647999999.9999995,3647999999.9999995
sz301329,301329,sz,信音电子,18.94,-1.97,4.88,1.06,46.19,2.05,-5.72,-4.58,5.52,-27.13,-18.99,61160000.0,3224000000.0,1251000000.0
sh603589,603589,sh,口子窖,18.94,0.0,0.66,0.82,28.93,1.09,-2.77,-7.61,-1.1,-13.0,-35.91,75050000.0,11328000000.0,11328000000.0
sz300634,300634,sz,彩讯股份,18.93,-2.82,1.81,0.47,35.23,2.86,-11.13,-6.38,4.24,-25.04,-24.54,148670000.0,8541000000.0,8220999999.999999
sz300059,300059,sz,东方财富,18.92,0.05,1.38,1.01,20.53,3.04,-3.37,-5.54,-3.72,-1.25,-18.02,3509640000.0,299356000000.0,253384000000.0
sh688175,688175,sh,高凌信息,18.91,-2.37,0.98,0.69,-125.56,1.85,-5.07,-1.72,7.38,-31.06,-23.44,31090000.0,3179000000.0,3179000000.0
sz300812,300812,sz,易天股份,18.9,-2.78,3.03,0.73,-1245.18,4.77,-5.92,-3.23,5.12,-34.1,-7.32,101820000.0,3706000000.0,3363000000.0000005
sh603281,603281,sh,江瀚新材,18.88,-2.33,0.61,0.47,25.37,2.12,-13.43,-12.1,-0.89,-23.56,-2.0,59670000.0,9792000000.0,9792000000.0
sh601838,601838,sh,成都银行,18.88,1.23,0.55,1.09,5.96,0.91,4.71,4.31,3.68,6.79,24.22,437520000.0,80022000000.0,80022000000.0
sh688377,688377,sh,迪威尔,18.86,-7.14,1.38,1.75,43.69,2.34,-10.45,-7.91,-1.31,-30.94,-38.0,61710000.0,4405000000.0,4405000000.0
sh603978,603978,sh,深圳新星,18.86,-0.53,2.94,0.83,-62.49,2.4,-4.75,-5.27,2.39,-34.19,-33.22,117300000.0,3981000000.0,3981000000.0
sz301353,301353,sz,普莱得,18.85,-0.95,3.75,1.04,34.35,1.89,-3.58,-4.7,22.32,-5.11,-6.6,28940000.0,2394000000.0,770000000.0
sh603065,603065,sh,宿迁联盛,18.81,8.54,15.22,1.52,-516.33,4.12,14.28,5.97,20.96,157.32,132.37,1133970000.0,7881000000.0,7881000000.0
sz300440,300440,sz,运达科技,18.8,1.35,2.11,0.58,99.81,5.0,0.37,-2.99,16.41,8.48,53.29,171300000.0,8308000000.0,8276000000.000001
sh605338,605338,sh,巴比食品,18.8,0.11,1.16,0.85,16.32,2.06,-3.79,-6.61,4.44,-11.78,-37.58,52640000.0,4504000000.0,4504000000.0
bj920187,920187,bj,通领科技,18.8,-0.32,0.7,0.4,13.42,1.37,-2.74,-5.67,-3.84,-13.16,-6.39,4370000.0,1701000000.0000002,624000000.0
sh603933,603933,sh,睿能科技,18.78,-2.19,1.66,0.86,59.89,2.88,-10.14,-6.71,7.62,-21.72,-27.77,64730000.0,3897999999.9999995,3897999999.9999995
sz300505,300505,sz,川金诺,18.76,-2.65,6.63,0.46,12.19,1.81,-6.01,-4.04,11.01,-10.92,-14.69,270510000.0,5157000000.0,4078000000.0
sh600346,600346,sh,恒力石化,18.76,-0.58,0.52,0.82,11.76,1.84,7.45,2.29,14.81,11.01,-15.65,689800000.0,132054000000.0,132054000000.0
bj920008,920008,bj,成电光信,18.76,-0.48,0.56,0.34,59.71,3.73,-5.01,-7.36,1.79,-15.76,-37.42,3620000.0,1196000000.0,639000000.0
sh603132,603132,sh,金徽股份,18.75,-1.0,1.31,1.93,26.27,5.98,0.16,1.52,26.95,10.88,32.88,241690000.0,18338000000.0,18338000000.0
sz002912,002912,sz,中新赛克,18.74,-0.37,1.24,0.64,118.68,2.04,-4.68,-9.12,2.74,-12.35,-36.99,37640000.0,3200000000.0,3040000000.0
sz300572,300572,sz,安车检测,18.73,-1.73,1.92,0.78,-23.93,2.67,-9.25,-8.41,4.23,-37.48,-34.12,65160000.0,4289000000.0,3395000000.0000005
sh600529,600529,sh,山东药玻,18.72,-0.11,1.3,0.79,18.02,1.5,-2.3,-2.4,-2.5,-2.4,-5.22,161620000.0,12423000000.0,12423000000.0
sh688298,688298,sh,东方生物,18.71,-3.71,0.89,0.79,-6.83,0.64,-4.98,-5.12,2.35,-12.57,-20.15,34000000.0,3772000000.0,3772000000.0
sh600602,600602,sh,云赛智联,18.68,2.08,3.44,0.73,130.24,5.25,-7.3,3.78,5.61,1.32,0.18,672730000.0,25548000000.0,20068000000.0
sh601156,601156,sh,东航物流,18.67,0.59,1.12,0.96,10.89,1.55,-1.37,4.48,9.82,18.22,5.28,199770000.0,29639999999.999996,17636000000.0
sz300638,300638,sz,广和通,18.65,-1.22,1.55,0.65,70.2,2.76,-7.76,-8.71,-6.42,-11.68,-36.58,155100000.0,16771000000.0,9893000000.0
sz300353,300353,sz,东土科技,18.65,3.55,2.64,0.99,123.22,5.2,-2.92,-8.04,7.99,-8.58,-8.4,260630000.0,11468000000.0,10072000000.0
sz002557,002557,sz,洽洽食品,18.65,0.54,1.07,0.9,23.04,1.9,-2.3,-4.85,-1.89,-11.05,-9.64,100280000.0,9434000000.0,9405000000.0
sh601688,601688,sh,华泰证券,18.64,0.22,0.62,0.74,9.59,0.96,-1.74,-1.84,-6.24,4.84,-19.62,840050000.0,168261000000.0,136198000000.0
bj920522,920522,bj,纳科诺尔,18.64,-2.15,4.15,1.69,87.93,3.81,-8.98,-17.67,-0.32,-45.18,-57.21,146430000.0,4090999999.9999995,3393000000.0
sz002733,002733,sz,雄韬股份,18.62,0.81,2.7,0.93,89.58,2.67,-6.95,-2.97,0.65,-44.12,-4.67,184030000.0,7154000000.000001,6868000000.000001
sh603638,603638,sh,艾迪精密,18.62,-2.0,0.9,1.04,37.01,3.74,-7.09,-8.68,-2.56,-14.55,-1.12,148730000.0,16399000000.0,16399000000.0
sh600031,600031,sh,三一重工,18.61,-1.01,0.64,1.02,20.32,1.92,-0.48,-5.72,-4.07,4.79,-11.17,1015060000.0,171119000000.0,157708000000.0
sz300700,300700,sz,岱勒新材,18.58,-2.62,2.24,0.81,-46.6,9.56,-7.42,-0.27,24.28,-0.11,50.45,148130000.0,7377000000.0,6604000000.000001
sz300818,300818,sz,耐普矿机,18.57,-3.73,2.21,0.98,83.1,2.28,-8.57,-14.19,-4.96,-22.24,-36.1,58770000.0,4074000000.0,2639000000.0
sh603890,603890,sh,春秋电子,18.57,2.77,8.98,0.98,28.9,2.75,-11.95,0.16,-6.07,-24.54,16.57,748810000.0,8825000000.0,8825000000.0
sz002849,002849,sz,威星智能,18.53,0.98,3.21,0.65,78.15,2.99,1.81,12.3,35.65,13.19,16.83,128560000.0,4088000000.0000005,4054999999.9999995
sz001336,001336,sz,楚环科技,18.53,-1.01,2.54,1.24,42.8,2.39,-0.59,1.53,19.66,-10.08,-1.03,29940000.0,1936000000.0,1191000000.0
sz301127,301127,sz,武汉天源,18.52,-1.59,5.21,0.65,58.31,3.72,2.09,25.64,21.52,33.6,22.23,623030000.0,12484000000.0,12120000000.0
sz002577,002577,sz,雷柏科技,18.52,-1.85,1.31,0.51,-1019.36,4.43,-6.04,-1.12,4.75,3.58,3.99,69030000.0,5198000000.0,5198000000.0
sz002961,002961,sz,瑞达期货,18.51,-0.64,1.0,1.01,13.19,2.21,-2.99,-6.28,-0.43,-16.17,-31.04,88630000.0,8828000000.0,8828000000.0
sh603004,603004,sh,鼎龙科技,18.51,-6.98,6.97,1.81,38.14,2.08,-9.8,-13.59,4.16,-1.12,-20.46,76840000.0,4359000000.0,1090000000.0
sz001323,001323,sz,慕思股份,18.5,0.54,0.87,0.51,15.91,1.93,-4.05,7.87,20.13,-4.42,-25.9,49850000.0,8048999999.999999,5758000000.0
sz300409,300409,sz,道氏技术,18.47,0.49,2.49,0.78,25.5,1.79,-6.43,-3.15,8.58,-16.18,-16.97,320480000.0,14447999999.999998,12859000000.0
sz002963,002963,sz,豪尔赛,18.47,5.78,5.42,1.5,-22.75,2.39,-0.05,1.15,35.01,10.33,24.13,144730000.0,2777000000.0,2758000000.0
sz002803,002803,sz,吉宏股份,18.47,-0.32,2.77,0.79,26.73,3.05,-7.51,-5.48,2.1,-14.59,14.12,150220000.0,8458000000.0,5496000000.0
sz002379,002379,sz,宏桥控股,18.46,1.26,3.58,0.76,9.75,4.16,-6.01,-6.58,-5.38,-13.17,-22.01,748360000.0,240554000000.0,20977000000.0
sh688569,688569,sh,铁科轨道,18.45,0.0,0.96,0.56,20.14,1.3,5.91,6.16,14.95,-3.86,-14.98,37040000.0,3886999999.9999995,3886999999.9999995
sh688267,688267,sh,中触媒,18.45,-1.07,0.54,0.62,26.55,1.46,-3.1,-1.6,3.42,-27.66,-14.6,22590000.0,4209000000.0000005,4209000000.0000005
sz301091,301091,sz,深城交,18.44,1.15,1.15,1.01,89.11,4.01,-3.51,-9.03,20.84,0.28,-31.01,111340000.0,9723000000.0,9723000000.0
sz300761,300761,sz,立华股份,18.41,-1.92,1.91,1.31,43.64,1.7,0.0,-5.1,0.16,-8.45,-10.2,223960000.0,15581000000.0,11907000000.0
sz300685,300685,sz,艾德生物,18.41,-3.05,2.64,0.8,20.18,3.85,-2.85,-1.76,8.55,-9.8,-8.02,192360000.0,7181999999.999999,7172000000.0
sz002555,002555,sz,三七互娱,18.4,-1.02,1.57,0.79,12.62,3.09,-5.74,-7.91,-0.33,-3.11,-19.98,458430000.0,40705000000.0,29207000000.0
sh603262,603262,sh,技源集团,18.4,4.13,5.15,1.51,64.55,4.79,-1.5,-6.31,-6.27,-31.19,-35.22,97000000.0,7359999999.999999,1920000000.0
bj920547,920547,bj,无锡晶海,18.39,-2.7,0.81,0.48,22.43,2.0,-0.92,-1.87,8.18,-9.14,-21.58,5710000.0,1429000000.0,694000000.0
sz300130,300130,sz,新国都,18.37,0.66,2.42,1.02,24.87,2.4,-4.77,-5.79,3.26,-18.72,-33.03,193030000.0,10421000000.0,7976000000.000001
sz300428,300428,sz,立中集团,18.36,0.66,0.83,1.06,13.64,1.43,-2.86,-5.26,0.22,-10.57,-20.03,90760000.0,12587000000.0,10957000000.0
sz301263,301263,sz,泰恩康,18.35,-3.57,1.45,0.65,-1980.14,5.68,-9.34,-15.63,-5.51,-12.83,-23.91,97500000.0,9369000000.0,6684999999.999999
sz002759,002759,sz,ST天际,18.35,-0.65,5.42,0.94,25.53,2.62,-4.08,1.77,22.82,-34.23,-60.48,505150000.0,9200000000.0,9194000000.0
sz300846,300846,sz,首都在线,18.33,-5.56,6.21,0.78,-60.88,11.92,-15.69,-12.84,-2.91,-24.57,-19.71,476950000.0,9243000000.0,7629000000.000001
sz000997,000997,sz,新 大 陆,18.32,-0.54,1.72,1.01,18.92,2.55,2.4,-0.54,10.3,-10.34,-34.74,318740000.0,18560000000.0,18456000000.0
sh603382,603382,sh,海阳科技,18.31,-9.98,7.21,0.83,32.97,1.85,-11.59,-8.45,12.33,-14.36,-43.03,156830000.0,3319000000.0,2114999999.9999998
sz002202,002202,sz,金风科技,18.3,-4.64,4.0,0.61,24.83,1.99,-15.9,-15.59,1.94,-21.19,-9.41,2477700000.0,77295000000.0,61552000000.0
bj920662,920662,bj,方盛股份,18.3,-0.16,5.93,0.73,98.17,3.54,-6.15,-4.64,1.22,-6.58,-36.68,29680000.0,1602000000.0,494000000.00000006
sz300767,300767,sz,震安科技,18.29,-3.38,3.51,0.65,-45.07,3.33,-13.15,-1.24,13.74,-5.38,-12.07,154380000.0,5053000000.0,4388000000.0
sh601166,601166,sh,兴业银行,18.28,0.99,0.55,1.19,4.99,0.47,2.52,-0.33,-0.11,1.56,-8.57,2101790000.0,386857000000.0,386857000000.0
sh600389,600389,sh,江山股份,18.28,-1.4,1.44,0.54,14.06,1.9,-3.38,-11.78,-3.54,-25.24,-27.4,113570000.0,7872000000.0,7872000000.0
sz300399,300399,sz,天利科技,18.24,-2.51,7.61,2.37,2788.65,7.11,3.23,2.36,16.4,-9.34,-27.91,278340000.0,3604000000.0,3604000000.0
sh603269,603269,sh,海鸥股份,18.23,2.36,6.37,1.43,66.09,8.06,2.99,17.39,54.23,19.23,97.55,501150000.0,7873999999.999999,7873999999.999999
sh600397,600397,sh,江钨装备,18.23,0.5,11.97,1.12,-104.64,93.48,-2.36,1.9,23.68,30.77,139.87,2128540000.0,18047000000.0,18047000000.0
sh600315,600315,sh,上海家化,18.23,0.77,1.55,0.93,32.01,1.73,3.58,1.17,3.34,-1.41,-18.32,192080000.0,12255000000.0,12255000000.0
sz002402,002402,sz,和而泰,18.19,-4.01,3.73,0.97,30.57,2.32,-16.75,-15.67,-9.91,-33.1,-53.26,560020000.0,16796000000.0,14888000000.0
sh688288,688288,sh,鸿泉技术,18.19,-1.83,1.03,0.87,771.24,2.45,-1.89,-1.09,12.84,-13.13,-31.9,18680000.0,1816000000.0,1816000000.0
sz001360,001360,sz,南矿集团,18.18,-0.22,6.07,1.04,83.64,2.67,6.94,13.55,30.7,-10.54,-14.86,140210000.0,3709000000.0000005,2281000000.0
sh600872,600872,sh,中炬高新,18.18,-1.03,1.11,0.76,20.27,2.53,-3.66,-7.06,-2.26,-5.26,6.25,156210000.0,14077000000.000002,14016999999.999998
sz301051,301051,sz,信濠光电,18.17,-11.8,11.29,1.93,-20.62,2.65,-18.26,-12.31,34.39,2.25,29.79,475420000.0,5165000000.0,4103000000.0
sh600272,600272,sh,开开实业,18.15,10.0,31.86,1.09,207.2,6.03,-4.62,27.19,77.25,60.12,33.31,884510000.0,4767000000.0,2904000000.0
sz300840,300840,sz,酷特智能,18.13,-4.38,3.36,0.95,127.26,3.45,-9.71,-12.84,14.6,-20.13,-10.91,108830000.0,4351000000.0,3211000000.0
sz300632,300632,sz,光莆股份,18.13,-3.26,4.67,0.78,-175.8,3.25,-9.62,-3.1,5.84,-34.98,32.68,186150000.0,5533000000.0,4010000000.0
sh603220,603220,sh,中贝通信,18.13,-1.84,3.38,0.56,155.46,2.55,-12.16,-5.72,-2.0,-22.09,-14.6,327750000.0,9724000000.0,9724000000.0
bj920022,920022,bj,世昌股份,18.13,-2.84,1.41,1.21,16.47,2.67,-5.77,-8.34,-0.38,-21.45,-38.31,4240000.0,1094000000.0,301000000.0
bj920011,920011,bj,晨光电机,18.13,-2.53,3.09,0.42,16.57,1.77,-4.98,-7.12,-1.47,-26.03,16.97,10470000.0,1499000000.0,337000000.0
sz002265,002265,sz,建设工业,18.06,-1.26,0.74,0.54,80.15,4.88,-10.33,-12.12,-8.83,-11.36,-32.47,138140000.0,18657000000.0,18657000000.0
sh603248,603248,sh,锡华科技,18.06,-0.28,3.01,0.49,42.44,3.67,-4.75,-6.23,1.29,-30.67,-17.19,38860000.0,8308000000.0,1291000000.0
bj920533,920533,bj,骏创科技,18.06,1.01,2.13,0.84,56.13,6.17,-1.74,-1.04,9.72,-16.77,-42.9,28480000.0,2361000000.0,1321000000.0
sz002189,002189,sz,中光学,18.05,-0.82,0.56,0.63,-21.44,11.28,-6.04,-10.2,-9.75,-15.02,-21.83,26360000.0,4715000000.0,4714000000.0
sh688687,688687,sh,凯因科技,18.05,-0.72,3.24,1.22,309.74,1.81,-1.58,0.56,16.53,7.5,-26.83,101540000.0,3086000000.0,3086000000.0
sz301262,301262,sz,海看股份,18.04,-2.85,3.14,0.49,19.4,1.99,-10.25,-10.34,-2.01,-15.74,-25.82,69550000.0,7523000000.0,2202000000.0
sh688352,688352,sh,颀中科技,18.04,-2.59,6.18,0.74,-156.81,3.72,-9.94,1.92,27.13,-7.15,43.63,406550000.0,21460000000.0,6609999999.999999
sh603681,603681,sh,永冠新材,18.04,-0.82,1.54,0.69,31.14,1.44,-5.89,-0.5,2.44,-28.98,-4.45,66100000.0,4289000000.0,4289000000.0
sh600137,600137,sh,浪莎股份,18.04,-0.06,1.01,0.88,57.55,3.23,-0.06,0.33,14.76,-9.3,-5.2,17630000.0,1754000000.0,1754000000.0
sh603608,603608,sh,天创时尚,18.0,-2.86,2.88,0.72,213.87,6.44,-11.11,-5.26,-1.91,-4.36,74.76,220400000.0,7651000000.000001,7651000000.000001
sh600985,600985,sh,淮北矿业,17.99,-0.22,1.1,0.92,37.11,1.17,6.58,6.7,20.33,24.07,65.65,536370000.0,48452000000.0,48452000000.0
sz000623,000623,sz,吉林敖东,17.98,0.06,0.83,0.87,7.83,0.69,-0.99,-1.64,-0.28,6.04,-6.53,176850000.0,21502000000.0,21414000000.0
sh603409,603409,sh,汇通控股,17.98,0.39,2.88,0.78,21.11,2.23,0.06,0.17,9.43,-30.81,-27.46,27910000.0,3376000000.0,969000000.0
sz001260,001260,sz,坤泰股份,17.96,1.64,4.04,0.58,55.62,2.56,-17.99,3.64,19.65,-4.87,-9.77,82890000.0,2064999999.9999998,2064999999.9999998
sz300717,300717,sz,华信新材,17.95,-1.54,1.64,0.8,35.78,2.53,-4.88,-3.13,6.4,-2.66,-4.72,29920000.0,1845000000.0,1828000000.0
sz002245,002245,sz,蔚蓝锂芯,17.95,-1.91,3.54,0.74,34.55,3.86,-7.71,4.42,5.4,-13.2,50.08,1030260000.0,30698000000.0,28883000000.0
sz300643,300643,sz,万通智控,17.93,-0.83,1.39,0.74,25.87,3.28,-7.91,-6.66,-8.15,10.13,-6.72,57100000.0,4152000000.0000005,4143000000.0
sz300382,300382,sz,斯莱克,17.93,1.99,6.11,1.34,-122.39,5.11,9.8,25.82,24.43,12.41,15.23,707850000.0,11626000000.0,11625000000.0
sh688232,688232,sh,新点软件,17.91,-1.38,0.66,1.11,109.77,1.08,-4.58,-7.68,5.85,-9.13,-27.55,38030000.0,5767000000.0,5767000000.0
sh603613,603613,sh,国联股份,17.91,-1.81,0.94,0.78,9.73,1.38,-4.89,-8.72,-2.66,-23.79,-36.04,122070000.0,12905000000.000002,12905000000.000002
sz300445,300445,sz,康斯特,17.9,-2.19,1.23,0.95,32.78,2.94,-7.16,-7.11,1.94,-23.6,-31.05,30820000.0,3802000000.0000005,2516000000.0
sz300207,300207,sz,欣旺达,17.9,-0.61,2.06,1.09,42.13,1.35,-3.61,-4.74,-1.0,-21.15,-31.31,640520000.0,33070000000.0,30679000000.000004
sz002568,002568,sz,百润股份,17.9,-1.38,1.12,0.78,25.64,3.73,-5.74,-10.46,1.13,-7.93,-16.79,153690000.0,18645000000.0,13641999999.999998
sh688038,688038,sh,中科通达,17.87,-1.16,1.39,0.79,-194.99,3.51,-4.74,2.35,4.99,-3.87,1.13,28620000.0,2080000000.0,2080000000.0
sz301063,301063,sz,海锅股份,17.86,-0.94,1.1,0.96,50.08,1.19,-1.81,-0.72,12.97,-10.48,-26.38,18920000.0,1864000000.0,1726000000.0000002
sh600999,600999,sh,招商证券,17.86,0.22,0.48,0.85,11.67,1.29,-2.51,-1.92,-2.03,7.97,10.31,638010000.0,155320000000.0,132557000000.0
sz002767,002767,sz,先锋电子,17.85,-1.92,1.36,0.65,95.41,3.07,-2.03,0.79,13.41,2.65,-21.98,31850000.0,2677000000.0,2326000000.0
sh603727,603727,sh,博迈科,17.85,-4.19,1.36,1.43,-235.22,1.63,-2.62,-7.08,6.31,18.76,29.54,68280000.0,5029000000.0,5029000000.0
sh600079,600079,sh,ST人福,17.85,-0.22,0.36,0.62,15.31,1.56,-0.34,-1.49,5.37,4.88,1.25,99710000.0,29135000000.000004,27545999999.999996
sz300970,300970,sz,华绿生物,17.82,-7.09,24.39,1.19,13.46,1.74,-1.27,0.06,15.71,-16.95,15.21,548660000.0,2828000000.0,2183000000.0
sz000738,000738,sz,航发控制,17.82,-0.22,0.88,1.04,96.52,1.86,-4.76,-4.91,-2.09,-6.52,-16.07,206650000.0,23437000000.0,23437000000.0
bj920061,920061,bj,西磁科技,17.81,2.42,3.01,1.36,225.49,4.54,-1.77,-5.27,12.01,-18.93,-36.68,21220000.0,1261000000.0,701000000.0
sz300539,300539,sz,横河精密,17.8,-2.09,1.88,0.7,92.53,4.18,-8.76,-8.25,1.08,-26.14,-57.45,72860000.0,4772000000.0,3878000000.0
sh688522,688522,sh,纳睿雷达,17.8,-4.3,2.7,1.18,66.08,3.25,-9.78,-9.92,-3.37,-17.73,-37.52,83840000.0,7548000000.0,3065000000.0
sh600343,600343,sh,航天动力,17.8,-2.79,2.83,0.61,-60.22,8.92,-13.47,-14.01,-1.93,-31.93,-63.65,321990000.0,11360000000.0,11360000000.0
sh688334,688334,sh,西高院,17.76,-1.0,0.39,0.83,22.03,1.88,-1.99,-3.58,-0.28,-8.03,-7.28,21810000.0,5622000000.0,5544000000.0
bj920099,920099,bj,瑞华技术,17.76,-2.9,1.11,0.8,27.24,1.89,-4.16,-8.88,-8.83,-24.45,-34.81,11670000.0,1671000000.0,1047000000.0000001
sz301193,301193,sz,家联科技,17.72,-1.88,1.4,1.0,-28.58,3.09,-4.68,-3.17,12.29,-15.86,-17.85,46210000.0,4268000000.0,3264000000.0
sz301117,301117,sz,佳缘科技,17.72,0.0,0.0,0.0,-60.79,2.59,-10.82,-6.34,4.91,-32.37,-53.41,0.0,3204000000.0,2053000000.0
sz001311,001311,sz,多利科技,17.72,-0.34,2.64,0.77,29.13,1.49,-5.74,0.8,20.79,-12.71,-28.19,85050000.0,7153000000.0,3222999999.9999995
sz001308,001308,sz,康冠科技,17.72,-1.01,0.31,0.85,28.62,1.6,-3.22,-6.39,4.54,-20.72,-12.54,27110000.0,12476000000.0,8634000000.0
sh688207,688207,sh,格灵深瞳,17.72,-8.57,5.55,1.28,-22.77,1.86,-17.96,-8.75,6.75,14.4,16.58,255860000.0,4589000000.0,4589000000.0
sz301073,301073,sz,君亭酒店,17.69,-1.94,2.61,1.02,127.65,3.88,-2.7,-4.33,1.73,-22.95,-32.12,82370000.0,3440000000.0,3145000000.0
sz002833,002833,sz,弘亚数控,17.69,-2.8,1.51,1.42,17.11,2.71,-4.33,-5.9,8.39,-7.24,12.18,78460000.0,7590000000.000001,5184000000.0
sz300867,300867,sz,圣元环保,17.68,-2.75,5.04,0.86,16.19,1.2,7.61,5.49,12.61,-9.33,-6.79,170730000.0,4804000000.0,3388000000.0000005
bj920418,920418,bj,苏轴股份,17.68,-1.61,0.69,0.54,23.06,3.12,-6.95,-9.33,2.79,-19.89,-40.39,19390000.0,2873000000.0,2774000000.0
sz002173,002173,sz,创新医疗,17.67,-3.6,5.47,0.57,-102.16,4.72,-15.62,-19.39,-14.6,-7.68,-17.85,410370000.0,7797000000.0,7437000000.0
sz300319,300319,sz,麦捷科技,17.66,-3.44,10.86,0.63,49.29,3.17,-7.54,6.84,10.51,21.94,52.46,1629430000.0,15675000000.0,15033000000.000002
sh688737,688737,sh,中自科技,17.66,-1.56,1.01,1.11,-34.78,1.19,-4.85,-5.26,4.93,-31.97,-21.3,21190000.0,2112000000.0,2112000000.0
sz300560,300560,sz,中富通,17.65,-1.56,5.78,0.74,-53.5,4.56,-2.49,5.31,29.02,-1.89,9.22,188000000.0,4054999999.9999995,3300000000.0
sh603109,603109,sh,神驰机电,17.64,0.63,0.93,1.31,42.14,1.92,-0.45,1.55,9.91,-6.74,-30.94,34150000.0,3684000000.0000005,3684000000.0000005
sh601211,601211,sh,国泰海通,17.64,1.5,0.65,0.92,9.59,0.94,-2.22,-3.08,-6.91,17.37,-12.67,1530630000.0,310130000000.0,237242999999.99997
sh688303,688303,sh,大全能源,17.63,-2.16,0.35,0.73,-23.83,1.02,-5.27,-6.27,3.89,-9.45,-34.27,130770000.0,37595000000.0,37595000000.0
sh688108,688108,sh,赛诺医疗,17.63,-4.6,2.88,0.93,107.13,7.43,-8.22,-5.52,11.09,-20.94,-8.37,214440000.0,7368000000.000001,7368000000.000001
sz300854,300854,sz,中兰环保,17.62,-1.01,3.93,0.67,-28.97,2.74,-3.66,-1.95,22.36,-47.76,46.48,77970000.0,2464000000.0,2007999999.9999998
sz300102,300102,sz,乾照光电,17.62,-2.81,2.67,0.56,119.36,3.71,-13.24,-8.85,4.2,-27.13,-35.95,432720000.0,16216000000.0,16135000000.0
sz001324,001324,sz,长青科技,17.6,-4.92,2.54,0.85,83.8,2.11,-12.83,-10.57,-3.51,-3.61,-2.05,62320000.0,2429000000.0,2429000000.0
sh600990,600990,sh,四创电子,17.59,-2.11,0.91,0.74,-12.51,3.27,-5.43,-4.45,3.35,-7.81,-44.42,43140000.0,4732000000.0,4732000000.0
sh603050,603050,sh,科林电气,17.58,-5.13,1.43,1.02,33.33,3.71,-6.44,-4.4,-2.06,-29.6,-1.36,102880000.0,7090000000.000001,7090000000.000001
sh600803,600803,sh,新奥股份,17.58,0.4,0.23,0.99,12.48,2.56,0.46,0.17,2.09,-5.43,-11.21,124520000.0,54413000000.0,54001000000.0
sh600585,600585,sh,海螺水泥,17.57,0.92,0.61,1.41,11.93,0.49,1.15,-1.51,-1.01,-10.08,-17.32,429670000.0,92718000000.0,69884000000.0
sh688057,688057,sh,金达莱,17.56,-1.84,1.89,0.88,82.84,1.55,-5.89,-10.68,4.71,28.18,46.09,89780000.0,4847000000.0,4847000000.0
sh603579,603579,sh,荣泰健康,17.55,-2.66,1.15,1.07,19.87,1.28,-5.24,-4.62,0.75,-5.24,-24.71,40790000.0,3528000000.0,3528000000.0
sh600862,600862,sh,中航高科,17.51,0.75,0.69,0.85,26.4,3.2,-3.1,-6.06,-3.42,-0.5,-25.2,169090000.0,24392000000.0,24392000000.0
sz001209,001209,sz,洪兴股份,17.5,-2.02,2.06,0.83,100.55,1.78,1.86,1.63,15.44,-14.85,-15.63,34770000.0,2302000000.0,1682000000.0
sz301010,301010,sz,晶雪节能,17.49,0.11,1.54,1.41,252.47,2.28,-0.63,0.87,18.1,-11.4,-21.04,29120000.0,1889000000.0,1889000000.0
sz003020,003020,sz,立方制药,17.49,-3.64,5.23,0.63,24.6,2.23,-10.03,-5.2,1.92,6.0,-17.95,155250000.0,3992000000.0,2948000000.0
sz002389,002389,sz,航天彩虹,17.49,-0.96,0.95,0.71,108.4,2.14,-6.17,-9.61,-4.89,-11.4,-26.88,164530000.0,17226000000.0,17223000000.0
sh600552,600552,sh,凯盛科技,17.49,-3.26,4.74,0.63,124.46,3.87,-9.1,-2.07,6.71,-2.18,41.62,779270000.0,16521000000.0,16521000000.0
bj920599,920599,bj,同力股份,17.49,2.88,1.34,2.83,9.62,2.32,4.92,2.4,8.5,2.46,-12.72,81810000.0,8090000000.000001,6132000000.0
sz300971,300971,sz,博亚精工,17.47,-7.07,6.11,2.84,28.32,1.94,-9.62,-9.29,0.98,-17.05,-27.84,99060000.0,2054000000.0,1612000000.0
sz002545,002545,sz,东方铁塔,17.46,0.23,1.7,1.03,15.49,2.21,-2.62,-7.72,-5.21,-18.79,-3.8,338690000.0,21721000000.0,19733000000.0
sz002297,002297,sz,博云新材,17.46,-1.8,7.03,0.76,51.8,4.43,-12.39,-8.78,0.69,-15.28,45.86,697340000.0,10006000000.0,10006000000.0
sh600835,600835,sh,上海机电,17.44,-4.49,0.73,1.14,25.19,1.24,-9.21,-7.97,-2.08,-19.82,-41.57,103280000.0,17567000000.0,14065000000.0
sh600764,600764,sh,中国海防,17.43,0.17,0.42,0.62,107.57,1.51,-4.44,-6.79,-4.44,-14.77,-36.08,52440000.0,12386000000.0,12386000000.0
sh601919,601919,sh,中远海控,17.42,2.41,1.21,1.33,10.62,1.16,9.08,11.38,13.78,27.15,18.18,2633790000.0,265971000000.0,218735000000.0
sz300192,300192,sz,科德教育,17.39,8.96,12.28,2.37,72.71,8.02,19.85,32.34,64.99,44.75,15.22,960180000.0,8013000000.0,7920000000.0
sh688355,688355,sh,明志科技,17.39,0.29,0.99,1.13,30.84,2.06,-3.82,-3.17,12.41,-8.24,0.51,21200000.0,2156000000.0,2156000000.0
sh603172,603172,sh,万丰股份,17.37,-0.74,0.66,0.63,44.68,2.1,-2.69,-0.91,15.26,-11.65,-2.03,15160000.0,2317000000.0,2317000000.0
sh603365,603365,sh,水星家纺,17.36,-3.07,1.99,3.18,10.79,1.5,-0.52,-3.72,-3.18,-0.34,-13.43,92320000.0,4557000000.0,4533000000.0
sh603233,603233,sh,大参林,17.36,-1.7,0.53,1.0,15.37,2.77,-2.31,-4.77,-6.72,8.43,1.34,105940000.0,19771000000.0,19771000000.0
sz002888,002888,sz,惠威科技,17.35,-2.42,1.81,0.76,138.79,7.1,-2.31,-2.09,9.19,-4.54,-10.82,23620000.0,2562000000.0,1300000000.0
sh605580,605580,sh,恒盛能源,17.35,-2.47,1.21,0.9,29.95,4.91,-8.59,-6.27,4.33,-42.15,-22.06,58710000.0,4858000000.0,4858000000.0
sh600388,600388,sh,紫金龙净,17.35,-2.14,0.79,0.75,18.01,2.02,-1.76,-1.64,5.09,-6.82,8.91,174510000.0,22035000000.0,22035000000.0
sz301199,301199,sz,迈赫股份,17.34,-2.64,0.64,0.58,37.49,1.68,-6.97,-7.22,2.18,-10.29,-25.32,19950000.0,3236999999.9999995,3116000000.0
sz300119,300119,sz,瑞普生物,17.34,-3.24,2.0,0.86,20.54,1.74,-8.3,-5.66,9.89,7.43,-5.65,116220000.0,8059000000.0,5785000000.0
sz001298,001298,sz,好上好,17.34,-0.86,1.16,0.75,63.76,4.51,-3.99,-1.14,7.84,-18.78,-14.83,82080000.0,7500000000.0,7065000000.000001
sz002760,002760,sz,凤形股份,17.33,-1.03,2.21,0.86,90.52,2.23,-3.45,-3.45,10.66,-9.97,-20.18,41350000.0,1871000000.0,1871000000.0
sh605259,605259,sh,绿田机械,17.33,-1.81,0.47,0.78,15.45,1.63,-5.56,-6.22,0.46,-3.67,-21.51,14070000.0,2989000000.0,2989000000.0
sz300577,300577,sz,开润股份,17.32,-1.48,1.23,0.61,12.06,1.95,-5.3,-5.66,2.24,1.7,-17.96,30360000.0,4154000000.0,2462000000.0
sz000581,000581,sz,威孚高科,17.3,0.06,0.52,0.8,15.37,0.85,-0.8,-1.09,1.47,-6.89,-13.15,71980000.0,16725000000.0,13735000000.0
sh603100,603100,sh,川仪股份,17.3,-0.35,0.45,0.7,14.78,1.83,-1.98,-5.88,-1.14,-8.51,-23.08,40210000.0,8878000000.0,8850000000.0
sh600233,600233,sh,圆通速递,17.3,-0.69,0.89,1.16,10.45,1.59,-7.88,-8.42,-2.09,-6.49,6.99,532740000.0,59235000000.0,59235000000.0
sh603721,603721,sh,中广天择,17.28,-4.27,2.39,0.49,82.56,4.68,-13.08,-3.46,14.29,-30.74,-9.77,54080000.0,2246000000.0,2246000000.0
sh601001,601001,sh,晋控煤业,17.28,2.61,1.57,1.3,17.45,1.55,0.93,-4.0,4.92,-2.99,37.11,452460000.0,28922000000.000004,28922000000.000004
sh600184,600184,sh,光电股份,17.28,-1.87,1.56,0.71,196.5,2.96,-8.43,-4.32,0.35,-35.64,-9.18,157190000.0,10070000000.0,10070000000.0
sz002605,002605,sz,姚记科技,17.26,-1.26,0.97,0.65,15.46,1.96,-4.27,-6.95,2.19,-5.73,-24.3,56970000.0,7206999999.999999,5838000000.0
bj920821,920821,bj,则成电子,17.26,-1.71,1.52,0.6,429.76,4.57,-6.75,-9.96,-2.32,-17.21,-33.76,19230000.0,2388000000.0,1257000000.0
sz001390,001390,sz,古麒绒材,17.24,-0.92,0.98,0.93,19.94,2.06,-4.75,-4.33,-0.81,-1.88,-29.14,20030000.0,3447999999.9999995,2048000000.0
sh603936,603936,sh,博敏电子,17.21,-2.22,8.55,0.61,-351.81,2.53,-0.98,12.04,20.77,-28.2,35.62,917850000.0,11106000000.0,10849000000.0
sh600745,600745,sh,*ST闻泰,17.2,3.18,3.42,1.42,-2.28,0.95,-2.27,4.31,0.76,-16.79,-53.86,750370000.0,21911000000.0,21911000000.0
sh688317,688317,sh,之江生物,17.17,-2.99,1.61,0.57,-74.44,1.0,-7.54,-2.83,10.85,-22.66,-14.87,53180000.0,3260000000.0,3260000000.0
sh605333,605333,sh,沪光股份,17.16,-2.33,1.43,0.93,19.03,2.37,1.18,-0.87,6.52,-14.16,-42.09,116210000.0,7963000000.0,7963000000.0
sh603656,603656,sh,泰禾智能,17.16,-2.11,0.86,0.93,93.01,2.36,-3.05,-3.6,1.06,-3.87,-25.33,27210000.0,3139000000.0,3139000000.0
sz301429,301429,sz,森泰股份,17.15,-0.81,2.64,0.97,41.55,1.52,-1.04,1.42,12.75,-13.68,-8.29,19910000.0,2027000000.0,755000000.0
sz300257,300257,sz,开山股份,17.15,-1.15,1.18,0.99,47.93,2.61,-12.14,-10.58,-11.19,-42.02,22.94,192920000.0,17041000000.0,16372999999.999998
sz002967,002967,sz,广电计量,17.15,-0.46,0.68,0.88,24.43,2.22,-4.78,-2.89,4.7,-17.26,-21.39,70200000.0,10970000000.0,10356000000.0
sh600845,600845,sh,宝信软件,17.15,-1.15,0.44,0.59,37.72,4.42,-5.2,-6.39,-3.38,-14.89,-16.26,162130000.0,49013000000.0,36599000000.0
bj920273,920273,bj,一致魔芋,17.13,-2.89,2.09,0.44,31.72,2.8,-4.03,-2.11,13.07,-15.7,-46.45,25060000.0,1764999999.9999998,1175000000.0
sz001312,001312,sz,福恩股份,17.12,-1.33,2.69,0.67,17.73,1.7,-6.35,-5.15,-2.0,-18.9,-5.83,26370000.0,3995000000.0000005,978999999.9999999
sz300922,300922,sz,天秦装备,17.11,0.23,2.34,0.81,78.72,2.79,-6.14,-2.89,6.47,-23.79,-24.53,50350000.0,2752000000.0,2159000000.0
sh605599,605599,sh,菜百股份,17.1,1.42,2.8,2.65,10.98,2.99,7.82,0.18,12.87,12.28,9.69,375050000.0,13300000000.0,13300000000.0
sz000786,000786,sz,北新建材,17.09,0.65,1.89,1.23,12.37,1.06,-6.66,-7.07,-11.91,-23.07,-29.63,548580000.0,29091000000.000004,28874000000.0
sh603320,603320,sh,迪贝电气,17.09,3.33,4.08,4.03,34.04,2.18,0.23,2.09,10.4,-26.02,-9.53,104810000.0,2549000000.0,2549000000.0
sz301207,301207,sz,华兰疫苗,17.08,-4.31,2.27,1.06,54.75,1.95,-5.43,-6.31,1.36,-0.86,-4.25,239190000.0,10266000000.0,10259000000.0
sz002826,002826,sz,易明医药,17.07,-1.56,2.27,0.81,34.84,4.02,-4.32,-4.05,5.44,-3.34,-6.36,72340000.0,3254999999.9999995,3153000000.0
sz301399,301399,sz,英特科技,17.06,-1.61,2.66,0.6,271.34,2.43,-4.26,-1.67,16.21,-6.83,-12.11,24810000.0,3156000000.0,933000000.0
sh688246,688246,sh,嘉和美康,17.06,-2.01,1.47,0.68,-9.49,1.82,-8.23,-12.65,3.52,-25.83,-26.62,34600000.0,2347000000.0,2347000000.0
sz300322,300322,sz,硕贝德,17.05,-3.23,3.64,0.67,138.98,7.6,-12.2,-7.54,-1.45,-47.05,-37.52,272970000.0,7844000000.0,7509000000.0
sz300789,300789,sz,唐源电气,17.04,-2.01,1.56,0.58,73.94,2.35,-6.17,-8.68,1.01,-21.22,-25.49,37300000.0,2451000000.0,2378000000.0
sh600363,600363,sh,联创光电,17.04,-6.43,10.82,1.23,17.2,1.69,-19.43,-16.96,-34.41,-52.13,-72.98,844260000.0,7683000000.0,7683000000.0
sz300497,300497,sz,富祥股份,17.02,-1.45,4.86,0.71,71.16,3.92,-10.14,-10.33,-5.39,11.61,13.01,377500000.0,9168000000.0,7766000000.0
sz300455,300455,sz,航天智装,17.01,-4.01,1.03,0.84,-529.71,7.31,-12.63,-14.31,-2.02,-21.61,-43.38,124990000.0,12209000000.0,12021000000.0
sh688292,688292,sh,浩瀚深度,17.0,-0.29,1.61,1.08,-114.57,2.79,-5.56,-4.44,9.75,-25.89,-41.26,42840000.0,2692000000.0,2692000000.0
bj920504,920504,bj,博迅生物,17.0,-1.73,2.09,0.49,48.56,3.7,-5.92,-8.6,4.49,-7.56,-29.26,6140000.0,737000000.0,291000000.0
bj920128,920128,bj,胜业电气,17.0,-3.19,2.57,0.82,125.86,2.73,-7.05,-7.91,-0.23,-34.39,-38.85,10760000.0,1380000000.0,413000000.0
sz300535,300535,sz,达威股份,16.99,-0.76,4.8,0.63,82.07,1.92,1.13,9.61,32.94,4.52,-4.31,65770000.0,1818000000.0,1379000000.0
sz300926,300926,sz,博俊科技,16.98,-1.22,0.92,0.67,8.95,2.09,-7.42,-4.39,2.85,-13.06,-47.85,46670000.0,7375000000.0,5060000000.0
sz300791,300791,sz,仙乐健康,16.98,2.66,1.79,1.25,44.43,1.9,-2.13,-1.91,5.93,-5.51,-34.01,78370000.0,5234000000.0,4371000000.0
sh605369,605369,sh,拱东医疗,16.97,-1.74,0.6,0.85,66.79,2.21,-1.62,-4.34,8.3,-6.66,-8.32,22630000.0,3729999999.9999995,3729999999.9999995
sh603611,603611,sh,诺力股份,16.94,0.83,1.01,1.54,11.45,1.44,-0.88,-2.19,5.02,-5.04,-28.27,44580000.0,4364000000.0,4364000000.0
sz300897,300897,sz,山科智能,16.93,7.08,6.1,2.79,788.76,3.41,3.36,6.01,13.32,-2.65,-7.88,124130000.0,3315999999.9999995,2070000000.0
sh688315,688315,sh,诺禾致源,16.93,6.14,5.36,1.3,43.36,2.65,5.68,11.45,37.64,20.1,27.91,365440000.0,7045999999.999999,7045999999.999999
sz002919,002919,sz,名臣健康,16.92,-2.2,1.43,1.02,181.82,5.66,-9.66,-6.26,3.36,-24.97,-26.24,63880000.0,4503000000.0,4470000000.0
sh605068,605068,sh,明新旭腾,16.92,-1.57,2.06,0.77,-247.23,1.78,-10.81,-19.81,9.37,-28.34,-33.73,56350000.0,2744000000.0,2744000000.0
sz300131,300131,sz,英唐智控,16.9,0.36,5.68,0.82,1466.99,11.12,-0.59,5.56,12.37,-2.76,15.28,987390000.0,19182000000.0,17614000000.0
sh603038,603038,sh,华立股份,16.9,0.96,3.72,0.98,54.55,3.2,4.0,12.22,41.07,10.67,5.3,168960000.0,4541000000.0,4541000000.0
sz301153,301153,sz,中科江南,16.88,-0.41,0.76,0.74,49.4,3.28,-3.93,-5.8,3.81,-8.16,-31.27,42630000.0,6004000000.0,5600000000.0
sz002185,002185,sz,华天科技,16.88,-3.1,5.95,0.71,43.28,2.95,-11.16,-6.53,-9.2,-12.62,54.18,3351640000.0,56155999999.99999,56142999999.99999
bj920047,920047,bj,诺思兰德,16.88,-0.94,1.75,0.67,-79.97,17.43,-5.12,-6.69,-1.4,-30.31,-28.81,53160000.0,4630000000.0,3040000000.0
sz300651,300651,sz,金陵体育,16.86,-1.46,2.67,0.83,37.73,2.2,-4.69,-6.18,4.2,-36.76,-16.45,46570000.0,2381000000.0,1743000000.0
sz000777,000777,sz,中核科技,16.86,0.06,0.92,0.57,41.08,2.68,-5.33,-5.86,-1.75,-3.76,-34.49,58840000.0,6464000000.0,6464000000.0
sz301359,301359,sz,东南电子,16.85,0.54,2.09,1.0,58.65,2.46,-1.0,0.3,15.17,-17.88,-10.47,24880000.0,2025000000.0,1199000000.0
sh601699,601699,sh,潞安环能,16.85,0.96,1.15,1.05,42.83,1.1,3.31,3.44,11.44,6.56,45.1,578510000.0,50405000000.0,50405000000.0
sh688681,688681,sh,科汇股份,16.83,-1.06,1.42,1.07,35.22,2.93,-1.87,-0.59,16.79,-1.4,-3.21,24990000.0,1762000000.0,1762000000.0
sh603519,603519,sh,立霸股份,16.82,2.5,6.37,1.35,25.05,4.22,9.08,3.06,19.72,47.54,52.36,282510000.0,4480000000.0,4480000000.0
sh600926,600926,sh,杭州银行,16.82,1.14,0.47,0.81,6.21,0.88,3.51,4.47,6.12,6.93,12.13,575000000.0,121928000000.0,121928000000.0
sz300615,300615,sz,欣天科技,16.8,4.02,26.88,1.23,-84.21,7.05,-7.34,-2.89,93.33,45.71,26.98,672880000.0,3242000000.0,2572000000.0
sz001207,001207,sz,联科科技,16.8,0.54,1.23,0.44,17.25,2.11,-3.45,5.07,16.18,-8.2,-5.43,60320000.0,5093000000.0,4916000000.0
sz300783,300783,sz,三只松鼠,16.78,-0.12,1.41,0.62,35.54,2.13,-5.3,-6.78,2.82,-7.26,-27.15,65960000.0,6740000000.000001,4703000000.0
sz301288,301288,sz,清研环境,16.77,-1.35,1.57,0.86,-57.04,2.31,-3.4,-5.31,14.86,-0.06,-6.57,20620000.0,1811000000.0,1310000000.0
sz001380,001380,sz,华纬科技,16.76,-0.59,0.41,0.57,17.95,2.34,-1.12,0.48,8.83,-3.4,-26.43,15830000.0,4540000000.0,3901000000.0
sh688455,688455,sh,科捷智能,16.76,3.2,4.4,3.24,93.78,3.06,7.02,9.11,18.36,-18.24,-16.58,119750000.0,2816000000.0,2816000000.0
bj920634,920634,bj,新威凌,16.76,0.54,5.54,2.1,63.01,3.74,-4.77,-6.99,6.08,0.24,-30.54,38750000.0,1071000000.0000001,680000000.0
sz002180,002180,sz,奔图科技,16.75,-5.37,0.8,0.56,-32.27,2.61,-7.41,-10.43,-2.84,5.48,-17.16,187360000.0,23816000000.0,22785000000.0
sz301487,301487,sz,盟固利,16.74,3.33,4.25,2.22,109.77,3.99,-0.12,0.54,5.48,-33.16,-23.65,326840000.0,7694000000.0,7694000000.0
sz001382,001382,sz,新亚电缆,16.73,-0.71,2.39,0.76,71.91,4.28,-2.28,-4.24,-2.96,-18.63,-18.09,25230000.0,6893000000.000001,1053999999.9999999
bj920066,920066,bj,科拜尔,16.73,-2.11,1.98,0.67,30.44,2.53,-0.83,-2.28,5.09,-29.26,-31.96,6620000.0,1052000000.0,332000000.0
sz300534,300534,sz,陇神戎发,16.7,-8.99,25.2,0.91,102.61,6.97,-17.45,5.16,24.44,107.71,76.53,1326240000.0,5066000000.0,5044000000.0
sz002956,002956,sz,西麦食品,16.7,-1.47,1.06,0.71,21.89,3.17,-8.84,-8.14,4.64,-23.95,-15.23,55450000.0,5220000000.0,5219000000.0
sh600761,600761,sh,安徽合力,16.65,0.85,1.23,1.34,13.74,1.38,-0.54,-4.37,-2.06,-3.76,-18.34,182360000.0,14830000000.000002,14830000000.000002
bj920284,920284,bj,灵鸽科技,16.65,-0.95,7.21,2.63,-111.03,5.57,-8.16,-10.82,2.4,-41.0,-55.3,82350000.0,1745000000.0,1117000000.0
sz301135,301135,sz,瑞德智能,16.64,-1.42,1.16,0.69,126.79,1.86,-1.13,-0.36,13.51,-7.56,-22.68,19410000.0,2160000000.0,1680000000.0
sz300861,300861,sz,美畅股份,16.63,-1.01,2.02,0.75,27.14,1.72,-6.89,-4.26,4.26,-15.71,12.74,141590000.0,11173000000.0,7016000000.0
sh603073,603073,sh,彩蝶实业,16.63,-0.6,2.88,0.95,38.62,1.39,-0.12,-0.72,15.73,-6.15,-11.02,24570000.0,1929000000.0,846000000.0000001
bj920130,920130,bj,立方控股,16.63,-2.92,2.93,0.51,-30.57,3.29,-13.48,-15.63,15.01,0.12,-42.58,27990000.0,1534000000.0,952999999.9999999
sz000510,000510,sz,新金路,16.62,-0.24,8.01,1.14,-44.09,10.45,-5.46,-4.15,9.49,-0.18,43.52,799720000.0,10779000000.0,10082000000.0
sh688339,688339,sh,亿华通-U,16.61,-2.52,1.46,1.11,-6.35,2.07,-7.21,-7.36,-1.66,-24.05,-38.39,47840000.0,3995000000.0000005,3252000000.0000005
sh603612,603612,sh,索通发展,16.61,-0.3,1.44,0.84,13.14,1.37,-3.49,-4.1,3.3,-19.68,-28.96,119430000.0,8273999999.999999,8273999999.999999
sz301172,301172,sz,君逸数码,16.6,-5.36,3.75,1.38,130.31,2.51,-11.66,-7.73,3.4,-32.24,-1.51,103800000.0,3732000000.0,2760000000.0
sz300629,300629,sz,新劲刚,16.6,-1.95,1.9,0.78,37.66,2.39,-7.21,-7.05,-3.09,-27.83,-29.9,68490000.0,4174000000.0,3599000000.0
sz002915,002915,sz,中欣氟材,16.6,-1.83,1.52,0.6,312.04,3.74,-7.93,-9.88,4.8,-12.54,-32.24,73460000.0,5566000000.0,4834000000.0
sh603356,603356,sh,华菱精工,16.6,-2.52,1.67,0.84,-16.04,7.33,-1.95,3.56,19.6,-7.98,16.98,37020000.0,2213000000.0,2213000000.0
bj920914,920914,bj,远航精密,16.59,-2.98,1.39,1.34,30.74,1.66,-8.54,-14.84,-5.74,-18.44,-36.8,23610000.0,1654000000.0,1652000000.0
sz300328,300328,sz,宜安科技,16.58,6.35,12.49,1.9,-372.7,11.13,10.75,11.5,51.83,-6.49,-2.87,1381420000.0,11447000000.0,11391000000.0
sz002508,002508,sz,老板电器,16.57,2.41,1.41,1.18,12.81,1.38,6.01,5.07,6.63,-1.43,-12.1,216980000.0,15658000000.000002,15469000000.0
sh603515,603515,sh,欧普照明,16.57,1.66,0.17,0.99,13.51,1.89,-1.02,-2.7,-2.87,-10.09,-4.93,20640000.0,12300000000.0,12225000000.0
sh603598,603598,sh,引力传媒,16.56,-2.42,2.73,0.51,223.9,18.96,-9.71,-8.71,8.16,-24.83,-2.53,121850000.0,4471000000.0,4466000000.0
sz002517,002517,sz,恺英网络,16.55,-0.42,2.75,0.81,16.32,3.49,-5.7,-9.61,7.47,3.82,-23.98,852760000.0,35358000000.0,31264000000.0
sz300960,300960,sz,通业科技,16.54,1.04,2.12,2.19,54.17,3.63,0.24,1.53,13.52,-11.36,-34.31,46390000.0,2401000000.0,2176000000.0
sz000878,000878,sz,云南铜业,16.54,-0.24,2.12,1.04,29.69,2.24,-2.36,-3.61,7.54,-6.66,-18.44,702990000.0,40113000000.0,33139999999.999996
sh603185,603185,sh,弘元绿能,16.53,-1.78,0.85,0.87,-268.08,0.97,-4.01,-2.19,20.83,-9.82,-45.54,95540000.0,11291000000.0,11224000000.0
sh601059,601059,sh,信达证券,16.53,0.55,0.24,1.36,27.25,2.49,-0.24,-0.9,0.61,-3.67,-6.45,128730000.0,53607000000.00001,53607000000.00001
sz300196,300196,sz,长海股份,16.52,-6.4,6.98,1.26,21.85,1.42,-13.73,-8.78,-3.05,-32.6,16.22,283680000.0,6756000000.0,4083000000.0
sz003027,003027,sz,同兴科技,16.52,0.0,1.8,1.17,54.43,1.26,-1.49,-1.49,9.69,-25.48,-24.92,30510000.0,2160000000.0,1698000000.0
sz000969,000969,sz,安泰科技,16.52,-0.96,1.51,0.69,45.48,3.06,-7.24,-4.78,4.1,-27.45,-20.62,261060000.0,17355000000.0,17203000000.0
sz002167,002167,sz,东方锆业,16.51,-1.37,5.8,0.63,236.06,7.19,-10.22,-8.83,2.61,23.21,33.68,727610000.0,12790000000.0,12526000000.0
sz300950,300950,sz,德固特,16.5,-1.26,1.34,0.88,34.35,3.16,-2.65,-3.62,11.11,-11.39,-27.18,21580000.0,2535000000.0,1618000000.0
sz003029,003029,sz,吉大正元,16.5,-0.9,1.41,0.81,-32.9,3.12,-2.54,-3.73,7.14,-11.58,-36.97,41170000.0,3195000000.0,2906000000.0
sz002995,002995,sz,天地在线,16.5,-1.73,3.34,0.83,-26.37,3.65,-7.77,-10.37,6.93,-27.73,-0.12,61800000.0,2928000000.0,1855000000.0
sz300828,300828,sz,锐新科技,16.49,-2.83,5.9,0.45,99.79,3.48,-9.94,-4.96,14.75,-11.92,-1.67,92550000.0,2744000000.0,1563000000.0
sh605011,605011,sh,杭州热电,16.49,-1.43,0.75,0.75,38.39,2.65,-3.57,-8.29,-5.12,-26.32,-18.93,49640000.0,6598000000.0,6598000000.0
bj920098,920098,bj,科隆新材,16.48,-3.06,0.89,0.65,23.94,1.44,-3.51,-6.2,1.42,-24.09,-46.13,8330000.0,1340000000.0,913000000.0000001
sz003002,003002,sz,壶化股份,16.46,0.06,1.3,0.71,20.0,2.18,-3.23,-3.57,8.43,-25.18,-48.83,38680000.0,3292000000.0,3010000000.0
sh605266,605266,sh,健之佳,16.46,-0.42,0.84,0.76,16.89,1.01,-1.97,-3.29,4.18,-2.16,-8.57,21370000.0,2544000000.0,2544000000.0
sz301113,301113,sz,雅艺科技,16.45,-1.26,2.16,1.27,248.91,2.87,-1.32,0.55,18.69,-10.98,-9.84,25480000.0,1946000000.0,1179000000.0
bj920405,920405,bj,海希通讯,16.45,-10.74,4.36,4.53,44.53,2.79,-12.36,-10.98,-0.3,22.85,-35.69,73750000.0,2245000000.0,1748000000.0
sz301238,301238,sz,瑞泰新材,16.44,3.4,2.7,2.35,37.52,1.65,-3.07,-1.91,4.51,-35.35,-18.61,328440000.0,12056000000.0,12056000000.0
sz000681,000681,sz,视觉中国,16.44,-3.35,2.5,0.93,37.88,3.01,-9.57,-10.46,2.46,-20.14,-30.94,279040000.0,11517000000.0,11116000000.0
sz301656,301656,sz,联合动力,16.43,-0.9,1.38,0.56,46.27,4.14,-4.75,-5.36,0.12,-7.99,-37.76,46280000.0,39511000000.0,3346000000.0
sh603615,603615,sh,茶花股份,16.42,-2.96,1.49,0.96,212.69,3.46,-7.23,0.49,10.72,-12.8,-29.71,59560000.0,3971000000.0,3971000000.0
sh603190,603190,sh,亚通精工,16.42,-0.48,0.72,0.65,22.85,1.29,-4.03,-3.64,9.76,-10.66,-13.81,19700000.0,2863000000.0,2759000000.0
sz002871,002871,sz,伟隆股份,16.4,-1.5,1.27,0.62,31.47,3.81,-7.45,-0.91,1.42,-17.05,-7.09,30950000.0,4129999999.9999995,2448000000.0
sz301103,301103,sz,何氏眼科,16.39,-2.09,1.62,0.77,94.21,1.37,-4.65,-5.7,8.98,-3.59,-15.83,32570000.0,2590000000.0,1994000000.0000002
sz300435,300435,sz,中泰股份,16.38,-4.04,3.01,0.71,14.16,1.83,-7.2,-5.43,-2.09,-11.41,-25.44,181730000.0,6318000000.0,6042000000.0
sz300967,300967,sz,晓鸣股份,16.36,-0.55,5.11,0.49,-31.26,4.53,-0.61,-0.18,15.78,-8.3,-11.96,103110000.0,3069000000.0,2042000000.0000002
sz300531,300531,sz,优博讯,16.36,1.61,2.86,1.2,49.83,3.72,-2.33,-4.55,0.25,5.88,-8.91,144680000.0,5253000000.0,5098000000.0
sz002774,002774,sz,快意电梯,16.35,0.25,5.02,0.71,94.13,4.95,-4.39,-3.82,2.96,42.05,82.07,228810000.0,5505000000.0,4607000000.0
sh601677,601677,sh,明泰铝业,16.35,-1.62,2.13,0.89,8.38,1.0,-1.98,-6.09,2.83,-11.5,12.18,434510000.0,20328000000.0,20328000000.0
sz301151,301151,sz,冠龙节能,16.33,0.49,1.29,0.71,60.11,1.35,-6.42,-7.0,-4.89,3.03,-12.2,35210000.0,2760000000.0,2757000000.0
sz002626,002626,sz,金达威,16.32,-1.86,1.22,0.72,35.08,2.39,3.75,-0.85,21.25,10.34,-15.49,122980000.0,9954000000.0,9953000000.0
sh603178,603178,sh,圣龙股份,16.32,1.56,3.09,0.71,-27.12,3.4,-5.72,-5.61,6.11,-7.11,-13.51,119950000.0,3858000000.0,3858000000.0
sz002009,002009,sz,天奇股份,16.31,-1.33,2.52,0.68,177.36,3.23,-9.59,-8.93,1.3,-23.79,-27.74,145610000.0,6559999999.999999,5775000000.0
sz301185,301185,sz,鸥玛软件,16.29,-0.06,0.63,0.54,47.79,2.36,-1.87,-6.38,3.3,5.1,-13.81,14210000.0,2499000000.0,2259000000.0
sz300821,300821,sz,东岳硅材,16.29,-3.89,5.76,0.66,53.22,3.66,-7.91,-4.29,1.69,3.49,39.95,1130350000.0,19548000000.0,19545000000.0
bj920017,920017,bj,星昊医药,16.27,-3.73,2.29,0.81,17.5,1.23,-6.92,-8.54,0.37,2.88,-7.63,46160000.0,2016000000.0,1994000000.0000002
sz300929,300929,sz,华骐环保,16.26,5.93,8.31,0.81,-48.41,2.8,-3.96,14.19,7.97,34.71,51.26,164370000.0,2148000000.0,2038000000.0
sh603985,603985,sh,恒润股份,16.26,-3.04,1.86,0.66,60.38,2.16,-12.96,-4.63,3.24,-31.1,7.11,133570000.0,7168000000.000001,7168000000.000001
bj920218,920218,bj,新天力,16.26,-1.09,3.88,0.48,19.68,1.78,-8.34,-11.63,-3.33,-64.03,33.39,13370000.0,1523000000.0,343000000.0
sh688573,688573,sh,信宇人,16.25,-0.31,2.39,0.75,-3.31,4.59,-2.23,-0.67,12.07,-22.32,-28.7,20710000.0,1589000000.0,865000000.0
sh600012,600012,sh,皖通高速,16.25,4.84,0.82,1.9,14.91,2.27,2.07,2.27,-8.71,0.49,14.76,153090000.0,27764999999.999996,18941000000.0
sz001206,001206,sz,依依股份,16.24,-1.52,2.68,0.62,19.17,1.66,-3.85,-7.83,-0.92,-3.45,-44.37,46960000.0,3003000000.0,1735000000.0000002
bj920976,920976,bj,视声智能,16.23,-2.52,0.91,0.6,17.73,4.25,-6.88,-9.98,6.5,-27.54,-38.44,6560000.0,1152000000.0,716000000.0
sh688276,688276,sh,百克生物,16.22,-6.57,2.49,1.6,-27.83,1.77,2.79,1.44,13.03,1.69,-14.0,172350000.0,6709999999.999999,6709999999.999999
sz300421,300421,sz,力星股份,16.21,-1.34,1.84,0.65,80.59,3.82,-9.99,-8.42,0.06,-27.11,-55.75,68560000.0,4766000000.0,3733000000.0
bj920252,920252,bj,天宏锂电,16.21,4.65,6.25,2.79,198.41,6.37,1.76,-0.49,3.84,-20.58,-46.24,69020000.0,1664000000.0,1106000000.0
sh600521,600521,sh,华海药业,16.2,-2.53,2.44,0.79,65.0,2.56,-6.68,-10.94,-2.23,2.14,-3.97,590810000.0,24255000000.0,24255000000.0
sh601607,601607,sh,上海医药,16.19,0.0,0.34,0.69,10.33,0.79,-1.7,-3.17,-1.64,0.37,-6.9,151620000.0,60038000000.0,45157000000.0
bj920690,920690,bj,捷众科技,16.19,1.5,1.52,0.39,19.13,2.39,-7.22,-13.75,16.39,-10.16,-35.89,13730000.0,1395000000.0,907000000.0
sz301223,301223,sz,中荣股份,16.16,-2.3,1.0,2.18,19.91,1.05,-4.49,-3.0,4.19,-3.65,-10.34,31610000.0,3121000000.0,3121000000.0
sh688030,688030,sh,山石网科,16.16,-2.18,1.67,0.98,-18.96,4.28,-6.1,-10.37,13.01,-0.43,-11.06,48400000.0,2913000000.0,2913000000.0
sh600869,600869,sh,远东股份,16.16,-4.49,9.37,1.23,296.97,8.2,-5.88,3.19,4.39,-32.92,101.0,3272600000.0,35865000000.0,35865000000.0
bj920726,920726,bj,朱老六,16.16,0.25,4.94,0.9,41.58,3.5,-1.46,-2.77,14.2,-13.07,-20.0,45330000.0,1637000000.0,903999999.9999999
sz301363,301363,sz,美好医疗,16.15,-4.21,2.06,0.52,43.86,3.48,-7.56,-6.43,-3.29,-9.69,-5.26,175270000.0,12855000000.000002,8431000000.0
sz300113,300113,sz,顺网科技,16.14,-3.3,2.79,0.63,25.62,4.46,-13.69,-11.76,-2.24,-25.66,-19.78,229930000.0,10881000000.0,8216000000.0
bj920942,920942,bj,恒立钻具,16.14,-2.77,1.02,0.77,80.58,2.0,-7.08,-11.51,2.67,-24.44,-47.2,6900000.0,986999999.9999999,668000000.0
sz300879,300879,sz,大叶股份,16.13,-3.01,1.33,1.12,-13.0,2.63,-5.51,-9.23,7.03,-13.84,-45.96,43370000.0,3265000000.0,3243000000.0
sh601702,601702,sh,华峰铝业,16.13,0.69,1.06,0.71,13.55,2.41,6.26,2.02,9.5,-20.42,-20.03,169730000.0,16106000000.0,16106000000.0
sz002951,002951,sz,金时科技,16.12,-1.65,1.7,0.43,-29.35,4.32,-13.61,4.2,30.95,-8.62,8.19,109300000.0,6497000000.0,6466000000.0
sh603919,603919,sh,金徽酒,16.11,0.0,1.21,0.72,30.25,2.4,-2.3,-5.46,10.72,-23.87,-19.14,99570000.0,8172000000.0,8172000000.0
sh603013,603013,sh,亚普股份,16.11,-0.74,0.4,1.13,14.59,1.84,-3.42,-5.12,1.7,-16.27,-33.76,32790000.0,8187000000.0,8187000000.0
sz300977,300977,sz,深圳瑞捷,16.1,-1.71,1.97,1.22,110.97,1.8,-0.98,-0.86,13.22,-21.43,-5.52,29920000.0,2451000000.0,1526000000.0
sz002236,002236,sz,大华股份,16.1,-0.06,1.05,0.54,13.98,1.35,-1.77,-4.45,-3.77,-3.54,-13.31,403010000.0,52635000000.0,38497000000.0
sh600783,600783,sh,鲁信创投,16.1,-5.85,3.28,0.62,71.78,2.75,-14.77,-10.65,9.23,-23.39,-34.73,394900000.0,11984000000.0,11984000000.0
sz300151,300151,sz,昌红科技,16.09,-4.68,4.63,0.88,158.98,5.59,-7.16,-0.06,10.05,-31.82,7.27,276350000.0,8568000000.000001,5932000000.0
sz301602,301602,sz,超研股份,16.08,-3.37,3.41,0.51,58.02,5.28,-14.69,3.81,10.29,-1.23,-24.82,114940000.0,6888000000.0,3353000000.0
sh688639,688639,sh,华恒生物,16.08,-3.65,2.32,0.86,32.59,1.52,-6.02,-11.11,-0.56,-31.49,-50.4,94810000.0,4022000000.0,4022000000.0
sh603826,603826,sh,坤彩科技,16.08,-2.78,0.78,1.13,-329.12,7.73,-8.48,-10.27,5.86,-34.51,24.06,107600000.0,13696000000.0,13696000000.0
sz300226,300226,sz,上海钢联,16.07,2.16,2.55,1.8,28.07,2.68,-2.61,-4.29,6.71,-11.34,-23.08,151380000.0,6146000000.0,5909000000.0
sz301505,301505,sz,苏州规划,16.06,-2.49,3.08,1.58,945.86,1.91,-3.6,-2.84,10.0,-18.1,-27.43,45040000.0,1837000000.0,1464000000.0
sz301069,301069,sz,凯盛新材,16.06,-1.23,0.87,0.5,54.26,3.12,-9.37,-6.95,1.65,-17.13,-42.13,59610000.0,7278000000.0,6854000000.000001
sh603231,603231,sh,索宝蛋白,16.06,-0.19,1.86,0.91,17.37,1.56,-0.43,2.55,13.26,1.07,-10.53,31700000.0,3075000000.0,1707000000.0
sz300432,300432,sz,富临精工,16.05,0.44,1.48,0.76,54.17,5.8,-3.89,-1.05,2.43,-29.36,-3.31,401840000.0,27442000000.0,27136000000.0
sz000815,000815,sz,美利云,16.05,-2.61,7.73,0.6,143.3,7.93,-14.9,-11.91,-3.31,-0.12,43.43,870300000.0,11159000000.0,11159000000.0
bj920578,920578,bj,巨能股份,16.05,-2.01,2.43,0.51,-244.16,4.64,-6.14,-6.09,3.95,0.12,-38.39,13930000.0,1227000000.0,570000000.0
sz002884,002884,sz,凌霄泵业,16.04,0.38,0.42,0.61,12.79,2.66,-0.37,-1.6,-1.05,-2.85,-3.89,18520000.0,5737000000.0,4380000000.0
sz301601,301601,sz,惠通科技,16.03,-0.8,5.34,3.38,34.54,1.72,-3.08,-2.14,10.02,-14.05,-42.09,74200000.0,2252000000.0,1354000000.0
bj920694,920694,bj,中裕科技,16.03,0.82,2.61,1.42,16.7,2.26,11.86,11.55,23.21,2.62,-16.73,26420000.0,2107999999.9999998,1001000000.0
sh603118,603118,sh,共进股份,16.01,-10.01,14.3,0.77,157.68,2.5,-17.13,9.06,-1.17,25.47,39.58,1849920000.0,12604000000.0,12604000000.0
sh601089,601089,sh,福元医药,16.01,-3.9,1.35,0.63,19.82,2.06,-8.51,-10.66,-6.43,-10.61,-31.9,105300000.0,7684999999.999999,7684999999.999999
sz300482,300482,sz,万孚生物,16.0,-8.05,4.71,2.58,-57.74,1.4,-8.15,-10.56,-0.5,-8.84,-18.08,324560000.0,7489000000.0,6881000000.0
sh603161,603161,sh,科华控股,16.0,0.44,1.6,0.57,40.95,1.97,-4.48,3.29,13.15,27.87,17.97,48540000.0,3586999999.9999995,3052000000.0
sz300243,300243,sz,瑞丰高材,15.98,-4.65,10.96,0.46,58.68,2.88,-4.88,7.9,11.2,-14.82,54.55,393600000.0,4467000000.0,3574000000.0
sz002017,002017,sz,东信和平,15.98,9.98,7.45,2.91,54.97,5.09,16.22,15.46,23.59,-1.08,-27.87,684370000.0,9275000000.0,9271000000.0
sh600629,600629,sh,华建集团,15.98,-3.73,1.8,0.62,1181.8,3.52,-1.54,-1.78,30.88,8.79,-11.54,335620000.0,18374000000.0,18374000000.0
sz300952,300952,sz,恒辉安防,15.97,-2.98,2.76,1.04,47.46,2.3,-8.59,-7.9,0.57,-34.92,-45.13,65670000.0,3859000000.0000005,2373000000.0
sz002299,002299,sz,圣农发展,15.97,-0.19,1.3,1.11,20.41,1.73,-1.48,-6.83,0.13,-6.0,-2.26,249970000.0,19847000000.0,19461000000.0
sh688165,688165,sh,埃夫特-U,15.97,-2.62,1.08,0.61,-18.96,6.89,-9.67,-9.0,1.85,-14.37,-32.79,90340000.0,8333000000.0,8333000000.0
sz300815,300815,sz,玉禾田,15.96,0.44,1.4,1.08,11.34,1.39,-2.56,-4.49,-1.78,-19.61,-28.86,88330000.0,6362000000.0,6230000000.0
sh603112,603112,sh,华翔股份,15.96,-1.78,1.67,0.58,15.07,1.95,5.84,2.31,10.07,-21.15,-7.01,144050000.0,8618000000.0,8531999999.999999
sz300109,300109,sz,新开源,15.95,-2.74,7.86,1.01,52.75,2.55,14.75,15.92,17.37,9.22,14.69,647920000.0,9201000000.0,8254000000.000001
sh603855,603855,sh,华荣股份,15.95,-0.5,0.25,0.68,15.46,2.82,-3.86,-3.33,-0.37,-3.39,-13.13,13590000.0,5383000000.0,5352000000.0
bj920101,920101,bj,志高机械,15.95,-1.79,0.3,0.69,18.75,1.89,-5.96,-8.44,-1.12,-24.76,-43.75,4870000.0,1991000000.0,1629000000.0
sz002869,002869,sz,金溢科技,15.93,-0.19,1.11,0.78,-19.07,1.4,-2.21,-1.55,11.09,-11.84,-31.51,27930000.0,2818000000.0,2509000000.0
sz002058,002058,sz,威尔泰,15.93,-2.45,1.83,1.07,10.77,36.07,-4.38,-8.13,3.11,-38.18,-31.86,42250000.0,2285000000.0,2280000000.0
sz000869,000869,sz,张  裕Ａ,15.93,-0.44,0.52,1.3,399.46,1.02,-7.81,-9.28,-5.18,-11.45,-21.64,37920000.0,10470000000.0,7248999999.999999
sh688488,688488,sh,艾迪药业,15.93,-3.4,2.34,0.74,-243.68,6.88,-10.05,-8.18,0.06,2.64,-2.45,158000000.0,6703000000.0,6703000000.0
sz002544,002544,sz,普天科技,15.92,-1.12,1.22,0.61,434.38,2.92,-8.72,-7.6,3.71,-26.57,-53.82,133260000.0,10834000000.0,10833000000.0
sz300298,300298,sz,三诺生物,15.91,-0.87,0.98,0.71,66.45,3.0,-1.55,-4.16,2.78,2.18,-7.01,69550000.0,8859000000.0,7128000000.0
sz001379,001379,sz,腾达科技,15.9,-1.24,2.5,0.77,54.07,2.11,-2.69,-0.25,8.53,-15.38,-32.23,26770000.0,3180000000.0,1069999999.9999999
sh603029,603029,sh,天鹅股份,15.89,0.44,1.84,0.72,25.39,2.03,0.0,0.76,17.79,-4.25,-11.99,35500000.0,1928000000.0,1928000000.0
sz300997,300997,sz,欢乐家,15.88,-3.11,1.3,0.41,146.71,6.94,-12.07,-12.7,10.97,-17.55,-38.83,81790000.0,6906999999.999999,6266000000.0
sz300556,300556,sz,丝路视觉,15.88,-1.49,2.45,0.81,-87.68,4.8,-4.05,-2.16,9.9,-17.76,-16.38,42190000.0,1930000000.0,1723000000.0
sh603276,603276,sh,恒兴新材,15.88,-1.55,2.8,0.75,45.13,1.87,0.13,1.93,6.22,0.0,-3.47,33460000.0,3297000000.0,1199000000.0
sz002130,002130,sz,沃尔核材,15.87,-2.58,1.66,0.93,19.75,2.48,-8.16,-7.89,-0.56,-27.29,-39.33,304360000.0,22216000000.0,18202000000.0
sz001278,001278,sz,一彬科技,15.87,-1.0,2.3,1.03,-17.92,1.66,-4.28,1.28,13.76,-13.04,-17.94,31390000.0,1964000000.0,1354000000.0
bj920171,920171,bj,志晟信息,15.85,-1.67,1.6,0.96,154.49,7.27,-6.1,-7.74,-1.25,-18.0,-32.26,17280000.0,1589000000.0,1072000000.0000001
sz002603,002603,sz,以岭药业,15.84,-3.71,2.21,0.87,19.33,2.51,-6.88,-6.22,-5.38,0.76,-4.41,484780000.0,26464000000.0,21804000000.0
sz001282,001282,sz,三联锻造,15.83,-0.5,0.94,0.77,32.82,2.15,-4.06,-3.83,7.25,-10.39,-25.45,22700000.0,3517000000.0,2418000000.0
sh600062,600062,sh,华润双鹤,15.83,1.02,0.84,0.9,10.19,1.34,-1.43,-3.48,-3.6,-3.25,-11.62,137530000.0,16441000000.0,16435000000.0
sz301267,301267,sz,华厦眼科,15.82,-1.37,0.86,1.1,28.72,2.51,-2.83,-4.98,0.25,-8.88,-11.18,88450000.0,13288999999.999998,10258000000.0
sz301100,301100,sz,风光股份,15.81,-1.92,1.24,0.82,-108.06,1.58,-5.05,-4.76,7.04,-2.89,-25.81,17360000.0,3181000000.0,1403000000.0
sz002946,002946,sz,新乳业,15.81,1.48,0.69,0.75,17.35,3.89,-0.38,-6.84,3.2,-13.84,-12.56,92530000.0,13607000000.0,13450000000.0
sz002879,002879,sz,长缆科技,15.79,-0.69,4.41,0.56,25.22,1.65,-8.36,-13.86,-20.49,-0.38,-12.67,95400000.0,3049000000.0,2165000000.0
sh603888,603888,sh,新华网,15.79,-1.13,0.62,0.79,35.52,3.16,-4.71,-5.73,0.57,-4.11,-9.93,73090000.0,11720000000.0,11720000000.0
sz301038,301038,sz,深水规院,15.78,-0.69,1.0,1.21,73.8,4.01,-4.48,-8.42,5.2,-21.52,-32.47,35390000.0,3520000000.0000005,3520000000.0000005
sh605005,605005,sh,合兴股份,15.78,1.22,0.35,1.18,35.03,3.09,0.7,1.28,8.08,-5.28,-16.86,21940000.0,6328000000.0,6328000000.0
sh603151,603151,sh,邦基科技,15.75,0.96,1.8,0.52,31.05,1.98,3.35,11.54,37.55,19.59,-11.86,47810000.0,2698000000.0,2698000000.0
sh601595,601595,sh,上海电影,15.75,-3.67,1.21,1.2,116.43,4.17,-7.89,-12.45,-4.37,-26.13,-44.99,86040000.0,7059000000.0,7059000000.0
sz002942,002942,sz,新农股份,15.74,-0.88,1.44,0.99,24.52,2.02,1.03,-0.13,14.39,-5.29,-16.37,31350000.0,2447000000.0,2184000000.0
sh603926,603926,sh,铁流股份,15.74,1.88,1.93,0.98,45.53,2.14,-5.75,-1.75,2.67,-23.11,-7.08,68480000.0,3667000000.0,3633000000.0
sh603368,603368,sh,柳药集团,15.74,-0.88,0.94,0.51,9.52,0.81,-4.37,-0.51,2.88,2.41,-8.28,58830000.0,6252000000.0,6252000000.0
sh688529,688529,sh,豪森智能,15.73,-3.08,0.66,0.81,-2.64,2.67,-3.5,-0.76,19.8,-13.9,-14.7,17730000.0,2645000000.0,2645000000.0
sh603000,603000,sh,人民网,15.73,-1.26,0.77,0.8,91.27,4.7,-5.92,-7.8,0.9,-9.58,-16.85,134200000.0,17393000000.0,17393000000.0
sz300515,300515,sz,三德科技,15.72,-4.26,4.22,1.13,15.41,3.45,-4.78,-2.54,1.81,1.62,-18.42,136150000.0,3234000000.0000005,3177000000.0
sz001289,001289,sz,龙源电力,15.72,0.51,0.09,1.39,30.96,1.73,0.26,-2.06,-4.26,-15.83,4.96,72870000.0,131416000000.00002,79259000000.0
sh688517,688517,sh,金冠电气,15.72,-2.6,1.26,0.44,28.24,2.89,-10.12,-1.26,5.93,-29.15,4.05,27030000.0,2148000000.0,2148000000.0
sz002757,002757,sz,南兴股份,15.71,-2.42,2.99,0.64,38.6,2.32,-12.48,-10.13,0.58,-32.86,-18.47,132130000.0,4642000000.0,4431000000.0
sz000985,000985,sz,大庆华科,15.71,-4.38,2.02,1.24,941.57,3.34,-0.25,1.75,12.46,-7.96,-17.74,41590000.0,2037000000.0,2037000000.0
sz000923,000923,sz,河钢资源,15.71,3.42,3.83,1.35,22.1,1.06,0.0,2.55,7.75,5.29,-23.63,377620000.0,10254000000.0,9864000000.0
sh603456,603456,sh,九洲药业,15.71,-5.36,3.7,0.81,23.41,1.57,-8.29,-4.85,8.87,25.28,-11.74,520010000.0,13852000000.000002,13852000000.000002
sz300697,300697,sz,电工合金,15.7,-3.21,6.08,1.13,33.8,5.23,4.25,5.8,19.21,-4.09,-5.54,319440000.0,6792000000.0,5200000000.0
sz300293,300293,sz,蓝英装备,15.7,0.45,1.02,0.9,-38.67,7.14,-3.8,-3.5,8.73,-9.82,-25.66,53980000.0,5313000000.0,5313000000.0
sz300585,300585,sz,奥联电子,15.69,0.26,2.96,0.88,-36.5,4.24,-6.72,-1.32,22.58,-14.68,-11.8,79700000.0,2685000000.0,2685000000.0
sh600714,600714,sh,金瑞矿业,15.69,0.38,9.97,1.55,318.39,6.01,-2.79,2.68,16.39,-46.56,27.98,446690000.0,4521000000.0,4521000000.0
sz000766,000766,sz,通化金马,15.68,-1.07,1.48,0.71,616.36,6.54,-5.49,-9.42,-2.31,-32.33,-42.96,224600000.0,15155000000.000002,15141000000.0
sz002860,002860,sz,星帅尔,15.66,-10.0,5.74,1.12,30.96,2.34,-6.84,-5.32,-15.21,20.18,11.84,315410000.0,5515000000.0,5417000000.0
sz002362,002362,sz,汉王科技,15.66,-0.82,0.88,0.72,-17.06,4.22,-3.15,-2.37,9.05,-5.32,-27.63,28580000.0,3828000000.0,3251000000.0
sz000025,000025,sz,特  力Ａ,15.66,2.09,3.96,1.22,47.03,3.62,3.37,3.3,11.3,0.71,-9.74,246770000.0,6750000000.0,6151000000.0
sh603002,603002,sh,宏昌电子,15.66,-5.21,5.57,0.76,303.96,5.11,-10.97,3.16,9.43,-5.46,112.34,989020000.0,17760000000.0,17760000000.0
sz002927,002927,sz,泰永长征,15.65,-2.98,2.67,1.05,-343.52,3.44,-8.1,-2.49,7.63,-35.6,-22.06,92100000.0,3493000000.0,3454999999.9999995
bj920056,920056,bj,能之光,15.65,-1.82,0.85,0.77,22.06,2.37,-5.61,-8.32,0.84,-20.04,-36.44,4180000.0,1278000000.0,483000000.0
sh600513,600513,sh,联环药业,15.64,-6.01,5.15,0.69,-38.83,3.55,-15.55,-11.49,-1.88,-10.68,-14.25,233350000.0,4465000000.0,4465000000.0
sz300786,300786,sz,国林科技,15.63,0.39,4.22,0.87,-338.88,2.57,-5.73,-1.94,5.04,-14.45,-4.05,95950000.0,2876000000.0,2288000000.0
sh688151,688151,sh,华强科技,15.63,-1.76,0.69,0.78,111.78,1.28,-7.57,-10.38,-8.27,-9.41,-23.99,37050000.0,5385000000.0,5385000000.0
sz000550,000550,sz,江铃汽车,15.62,-3.16,1.07,1.89,11.3,1.13,-3.7,-4.58,-3.88,-3.6,-13.48,86640000.0,13483000000.000002,8098000000.0
bj920751,920751,bj,惠同新材,15.61,-1.76,0.58,0.66,29.04,3.28,-3.76,-9.82,-3.28,-28.56,-24.66,7570000.0,1355000000.0,1297000000.0
bj920274,920274,bj,宏裕包材,15.61,1.76,1.19,0.83,55.26,2.56,-0.95,0.9,11.5,-18.75,-45.44,15140000.0,1270000000.0,1270000000.0
sh688620,688620,sh,安凯微,15.6,2.16,3.84,1.23,-44.35,4.8,-5.51,-2.19,4.28,26.32,29.57,230450000.0,6115000000.0,6115000000.0
sh603960,603960,sh,克来机电,15.6,-2.07,0.98,0.55,193.0,3.64,-6.98,-3.76,8.33,-24.38,-21.33,40410000.0,4090000000.0,4090000000.0
sh600071,600071,sh,凤凰光学,15.6,-1.45,0.59,0.85,161.51,8.62,-2.68,-1.08,7.07,-11.61,-27.44,25990000.0,4393000000.0,4393000000.0
sh600674,600674,sh,川投能源,15.59,2.23,0.61,1.01,16.44,1.7,3.18,3.59,0.78,3.93,16.34,456970000.0,75995000000.0,75995000000.0
sz002015,002015,sz,协鑫能科,15.57,10.04,1.96,0.61,57.65,2.12,2.17,-0.26,5.77,-33.13,58.02,494260000.0,25275000000.0,25275000000.0
sh688079,688079,sh,美迪凯,15.57,-2.5,2.47,0.71,-35.21,5.13,-9.21,-0.7,5.7,-24.38,37.54,154920000.0,6409999999.999999,6300000000.0
sz300529,300529,sz,健帆生物,15.56,-1.27,1.29,0.65,23.67,3.72,-3.23,-5.18,-10.06,-12.02,-18.81,102930000.0,12426000000.0,7973000000.0
sh688026,688026,sh,洁特生物,15.54,-5.65,3.97,0.86,79.17,2.03,-8.8,-14.0,27.61,12.71,-3.11,87670000.0,2181000000.0,2181000000.0
sz300034,300034,sz,钢研高纳,15.53,-0.06,1.17,0.78,124.03,3.23,-5.19,-4.61,1.97,-15.84,-20.54,140030000.0,12377000000.0,11912000000.0
sz002778,002778,sz,中晟高科,15.53,-1.46,1.2,0.82,132.99,6.04,-2.33,0.52,10.46,-18.22,-26.54,23100000.0,1937000000.0,1917000000.0000002
sh603683,603683,sh,晶华新材,15.53,-2.2,5.44,0.65,45.3,2.68,-5.36,-1.27,-1.33,-43.11,-39.05,245120000.0,4526000000.0,4479000000.0
sh600506,600506,sh,统一股份,15.53,4.79,7.25,4.29,111.44,7.75,3.6,5.5,13.94,-16.05,-22.87,282540000.0,3877000000.0000005,3877000000.0000005
bj920068,920068,bj,天工股份,15.52,1.64,1.28,1.73,111.4,7.97,1.97,-2.7,9.92,-12.02,-20.0,34500000.0,10175000000.0,2696000000.0
sz300876,300876,sz,蒙泰高新,15.5,-0.96,1.74,0.95,-52.55,2.33,-2.82,-0.39,16.89,-15.95,-38.54,30700000.0,2357000000.0,1757999999.9999998
sz002623,002623,sz,亚玛顿,15.5,0.78,1.29,0.84,-19.76,1.2,-2.94,-8.12,8.09,-17.43,-12.49,38360000.0,2992000000.0,2986000000.0
sh603266,603266,sh,天龙股份,15.5,-0.7,0.69,0.85,27.94,1.93,-3.79,-3.55,5.08,-15.9,-31.54,21430000.0,3083000000.0,3083000000.0
sh603036,603036,sh,如通股份,15.5,-1.84,6.17,1.08,31.67,2.29,13.14,17.6,29.82,17.42,-26.71,196140000.0,3193000000.0,3193000000.0
sh688015,688015,sh,交控科技,15.49,-1.53,0.57,0.99,18.85,1.12,-4.15,-4.03,5.3,-13.75,-30.72,16610000.0,2923000000.0,2923000000.0
sh601026,601026,sh,道生天合,15.48,-0.77,5.03,0.51,49.62,4.01,-7.47,1.57,2.18,-9.95,-21.74,86660000.0,10208000000.0,1720000000.0
sh600741,600741,sh,华域汽车,15.48,1.44,0.42,1.14,6.8,0.75,1.04,-3.13,-3.91,-1.46,-18.53,205020000.0,48804000000.0,48804000000.0
bj920906,920906,bj,舜宇精工,15.46,-1.72,1.06,0.55,31.92,1.76,-6.59,-8.36,-1.84,-22.16,-46.89,5540000.0,1003999999.9999999,516000000.0
sh603381,603381,sh,永臻股份,15.45,1.18,3.87,1.67,-16.4,1.1,1.05,1.11,11.71,-22.17,-22.21,84010000.0,3665999999.9999995,2196000000.0
sh603282,603282,sh,亚光股份,15.44,-1.09,1.0,1.07,31.24,1.61,0.0,2.73,15.83,-2.04,-21.27,20690000.0,2066000000.0,2066000000.0
sz002935,002935,sz,天奥电子,15.42,-3.26,1.14,0.85,98.93,4.09,-10.3,-9.61,2.12,-18.76,-30.85,73090000.0,6505000000.0,6401000000.000001
sz002861,002861,sz,瀛通通讯,15.42,-3.02,3.55,1.12,-35.94,2.78,-8.76,-5.75,1.38,-13.13,-13.32,82440000.0,2872000000.0,2316000000.0
sh688360,688360,sh,德马科技,15.42,-1.91,1.04,0.51,40.43,2.79,-8.49,-2.16,10.46,-30.32,-27.09,42290000.0,4067000000.0,4067000000.0
sz002635,002635,sz,安洁科技,15.4,-1.28,3.68,0.67,88.42,1.77,-6.78,1.52,14.58,-7.45,12.33,223450000.0,10159000000.0,6091000000.0
sz002272,002272,sz,川润股份,15.4,-1.22,7.77,0.79,-268.53,5.12,-1.47,5.55,-1.22,-26.07,-5.81,491950000.0,7467000000.0,6285000000.0
bj920087,920087,bj,秋乐种业,15.4,7.92,15.69,0.92,280.98,4.81,28.23,34.03,73.62,35.21,-3.02,394220000.0,2544000000.0,2526000000.0
bj920523,920523,bj,德瑞锂电,15.39,1.58,1.68,1.78,11.44,2.21,-1.03,-3.27,5.34,-17.12,-40.12,21080000.0,1559000000.0,1247000000.0
bj920267,920267,bj,鑫汇科,15.39,-1.91,3.39,0.65,-31.92,3.37,-10.94,-15.21,-13.78,-3.21,-32.2,14190000.0,731000000.0,418000000.0
sh605507,605507,sh,国邦医药,15.38,-1.28,0.78,0.96,17.03,1.43,-1.28,-3.39,-2.53,0.46,-11.03,93970000.0,12033000000.0,12033000000.0
sz002601,002601,sz,龙佰集团,15.37,-2.54,0.8,0.98,49.16,1.6,-2.35,-7.13,-6.96,7.48,-21.5,247270000.0,36646000000.0,30549000000.0
sz300313,300313,sz,天山生物,15.36,20.0,23.49,1.17,-203.88,100.24,43.15,81.78,101.05,60.67,91.28,639510000.0,3683000000.0,3031000000.0
sh603505,603505,sh,金石资源,15.34,0.39,1.35,1.05,44.62,6.85,-6.86,-8.91,-5.72,-15.71,-17.66,174520000.0,12911000000.000002,12911000000.000002
bj920112,920112,bj,巴兰仕,15.34,-1.22,0.67,1.02,12.37,1.99,-5.89,-9.82,-0.58,-24.38,-42.97,3640000.0,1822000000.0,534999999.99999994
sh688653,688653,sh,康希通信,15.32,-2.67,7.67,1.25,-760.44,4.52,3.58,10.06,38.27,4.79,26.09,374300000.0,6503000000.0,4847000000.0
bj920876,920876,bj,慧为智能,15.31,-2.36,1.96,0.67,547.63,3.92,-6.76,-7.1,0.26,-19.34,-39.41,11870000.0,983000000.0,601000000.0
sz300941,300941,sz,创识科技,15.29,1.66,7.54,1.39,134.23,2.46,3.94,0.66,13.93,-1.2,-35.04,141460000.0,3131000000.0,1893000000.0
sh688728,688728,sh,格科微,15.28,-3.6,1.0,0.7,383.38,5.05,-10.9,-5.62,-7.67,5.45,2.28,397560000.0,39737000000.0,39710000000.0
sz002843,002843,sz,泰嘉股份,15.27,-6.49,5.67,1.43,-77.31,2.85,-11.27,-6.72,-11.22,-31.95,-23.8,220360000.0,3844000000.0,3824000000.0
sh603180,603180,sh,金牌家居,15.25,-0.85,0.66,0.4,-86.53,0.88,-5.69,0.93,9.4,-9.98,-24.84,15450000.0,2352000000.0,2352000000.0
sz003001,003001,sz,中岩大地,15.23,-2.37,4.83,0.6,264.01,2.25,-13.61,-23.58,-22.38,-16.38,-24.06,84400000.0,2658000000.0,1742000000.0000002
sz002690,002690,sz,美亚光电,15.22,-0.65,0.92,0.67,18.48,5.58,-1.93,-1.36,1.53,-1.17,-23.4,61100000.0,13428000000.0,6602000000.0
sz002112,002112,sz,三变科技,15.22,-3.06,5.48,0.71,570.37,5.15,-10.89,-14.01,-0.52,-16.79,14.87,219470000.0,4477000000.0,3989000000.0
sh600148,600148,sh,长春一东,15.22,-0.59,0.73,0.93,130.53,4.53,-2.12,-1.74,7.87,-9.78,-22.07,15660000.0,2154000000.0,2154000000.0
sh603806,603806,sh,福斯特,15.21,-1.55,1.04,0.98,35.55,2.44,-2.75,-0.59,7.87,-15.03,10.14,411350000.0,39679000000.0,39679000000.0
sh603399,603399,sh,永杉锂业,15.21,1.0,15.37,1.19,-45.48,4.81,-7.71,-7.93,5.77,-15.08,46.39,1226460000.0,7792000000.0,7792000000.0
sh601633,601633,sh,长城汽车,15.21,0.0,0.17,0.95,14.4,1.51,-1.55,-3.06,-5.82,-8.04,-31.73,164490000.0,130479000000.0,94503000000.0
sz300017,300017,sz,网宿科技,15.2,-2.19,4.89,0.46,48.95,3.65,-13.49,2.7,14.03,4.04,52.0,1756450000.0,37934000000.0,35970000000.0
sh688570,688570,sh,天玛智控,15.2,-0.33,0.36,0.58,116.67,1.54,-1.17,0.8,6.29,-4.52,-17.03,10220000.0,6581999999.999999,2861000000.0
bj920943,920943,bj,优机股份,15.2,-2.38,4.92,0.49,31.29,2.44,-15.56,-12.09,10.07,1.54,-42.1,38730000.0,1543000000.0,787000000.0
sz002237,002237,sz,恒邦股份,15.19,-1.68,5.86,1.85,21.86,1.58,5.12,3.12,17.57,13.99,14.33,1063680000.0,21721000000.0,18112000000.0
bj920003,920003,bj,中诚咨询,15.19,-1.94,2.44,0.84,14.18,2.31,-8.93,-10.65,-6.35,-24.16,-33.21,7200000.0,1376000000.0,296000000.0
sz002932,002932,sz,*ST明德,15.18,-0.52,0.5,0.81,-267.9,0.64,-1.11,-0.52,5.71,-4.41,-20.86,11850000.0,3529999999.9999995,2370000000.0
sz001386,001386,sz,马可波罗,15.18,-2.69,3.63,0.58,15.47,1.53,-4.05,-0.13,2.43,-5.71,-32.32,59710000.0,18139000000.0,1632000000.0
sh603858,603858,sh,步长制药,15.18,-2.19,0.74,0.81,42.81,1.6,-5.71,-4.35,-3.5,2.92,-1.81,119680000.0,16008000000.000002,16008000000.000002
sh600768,600768,sh,富邦新材,15.18,-0.2,2.45,0.54,18.9,4.22,-4.59,1.27,16.14,-6.53,8.82,49540000.0,2030000000.0,2030000000.0
bj920020,920020,bj,泰凯英,15.18,2.22,1.04,1.58,18.82,2.99,-0.65,-2.0,-0.33,3.55,-10.39,8730000.0,3415000000.0,844000000.0
sz300674,300674,sz,宇信科技,15.16,-4.17,2.2,1.12,25.46,2.42,-3.75,-6.82,-1.94,-8.67,-36.73,237410000.0,10674000000.0,10658000000.0
sz300012,300012,sz,华测检测,15.16,0.2,3.24,0.8,22.93,3.15,-0.39,4.19,12.38,5.5,13.13,707020000.0,25512000000.0,21708000000.0
sz300773,300773,sz,拉卡拉,15.15,-1.69,5.58,1.4,10.23,3.55,-2.32,-5.31,4.12,-10.96,-24.47,873000000.0,16472999999.999998,15583000000.000002
sz300578,300578,sz,会畅科技,15.15,-3.63,2.29,0.74,-57.32,2.65,-7.06,-9.34,2.36,-14.46,-26.46,68850000.0,3004000000.0,3003000000.0
sh688277,688277,sh,天智航-U,15.12,-3.94,1.26,0.74,-32.65,5.86,-8.09,-14.33,-20.8,-12.75,-0.46,89700000.0,7053000000.0,7053000000.0
sh601717,601717,sh,中创智领,15.12,1.68,1.35,1.19,6.59,1.18,-1.37,-5.68,-1.37,-10.59,-35.11,317020000.0,26995000000.0,23318000000.0
sz002365,002365,sz,永安药业,15.11,-8.92,25.35,1.11,128.7,2.26,6.86,10.45,18.14,29.57,1.94,961690000.0,4453000000.0,3706000000.0
sz002534,002534,sz,西子洁能,15.1,-1.82,0.86,0.83,28.49,2.26,-6.15,-4.91,17.69,-25.1,-9.42,106430000.0,12623000000.0,12463000000.0
bj920679,920679,bj,前进科技,15.1,-0.33,0.35,0.53,33.89,1.71,-3.7,-4.79,5.96,-7.13,-23.23,1950000.0,843000000.0,561000000.0
bj920075,920075,bj,柏星龙,15.08,-1.69,1.21,0.69,36.52,2.53,-4.25,-5.34,5.82,-19.06,-42.42,6500000.0,977000000.0,530000000.0
sz300538,300538,sz,同益股份,15.07,-2.02,2.63,0.72,-59.7,3.03,-3.89,-0.07,15.75,-6.86,-6.16,48000000.0,2742000000.0,1823000000.0
sh688613,688613,sh,奥精医疗,15.07,-2.46,1.47,0.72,145.31,1.44,-3.83,-4.32,10.65,-10.67,-25.69,30520000.0,2064999999.9999998,2064999999.9999998
sh603716,603716,sh,塞力医疗,15.07,-4.86,6.58,0.88,-16.17,3.37,-11.77,-19.28,0.87,-11.51,-26.67,226410000.0,3403000000.0,3403000000.0
sh600262,600262,sh,北方股份,15.06,3.72,4.1,1.99,15.77,1.98,-0.59,-1.25,11.14,-3.19,-17.8,146880000.0,3584000000.0000005,3584000000.0000005
sh688310,688310,sh,迈得医疗,15.05,-4.14,1.43,1.71,43.61,3.18,0.07,-0.33,11.65,-10.15,-0.2,35990000.0,2473000000.0,2473000000.0
sh605189,605189,sh,富春染织,15.03,4.01,5.5,1.03,24.66,1.9,-7.62,-10.43,-1.83,2.68,-3.45,195010000.0,3581000000.0,3581000000.0
sz300902,300902,sz,国安达,15.02,-5.59,4.09,1.01,-268.14,3.37,-15.67,-12.16,-0.07,-3.41,-27.89,77220000.0,2731000000.0,1873999999.9999998
sz300170,300170,sz,汉得信息,15.02,-3.28,2.96,0.68,67.84,2.72,-13.53,-14.66,4.96,-20.95,-20.55,443460000.0,15627000000.000002,14922999999.999998
bj920357,920357,bj,雅葆轩,15.02,-3.03,1.77,0.78,20.99,3.76,-7.91,-9.3,-1.83,-14.42,-15.47,16940000.0,1564000000.0,946000000.0000001
sh688670,688670,sh,金迪克,15.01,-5.89,3.54,1.29,-9.74,1.76,-7.63,-5.12,10.53,-9.31,-25.8,68010000.0,1848999999.9999998,1848999999.9999998
sh601112,601112,sh,振石股份,15.01,-1.38,1.89,0.67,32.87,3.98,-3.1,-4.15,-1.38,-16.74,36.36,51910000.0,26123000000.0,2743000000.0
sz300872,300872,sz,天阳科技,15.0,-1.06,3.13,1.07,-56.69,2.05,-4.76,-7.01,5.71,-24.17,-27.04,199870000.0,7322000000.0,6330000000.0
sz002782,002782,sz,可立克,14.99,-2.28,1.55,0.72,33.67,3.39,-8.49,-4.22,4.24,-45.92,-16.54,113570000.0,7431999999.999999,7344000000.0
sh603829,603829,sh,洛凯股份,14.99,-0.93,1.17,0.7,50.76,1.9,-3.17,-0.46,8.62,-36.48,-32.11,32470000.0,2792000000.0,2792000000.0
sz002214,002214,sz,大立科技,14.98,1.35,2.29,0.99,-39.5,7.13,6.54,0.27,18.14,0.74,-16.87,165140000.0,8968000000.0,7167000000.0
sz300823,300823,sz,建科智能,14.96,-0.6,3.06,1.08,38.05,2.09,-1.71,1.01,13.85,-11.03,-2.69,38870000.0,1960000000.0000002,1268000000.0
sz002657,002657,sz,中科金财,14.96,-0.6,2.5,1.08,-30.25,3.2,-4.47,-5.79,8.33,-15.0,-49.9,126830000.0,5076000000.0,5028000000.0
sh603610,603610,sh,麒盛科技,14.96,-1.97,1.35,0.91,56.07,1.72,-4.71,-2.92,8.56,-14.32,-20.89,71930000.0,5281000000.0,5281000000.0
bj920059,920059,bj,双英集团,14.96,-4.23,27.86,0.0,17.05,1.96,34.41,34.41,34.41,34.41,34.41,136900000.0,2275000000.0,483000000.0
sz300817,300817,sz,双飞集团,14.95,-1.84,1.39,0.63,47.49,3.18,-5.32,-5.26,6.03,-18.27,-29.09,25990000.0,3264000000.0,1873000000.0
sz300561,300561,sz,汇金科技,14.95,-2.16,4.75,0.65,-251.83,8.6,-11.12,-17.22,-11.85,-28.43,1.84,172040000.0,4905000000.0,3604000000.0
sz002553,002553,sz,南方精工,14.95,-2.29,2.94,0.41,20.77,3.44,-6.09,-6.62,3.25,-17.27,-45.06,112940000.0,5283000000.0,3829999999.9999995
sh688244,688244,sh,永信至诚,14.95,-0.07,1.03,0.86,-46.55,2.38,-3.61,-7.14,11.32,-10.21,-38.83,22800000.0,2257000000.0,2257000000.0
sz301081,301081,sz,严牌股份,14.94,11.66,6.24,2.33,431.74,3.14,16.26,21.36,36.81,-24.28,48.21,198640000.0,3492000000.0,3354000000.0
sz300562,300562,sz,乐心医疗,14.94,-0.6,4.63,0.65,35.83,3.16,-6.1,-6.51,6.41,22.46,13.18,113700000.0,3265000000.0,2494000000.0
bj920006,920006,bj,晟楠科技,14.94,-1.13,1.71,0.59,567.46,4.43,-8.96,-16.77,-12.43,-8.29,-44.19,12370000.0,1349000000.0,714000000.0
sz300931,300931,sz,通用电梯,14.93,-2.61,3.24,0.48,-55.7,6.04,0.88,24.94,31.43,-6.16,34.87,94720000.0,3631000000.0,2919000000.0
sz300873,300873,sz,海晨股份,14.93,-3.05,5.15,0.99,23.11,1.53,-16.36,-14.05,-11.55,-1.64,-3.6,178800000.0,4811000000.0,3493000000.0
bj920168,920168,bj,通宝光电,14.93,-1.78,0.57,0.49,15.96,1.44,-4.23,-6.86,-2.61,-19.38,-4.72,2400000.0,1122000000.0,421000000.0
sz002664,002664,sz,信质集团,14.92,-2.16,0.86,0.59,45.43,1.71,-10.17,-8.91,0.54,-22.29,-37.57,51880000.0,6090000000.0,6012000000.0
sh600131,600131,sh,国网信通,14.92,-3.12,0.72,1.67,28.67,2.72,-4.94,-3.77,-2.77,-14.13,-6.6,130750000.0,17859000000.0,17843000000.0
sz000737,000737,sz,北方铜业,14.91,1.43,5.77,1.13,27.45,3.96,-0.27,2.76,13.82,8.36,-2.23,1628130000.0,28399000000.0,28397000000.000004
sh603095,603095,sh,越剑智能,14.91,-2.29,5.63,1.15,73.16,1.64,-9.25,12.78,24.25,-25.11,-16.42,215330000.0,3851000000.0,3851000000.0
sz300142,300142,sz,沃森生物,14.9,-7.45,20.79,2.17,83.39,3.31,12.03,13.48,20.55,16.91,38.54,5057910000.0,23830000000.0,23510000000.0
sh688289,688289,sh,圣湘生物,14.9,-5.58,2.22,0.96,55.01,1.23,-7.97,-7.22,-0.07,-7.63,-20.11,194820000.0,8633000000.0,8633000000.0
sz301408,301408,sz,华人健康,14.89,-3.87,4.71,0.62,28.43,2.79,-11.84,-6.12,7.59,-15.97,-19.34,161800000.0,5956000000.0,3409000000.0000005
sz300826,300826,sz,测绘股份,14.88,0.88,5.5,1.66,237.13,2.27,2.9,2.62,28.72,20.74,12.81,183190000.0,3396000000.0,3267000000.0
bj920753,920753,bj,天纺标,14.88,-1.98,1.44,0.46,34.25,3.15,-2.55,-4.25,2.69,-5.78,-32.65,7100000.0,1211000000.0,487000000.0
sz301019,301019,sz,宁波色母,14.87,-1.33,0.9,0.64,25.8,2.85,-2.43,-4.56,4.42,-13.38,-19.66,19380000.0,2944000000.0,2158000000.0
sh605167,605167,sh,利柏特,14.87,1.64,1.94,0.9,35.07,3.72,1.85,-0.6,11.14,-0.6,-9.22,147870000.0,7581999999.999999,7581999999.999999
sh603096,603096,sh,新经典,14.86,-1.33,1.0,0.97,30.85,1.27,-3.82,-1.85,10.9,-5.53,-11.65,23000000.0,2292000000.0,2292000000.0
sh600539,600539,sh,狮头股份,14.86,-1.65,8.61,0.99,-156.05,11.37,3.19,-0.93,-16.42,2.06,45.97,299740000.0,3418000000.0,3418000000.0
sz001696,001696,sz,宗申动力,14.84,-3.01,4.17,0.64,27.82,3.19,-12.03,-8.62,-0.07,2.06,-30.94,549980000.0,16991999999.999998,13228000000.0
sh605007,605007,sh,五洲特纸,14.82,-1.79,0.78,0.88,19.97,1.93,-6.38,-11.63,-1.07,5.86,11.01,55370000.0,7050000000.0,7033000000.0
sh600535,600535,sh,天士力,14.82,-1.0,1.14,1.01,18.1,1.69,-3.52,-5.18,-6.91,5.33,-1.0,253240000.0,22140000000.0,22140000000.0
sh601898,601898,sh,中煤能源,14.81,3.57,0.73,1.69,10.71,1.18,6.01,2.85,7.01,-5.55,19.05,986220000.0,196361000000.0,135541000000.00002
sz300246,300246,sz,宝莱特,14.8,-1.79,6.3,0.59,-37.22,3.73,-21.78,-3.96,-17.18,-13.3,82.72,196820000.0,3915999999.9999995,3130000000.0
bj920018,920018,bj,宏远股份,14.8,-1.33,1.38,0.66,22.59,2.66,-4.02,-12.43,-6.27,-22.51,-28.72,11740000.0,2450000000.0,851000000.0
sz300653,300653,sz,正海生物,14.78,-1.92,1.42,0.62,37.72,3.11,-2.7,-3.71,6.95,-7.16,-24.95,37910000.0,2660000000.0,2660000000.0
sh603896,603896,sh,寿仙谷,14.78,-1.4,0.81,0.86,-253.53,1.32,-2.83,-3.71,1.03,-4.27,-23.74,23870000.0,2930000000.0,2930000000.0
sz300250,300250,sz,初灵信息,14.77,-1.27,2.55,0.65,80.45,5.67,-6.64,-6.22,9.0,-10.48,-38.54,59270000.0,3157000000.0,2328000000.0
sz002866,002866,sz,传艺科技,14.76,0.34,5.21,1.1,65.5,2.04,-5.57,-6.05,4.9,-25.68,-17.77,143220000.0,4272999999.9999995,2712000000.0
sz301439,301439,sz,泓淋电力,14.75,-0.87,2.06,0.52,27.22,1.93,-4.22,-3.91,2.72,-24.63,0.27,55580000.0,5739000000.0,2703000000.0
bj920299,920299,bj,灿能电力,14.74,0.48,1.49,0.59,63.99,4.73,-4.53,-11.84,-5.81,-34.12,-26.09,9980000.0,1328000000.0,669000000.0
sz300065,300065,sz,海兰信,14.73,-2.58,4.58,0.62,648.26,6.01,-14.16,-15.83,-9.02,-29.08,-18.93,443640000.0,10628000000.0,9673000000.0
sz300592,300592,sz,华凯易佰,14.7,-1.41,2.63,0.69,24.65,2.56,-11.45,-11.23,-21.73,22.56,38.5,132160000.0,5751000000.0,5055000000.0
sz300504,300504,sz,天邑股份,14.7,-1.74,2.41,0.7,-69.21,1.9,-5.77,0.34,7.06,-22.67,-1.28,77350000.0,3984000000.0000005,3208000000.0
bj920139,920139,bj,华岭股份,14.7,0.07,0.96,0.68,-77.22,3.83,-3.92,-4.42,-1.74,-18.29,-29.67,36330000.0,3961999999.9999995,3827000000.0000005
sh688697,688697,sh,纽威数控,14.69,0.41,1.22,0.78,30.39,5.51,-2.39,-0.2,25.02,0.96,37.75,114550000.0,9406000000.0,9406000000.0
sz002612,002612,sz,朗姿股份,14.67,-1.81,1.83,0.63,6.82,2.31,-7.85,-12.42,16.43,11.14,-23.75,68780000.0,6491000000.0,3733000000.0
sz000973,000973,sz,佛塑科技,14.67,1.66,6.14,1.04,55.94,3.95,3.53,7.24,18.02,-0.53,-0.12,915660000.0,36062000000.0,14841999999.999998
bj920033,920033,bj,康普化学,14.66,1.66,0.9,1.12,45.65,2.28,2.09,0.55,10.39,-5.24,-17.78,10940000.0,1747000000.0,1214000000.0
sz000823,000823,sz,超声电子,14.65,-2.98,6.21,0.77,39.42,1.56,-6.81,-1.81,7.72,-9.9,9.66,537760000.0,8716000000.0,8716000000.0
sh603568,603568,sh,伟明环保,14.65,0.34,0.31,0.55,17.46,2.06,-0.75,-6.98,-4.99,-2.79,-29.06,92520000.0,30010000000.000004,30010000000.000004
sh603209,603209,sh,兴通股份,14.65,1.6,4.39,1.82,13.7,1.39,7.72,5.17,14.45,10.13,-2.02,205810000.0,4761000000.0,4710000000.0
sh603201,603201,sh,常润股份,14.65,-3.17,1.75,0.98,14.15,1.61,-9.34,-12.43,-2.01,-6.63,-11.69,48610000.0,2783000000.0,2759000000.0
sh600379,600379,sh,宝光股份,14.65,-5.61,8.24,1.3,91.65,5.99,-1.01,2.66,24.36,11.56,25.95,400980000.0,4837000000.0,4837000000.0
sz301011,301011,sz,华立科技,14.64,-1.08,1.07,0.77,47.98,2.44,-4.31,-4.87,6.09,-11.54,-42.68,22920000.0,2261000000.0,2148000000.0
sz300829,300829,sz,金丹科技,14.63,-2.73,2.0,0.37,46.93,1.36,-9.02,-1.42,9.51,-21.98,-11.29,46190000.0,3325000000.0,2293000000.0
sz300479,300479,sz,神思电子,14.62,-0.34,2.79,0.69,64.75,5.41,2.45,3.76,14.76,-0.14,-23.54,80090000.0,2881000000.0,2879000000.0
sh603232,603232,sh,格尔软件,14.62,-0.81,1.63,0.45,-53.86,2.63,-7.76,-7.47,6.33,-29.95,-36.3,55040000.0,3400000000.0,3382000000.0
bj920019,920019,bj,铜冠矿建,14.62,-0.81,0.93,0.86,85.58,3.36,-1.42,-3.75,7.5,-15.49,-29.91,22990000.0,3074000000.0,2449000000.0
sz300743,300743,sz,天地数码,14.61,-0.81,1.81,1.23,19.11,3.81,-3.37,-4.07,9.27,-10.31,-32.61,33670000.0,2209000000.0,1861000000.0
sz000070,000070,sz,特发信息,14.61,-2.99,4.29,0.72,-25.89,15.72,-6.17,1.11,6.95,-19.15,24.45,534930000.0,12687000000.0,12517000000.0
sz002791,002791,sz,坚朗五金,14.6,-2.01,1.3,0.72,-47.83,0.97,-2.8,-8.58,5.72,-7.07,-31.16,41880000.0,5167000000.0,3178000000.0
sz001205,001205,sz,盛航股份,14.6,0.9,1.79,0.67,21.61,1.26,1.67,4.96,16.24,5.49,-13.87,43250000.0,2745000000.0,2431000000.0
sz300982,300982,sz,苏文电能,14.59,-1.29,0.81,0.64,-39.24,1.06,-5.63,-8.07,1.53,-32.58,-27.74,22790000.0,3020000000.0,2829000000.0
sz002734,002734,sz,利民股份,14.59,0.07,3.49,1.02,14.32,1.72,-5.2,-11.9,11.2,-9.94,-5.83,225300000.0,6943000000.000001,6359000000.0
sh603310,603310,sh,巍华新材,14.59,-0.75,0.62,0.82,28.49,1.26,-1.62,-2.21,1.96,-8.3,-12.16,17480000.0,5039000000.0,2831000000.0
sz301158,301158,sz,德石股份,14.57,-5.08,4.52,0.56,27.57,2.03,-13.27,-5.88,-4.33,-11.16,-14.78,125360000.0,2841000000.0,2771000000.0
sh603766,603766,sh,隆鑫通用,14.57,5.12,1.85,2.14,19.12,3.27,5.66,5.05,4.44,11.65,-5.45,552510000.0,29920000000.0,29920000000.0
sz300858,300858,sz,科拓生物,14.55,-5.52,3.49,0.8,48.89,2.14,-3.64,-1.36,8.1,-9.35,-12.72,100980000.0,3834000000.0000005,2848000000.0
sz300402,300402,sz,宝色股份,14.55,-3.06,1.59,1.23,71.38,2.37,-1.62,-4.65,6.83,-6.91,-32.14,56510000.0,3590999999.9999995,3545000000.0000005
sh600475,600475,sh,华光环能,14.55,-2.87,0.79,0.56,37.13,1.65,-2.94,-0.21,13.67,-5.9,-18.82,108820000.0,13909000000.0,13719000000.0
sz301539,301539,sz,宏鑫科技,14.54,-0.41,1.49,0.94,790.75,2.84,-3.2,-3.2,9.74,-6.5,-30.1,16250000.0,2152000000.0,1091000000.0
sz002250,002250,sz,联化科技,14.54,-7.68,2.46,1.46,31.59,1.97,-10.47,-17.1,-8.09,3.49,10.32,328500000.0,13084000000.0,13013000000.0
sh600737,600737,sh,中粮糖业,14.54,-0.14,3.6,0.66,31.41,2.85,6.05,4.15,23.85,15.76,-13.81,1141890000.0,31099000000.0,31099000000.0
sz301120,301120,sz,新特电气,14.52,-1.76,2.48,0.65,169.28,3.5,-9.08,-6.92,2.33,-43.7,-15.66,81040000.0,5418000000.0,3278000000.0
sz300921,300921,sz,南凌科技,14.52,-4.72,4.84,1.14,125.49,4.59,-10.92,-5.22,6.14,-21.77,-11.32,114440000.0,3728000000.0,2351000000.0
sz301187,301187,sz,欧圣电气,14.51,-0.96,0.52,0.6,68.39,2.62,-4.85,-9.6,7.08,-20.49,-45.68,19440000.0,3699000000.0,3699000000.0
sh688101,688101,sh,三达膜,14.51,-1.23,0.82,0.72,13.13,1.07,-7.46,-7.76,-1.16,-20.45,-9.82,39420000.0,4817000000.0,4817000000.0
sh605277,605277,sh,新亚电子,14.51,-1.43,1.06,0.87,25.9,3.36,-6.63,-4.22,0.14,-28.67,-20.09,59360000.0,5641000000.0,5604000000.0
bj920225,920225,bj,利通科技,14.5,-1.63,1.68,0.55,32.24,2.53,-8.63,-1.49,2.4,-34.83,-54.62,20460000.0,1839999999.9999998,1200000000.0
sz301535,301535,sz,浙江华远,14.49,-1.43,1.63,0.96,69.3,5.29,-6.52,-10.33,-14.16,-12.34,-33.53,40310000.0,6163000000.0,2460000000.0
bj920656,920656,bj,海昇药业,14.47,0.77,2.4,1.04,16.8,2.04,2.41,1.76,7.66,3.51,-15.18,11240000.0,1447000000.0,468000000.0
sz002611,002611,sz,东方精工,14.46,-3.28,1.9,0.59,4.22,1.91,-7.72,-9.34,-1.83,-12.58,-23.81,277240000.0,17602000000.0,14516999999.999998
sh600897,600897,sh,厦门空港,14.46,-1.3,0.31,0.98,11.83,1.25,-1.77,-2.1,-0.48,2.92,-14.03,18950000.0,6029000000.0,6029000000.0
sz300981,300981,sz,中红医疗,14.44,-1.97,2.59,0.7,-49.0,1.21,-5.81,-6.11,35.21,14.24,18.25,146860000.0,6193000000.0,5675000000.0
sh600230,600230,sh,沧州大化,14.44,-1.23,2.22,0.64,55.24,1.46,-3.86,-9.35,11.94,-1.55,-5.23,133240000.0,5978000000.0,5978000000.0
sz300294,300294,sz,博雅生物,14.43,-4.94,2.0,0.91,-118.4,0.98,-6.18,-8.38,-2.04,-12.49,-35.94,147850000.0,7276000000.000001,7276000000.000001
sz002703,002703,sz,浙江世宝,14.43,5.71,11.06,1.63,62.08,5.45,-1.97,-2.96,14.71,-23.41,-29.95,958420000.0,11871000000.0,8456999999.999999
sh600694,600694,sh,大商股份,14.43,0.49,0.66,0.85,10.93,0.62,0.21,-1.03,2.12,-4.18,-6.24,35970000.0,5466000000.0,5466000000.0
sh605183,605183,sh,确成股份,14.42,0.21,0.17,0.68,13.66,1.92,-2.7,-3.74,3.74,-8.5,-26.13,10300000.0,5987000000.0,5947000000.0
sh603191,603191,sh,望变电气,14.42,-2.1,2.27,0.61,70.98,1.91,-9.48,0.84,8.34,-33.91,-2.3,108030000.0,4758000000.0,4758000000.0
sh688619,688619,sh,罗普特,14.41,-6.37,3.08,1.38,-12.06,4.13,-7.27,-0.76,14.18,-12.03,5.96,82830000.0,2672000000.0,2672000000.0
sh603273,603273,sh,天元智能,14.41,-0.62,2.99,0.72,112.05,3.48,-0.48,0.35,11.45,-3.74,-31.25,24230000.0,3104000000.0,808000000.0
sz001216,001216,sz,华瓷股份,14.4,-0.69,0.54,0.62,19.66,1.71,-2.96,-4.0,7.14,-8.47,-13.89,18990000.0,4204000000.0,3536000000.0
sh688772,688772,sh,珠海冠宇,14.4,-2.96,1.55,0.78,39.92,2.37,-3.74,-1.97,-0.96,-9.55,-32.18,258600000.0,16391000000.0,16391000000.0
bj920167,920167,bj,同享科技,14.4,-2.57,1.43,0.92,25.77,2.39,-2.96,-6.43,-1.84,-17.43,-15.69,13610000.0,1584000000.0,941000000.0
sh603903,603903,sh,中持股份,14.39,1.41,6.78,1.46,-40.08,2.57,-1.51,10.02,22.36,31.18,-1.1,242730000.0,3674000000.0,3674000000.0
sh601567,601567,sh,三星电气,14.39,-3.03,0.95,1.15,21.24,1.76,-7.22,-10.12,-4.89,-11.21,-37.1,194240000.0,20221000000.0,20221000000.0
sh600722,600722,sh,金牛化工,14.38,1.63,22.62,1.07,205.68,7.76,21.45,14.86,39.75,39.21,142.09,2261110000.0,9783000000.0,9783000000.0
bj920627,920627,bj,力王股份,14.38,5.58,8.0,4.39,45.17,2.9,1.63,-1.3,8.36,-17.17,-32.3,54660000.0,1358000000.0,673000000.0
sz300622,300622,sz,博士眼镜,14.35,-2.58,3.28,1.07,28.91,5.17,-4.59,-9.58,3.39,-16.47,-34.75,104320000.0,4578000000.0,3129000000.0
sh605365,605365,sh,立达信,14.35,3.68,2.53,3.36,34.44,1.93,1.41,2.14,12.37,-15.14,-45.33,181620000.0,7204000000.000001,7204000000.000001
bj920374,920374,bj,云里物里,14.35,-0.62,1.02,0.72,90.78,4.8,-5.65,-7.66,1.63,-10.9,-37.71,5160000.0,1228000000.0,501000000.0
sz300988,300988,sz,津荣天宇,14.34,-2.18,1.47,0.72,30.28,2.2,-6.58,-5.28,-1.65,-19.93,-10.99,34210000.0,2824000000.0,2325000000.0
sz300416,300416,sz,苏试试验,14.34,-2.45,2.58,0.75,27.05,2.58,-9.18,-6.58,2.21,-25.35,-18.94,187310000.0,7293000000.000001,7243000000.000001
sz002890,002890,sz,弘宇股份,14.33,-1.38,0.88,0.84,223.85,4.03,-0.49,-1.78,10.23,-5.5,-1.67,20130000.0,2434000000.0,2314000000.0
sz002907,002907,sz,华森制药,14.31,0.35,5.98,0.6,80.62,3.44,-14.77,2.95,14.48,15.78,-3.11,291260000.0,5976000000.0,4852000000.0
sz300201,300201,sz,海伦哲,14.3,-6.23,4.36,1.36,40.89,7.64,-6.35,-11.4,0.99,-25.4,110.29,622090000.0,14429000000.0,14353000000.0
sz300594,300594,sz,ST朗进,14.29,-2.32,0.59,0.47,-95.12,1.72,-6.6,-7.81,10.09,-17.16,-27.13,7760000.0,1313000000.0,1300000000.0
sh601033,601033,sh,永兴股份,14.29,0.42,0.89,0.72,14.27,1.23,-0.42,-1.31,0.78,-0.56,-1.45,30370000.0,12861000000.000002,3429999999.9999995
sz300667,300667,sz,必创科技,14.28,-2.33,3.24,0.82,-31.46,2.81,-3.38,-3.58,6.89,-16.0,-19.23,82000000.0,2922000000.0,2532000000.0
bj920346,920346,bj,威贸电子,14.28,-1.04,0.39,0.46,24.53,2.51,-5.56,-7.09,-0.07,-17.5,-42.14,2510000.0,1152000000.0,641000000.0
sz301167,301167,sz,建研设计,14.27,-0.7,2.67,1.52,75.29,1.68,1.28,1.71,20.02,-5.99,-11.7,40240000.0,1598000000.0,1509000000.0
sz300925,300925,sz,法本信息,14.27,-1.11,1.39,0.69,61.56,2.75,-4.61,-6.67,2.74,-9.45,-32.66,69320000.0,6118000000.0,4988000000.0
sh605218,605218,sh,伟时电子,14.27,-2.66,0.99,0.77,-202.89,1.96,-3.45,-0.76,13.98,-11.8,-22.57,30110000.0,3465000000.0,3037000000.0
sh600619,600619,sh,海立股份,14.27,2.74,3.81,1.6,118.74,2.49,-2.59,1.57,14.9,-6.38,-32.28,433040000.0,15316999999.999998,11262000000.0
sz300768,300768,sz,迪普科技,14.26,-2.46,1.2,0.49,45.56,2.6,-12.08,-15.07,-10.99,-11.54,-22.71,72330000.0,9181000000.0,5999000000.0
sz300024,300024,sz,机器人,14.26,-4.17,2.19,0.67,-45.41,5.51,-8.88,-9.63,-4.3,-3.58,-21.61,490670000.0,22326000000.0,22319000000.0
sz000032,000032,sz,深桑达Ａ,14.26,-3.65,2.95,0.79,-98.78,2.36,-8.82,-1.66,-5.19,-13.29,-26.21,511900000.0,17328000000.0,17328000000.0
sh601788,601788,sh,光大证券,14.25,0.14,0.34,0.85,15.39,1.07,-2.8,-3.0,-2.33,-0.14,-18.8,192040000.0,65704000000.0,55670000000.00001
sh688236,688236,sh,春立医疗,14.24,-1.73,0.75,0.8,19.78,1.83,-5.07,-7.59,2.82,-11.72,-36.77,31040000.0,5462000000.0,4107000000.0
bj920579,920579,bj,机科股份,14.24,-2.8,1.18,0.61,-31.34,4.07,-5.26,-7.23,2.74,-14.99,-45.46,7570000.0,1844000000.0000002,635000000.0
sz300686,300686,sz,智动力,14.23,-3.0,4.26,0.87,-34.03,4.74,-5.95,-10.73,17.51,-8.19,-5.51,157630000.0,3709000000.0000005,3684000000.0000005
sz002350,002350,sz,北京科锐,14.23,-1.52,1.4,0.78,384.5,4.35,-7.3,-14.69,-6.81,-15.99,75.51,104970000.0,7717000000.0,7550000000.0
sz001222,001222,sz,源飞宠物,14.23,-1.86,2.62,0.66,23.99,1.91,-4.69,-7.66,8.63,-12.21,-39.86,42590000.0,2716000000.0,1607999999.9999998
sh603477,603477,sh,巨星农牧,14.23,-0.84,2.12,0.59,-16.33,2.72,-3.59,-8.02,-3.98,-10.17,-17.22,152760000.0,7442000000.0,7258000000.0
sz300221,300221,sz,银禧科技,14.22,-1.25,8.8,1.81,43.09,4.44,1.07,1.43,28.22,3.19,39.14,585840000.0,6737000000.0,6570000000.0
sh603103,603103,sh,横店影视,14.22,-2.2,0.66,1.02,-86.24,7.67,-6.63,-8.2,5.26,-37.96,-14.23,59760000.0,9018000000.0,9018000000.0
sh600129,600129,sh,太极集团,14.21,-5.71,4.33,0.57,70.18,2.2,-16.21,-12.55,-8.85,-0.84,-21.27,345250000.0,7836000000.0,7836000000.0
sz300989,300989,sz,蕾奥规划,14.2,-1.39,3.06,0.9,-215.83,3.11,0.0,5.89,42.57,-1.05,-19.5,71200000.0,2990000000.0,2313000000.0
sz300549,300549,sz,优德精密,14.2,-0.84,1.34,0.95,353.12,3.47,-1.39,0.21,13.15,-8.74,-24.51,19300000.0,1893000000.0,1435000000.0
sz300691,300691,sz,联合光电,14.19,-1.94,1.52,0.86,129.92,2.32,-0.91,3.88,14.25,-11.48,-17.83,47650000.0,3818000000.0,3132000000.0
sh600721,600721,sh,百花医药,14.19,7.09,32.04,1.07,205.06,6.88,1.21,22.43,102.71,94.38,16.31,1701460000.0,5457000000.0,5457000000.0
sz002715,002715,sz,登云股份,14.18,0.21,2.57,1.01,-207.65,4.21,-2.41,3.81,13.17,-8.69,-18.32,50220000.0,1957000000.0,1957000000.0
sz002633,002633,sz,申科股份,14.18,-2.0,1.11,1.08,182.43,6.0,-4.19,-6.77,8.0,-18.83,-13.8,23620000.0,2127000000.0,2121000000.0
sh603348,603348,sh,文灿股份,14.18,0.42,0.57,0.84,-7.73,1.17,-3.21,-2.41,8.91,-11.76,-26.38,25340000.0,4459000000.0,4459000000.0
sh603215,603215,sh,比依股份,14.18,-1.12,0.45,0.79,60.92,1.84,-2.88,-4.58,7.83,-8.52,-34.98,12080000.0,3043000000.0,2655000000.0
sh600769,600769,sh,祥龙电业,14.18,-7.62,5.23,1.67,380.21,40.51,-14.37,-6.89,2.9,-5.78,17.77,288130000.0,5317000000.0,5317000000.0
sh603237,603237,sh,五芳斋,14.17,0.14,0.54,0.78,25.35,1.84,-1.05,-3.01,4.27,-9.37,-12.45,14660000.0,2777000000.0,2690000000.0
sh600396,600396,sh,华电辽能,14.17,-0.77,8.38,0.68,514.63,13.6,-16.25,-17.66,-9.63,-29.26,397.19,1749460000.0,20868000000.0,20868000000.0
sz002258,002258,sz,利尔化学,14.16,-2.95,2.49,0.54,25.71,1.44,-5.22,-2.21,-1.8,15.78,10.19,282960000.0,11334000000.0,11316000000.0
sh603131,603131,sh,上海沪工,14.16,-2.14,1.54,0.68,-321.12,2.89,-10.15,-11.44,1.8,-24.72,-53.19,73690000.0,4771000000.0,4771000000.0
sz300404,300404,sz,博济医药,14.15,-1.94,16.76,0.55,126.78,5.14,-19.6,26.0,47.09,42.11,51.87,680630000.0,5458000000.0,4040000000.0
sz002900,002900,sz,哈三联,14.15,2.76,30.27,1.47,-14.08,2.54,-5.16,-4.59,12.84,38.05,13.56,677840000.0,4476000000.0,2280000000.0
sh600850,600850,sh,电科数字,14.15,-1.6,0.75,0.73,38.04,2.41,-5.98,-9.06,1.87,-29.75,-42.4,86470000.0,11550000000.0,11550000000.0
sz300424,300424,sz,航新科技,14.14,0.86,2.69,0.78,-137.21,4.78,-7.1,-3.22,0.93,-30.82,-22.77,96800000.0,3629000000.0,3627000000.0000005
sz300401,300401,sz,花园生物,14.14,-8.42,7.1,0.96,27.99,2.32,-11.18,-2.82,8.02,15.52,-5.78,548690000.0,7704000000.000001,7579000000.000001
sz300882,300882,sz,万胜智能,14.13,-1.88,0.51,0.66,37.46,3.28,-7.16,-7.71,-0.14,-15.39,-24.03,19330000.0,4044000000.0,3763000000.0000005
sz300839,300839,sz,博汇股份,14.12,13.23,15.19,5.0,113.87,5.61,30.5,30.62,40.5,-15.4,17.28,538560000.0,4068000000.0,3999000000.0
sh600749,600749,sh,西藏旅游,14.12,2.99,7.73,3.81,258.49,3.08,1.8,-3.49,5.14,-4.72,-17.33,253210000.0,3204999999.9999995,3204999999.9999995
sz002984,002984,sz,森麒麟,14.11,0.79,1.28,0.83,15.02,1.08,0.43,-2.49,0.71,-6.99,-33.19,129290000.0,14622000000.0,10073000000.0
sh603767,603767,sh,中马传动,14.11,-2.56,1.3,0.46,-1004.14,3.17,-7.05,-7.05,4.91,-21.26,-41.33,56740000.0,4355000000.0,4355000000.0
sz002468,002468,sz,申通快递,14.1,-0.63,0.96,0.87,13.56,1.92,-3.69,-4.08,3.07,-7.24,5.86,201190000.0,21584000000.0,20816000000.0
sh603239,603239,sh,浙江仙通,14.1,-1.74,0.96,0.69,18.68,2.95,-2.96,-4.73,5.94,-28.32,-30.23,36760000.0,3817000000.0,3817000000.0
sz300996,300996,sz,普联软件,14.09,-1.95,7.63,0.56,59.44,4.31,-17.79,-27.74,8.97,19.1,19.96,354890000.0,5577000000.0,4694000000.0
sz002806,002806,sz,华锋股份,14.09,-1.33,2.87,0.84,-69.87,2.68,-2.29,-1.61,12.45,-23.8,13.08,70110000.0,2994000000.0,2453000000.0
sh605378,605378,sh,野马电池,14.09,-0.35,0.62,0.95,94.6,3.05,-2.08,-1.61,8.72,-14.4,-36.9,22980000.0,3682000000.0,3682000000.0
sz300568,300568,sz,星源材质,14.08,-2.76,3.84,0.78,1111.95,2.16,-7.06,-0.35,12.37,-11.0,-7.61,658810000.0,21053000000.0,17016999999.999998
sz300519,300519,sz,新光药业,14.08,-1.47,3.46,0.57,40.2,2.76,-4.22,-1.88,7.48,1.29,-3.56,55710000.0,2253000000.0,1607000000.0
sz002856,002856,sz,*ST美芝,14.08,-4.41,3.02,0.79,-9.78,-37.44,-3.69,-1.61,-0.14,-36.75,19.22,53650000.0,1905000000.0,1745000000.0
bj920508,920508,bj,殷图网联,14.08,-0.56,0.8,0.51,332.15,4.45,-3.69,-8.57,-4.86,-14.09,-36.58,3620000.0,844999999.9999999,449000000.0
sz300831,300831,sz,ST派瑞,14.07,-0.07,1.85,0.68,76.13,4.69,-7.61,-7.97,-5.25,-36.25,28.15,47950000.0,4502000000.0,2596000000.0
sz003040,003040,sz,楚天龙,14.07,10.01,11.15,2.61,-276.11,4.52,19.44,11.93,34.0,8.82,-31.93,700510000.0,6488000000.0,6428000000.0
sz300715,300715,sz,凯伦股份,14.06,-2.9,3.1,1.06,188.02,3.03,-2.7,0.21,16.58,-34.21,34.67,135160000.0,5315000000.0,4400000000.0
sz300533,300533,sz,冰川网络,14.06,-0.99,1.44,0.69,16.2,3.59,-7.5,-9.35,5.63,-12.62,-41.64,46620000.0,4615000000.0,3247000000.0
sz301303,301303,sz,真兰仪表,14.05,0.29,0.97,0.82,17.61,1.7,-2.9,-0.99,7.01,5.64,-5.45,42210000.0,5744000000.0,4419000000.0
sz300019,300019,sz,硅宝科技,14.05,-3.37,1.4,0.79,25.61,2.06,-9.12,-6.52,0.86,-20.71,-30.96,72720000.0,5523000000.0,5180000000.0
sz000672,000672,sz,上峰材料,14.05,0.43,2.34,1.32,7.76,1.37,-4.42,-0.07,0.21,-17.55,12.24,317770000.0,13619999999.999998,13619999999.999998
sh600879,600879,sh,航天电子,14.05,-3.5,2.38,0.74,202.83,2.23,-14.59,-14.59,-6.83,-27.91,-34.03,1104690000.0,46355000000.0,46355000000.0
sh600444,600444,sh,国机通用,14.05,-0.85,2.5,0.68,34.84,2.69,0.57,1.81,14.69,-6.02,-22.67,51770000.0,2057000000.0,2057000000.0
sh603630,603630,sh,拉芳家化,14.04,-2.57,2.51,0.86,-139.03,1.67,-5.58,-7.81,-2.7,-0.92,-27.48,79640000.0,3162000000.0,3162000000.0
bj920924,920924,bj,广脉科技,14.04,-2.36,1.45,0.54,105.16,4.69,-7.99,-9.48,7.34,-18.42,-32.86,13440000.0,1506000000.0,918000000.0
sh688718,688718,sh,唯赛勃,14.03,-1.75,0.91,0.84,48.46,3.02,-4.1,1.15,16.33,-11.37,7.26,22190000.0,2438000000.0,2438000000.0
bj920425,920425,bj,乐创技术,14.02,-3.71,3.36,0.96,27.44,4.92,-4.43,-4.17,2.11,-15.94,-4.58,39340000.0,1412000000.0,1162000000.0
bj920079,920079,bj,乔路铭,14.01,3.24,6.36,1.21,13.54,2.37,0.57,-5.34,-13.3,-2.44,-2.44,63990000.0,5833000000.0,1017000000.0
sz300481,300481,sz,濮阳惠成,13.99,-1.62,2.97,0.58,33.22,1.68,-8.2,-0.14,6.55,-3.32,-8.56,120280000.0,4083000000.0,4058000000.0
sz300413,300413,sz,芒果超媒,13.98,-6.99,3.07,2.44,39.3,1.13,-9.34,-13.6,-7.91,-18.67,-42.14,443260000.0,26152999999.999996,14283000000.000002
sz300181,300181,sz,佐力药业,13.98,-1.2,2.62,0.53,15.08,3.08,-4.83,-2.65,-0.43,1.08,-11.6,221100000.0,9805000000.0,8429000000.000001
sz002232,002232,sz,启明信息,13.98,0.5,0.77,0.92,169.15,4.02,-3.72,-5.22,3.79,-9.49,-25.54,43860000.0,5712000000.0,5712000000.0
sh600143,600143,sh,金发科技,13.97,-2.38,1.11,0.45,30.91,1.91,-10.51,-11.08,-3.85,-16.4,-27.77,409900000.0,37346000000.0,36809000000.0
sz002576,002576,sz,通达动力,13.96,-1.48,1.33,0.75,28.26,1.77,-3.86,-5.55,3.64,-16.01,-19.4,30160000.0,2305000000.0,2262000000.0
sh688365,688365,sh,光云科技,13.96,-2.45,2.03,0.89,-2556.28,6.15,-12.8,-13.72,4.41,-22.87,-17.25,121660000.0,5951000000.0,5951000000.0
sh603922,603922,sh,ST金鸿顺,13.96,1.31,1.19,1.0,-25.88,2.69,5.52,26.91,39.18,-11.81,-32.76,29660000.0,2502000000.0,2502000000.0
sh600499,600499,sh,科达制造,13.96,-1.83,1.1,0.77,17.29,2.13,-1.41,-1.83,-9.0,-12.97,2.87,296410000.0,26773000000.0,26773000000.0
sz300947,300947,sz,德必集团,13.95,-1.55,1.57,0.62,-33.9,1.78,-2.04,-3.86,12.41,-10.06,-30.73,33240000.0,2107999999.9999998,2107999999.9999998
sz002095,002095,sz,生 意 宝,13.95,-1.06,0.58,0.8,-260.22,4.08,-2.65,-3.73,5.52,-0.64,-22.46,20460000.0,3525000000.0,3511000000.0
sz000695,000695,sz,滨海能源,13.95,1.68,5.11,1.05,-41.85,9.3,-0.99,9.58,7.14,-7.86,9.76,158730000.0,3233000000.0,3094000000.0
sz300797,300797,sz,钢研纳克,13.94,-3.86,2.72,0.67,30.6,3.94,-2.99,4.58,20.69,-0.01,-17.13,145220000.0,5335000000.0,5321000000.0
sz000708,000708,sz,中信特钢,13.94,2.2,0.36,1.29,11.5,1.6,1.01,0.07,-1.9,-1.41,-12.46,253710000.0,70357000000.0,70357000000.0
sh600886,600886,sh,国投电力,13.94,1.31,0.32,0.82,15.01,1.72,0.65,-2.24,-1.91,1.07,10.53,329470000.0,111583000000.0,103910999999.99998
bj920765,920765,bj,美之高,13.94,-1.83,1.58,0.5,-496.39,4.04,0.14,13.43,13.24,5.37,-32.43,11620000.0,1212000000.0,736000000.0
sz300893,300893,sz,松原安全,13.93,-6.82,2.33,2.18,20.02,3.1,-13.48,-16.74,-6.7,-32.68,-40.88,82910000.0,6589000000.0,3495000000.0000005
sz002654,002654,sz,万润科技,13.93,3.34,12.92,1.83,411.97,7.6,-1.49,3.03,16.86,-8.91,-0.87,1519400000.0,11775000000.0,11774000000.0
sh600793,600793,sh,宜宾纸业,13.93,-1.97,2.38,0.71,-169.21,10.88,-6.51,-11.05,10.38,-1.55,-33.98,58680000.0,2464000000.0,2464000000.0
sh600338,600338,sh,西藏珠峰,13.93,0.58,6.13,1.49,22.49,2.68,0.36,-2.99,10.82,-23.17,-7.26,782480000.0,12735000000.0,12735000000.0
sz300377,300377,sz,赢时胜,13.92,-0.5,2.98,0.86,-3388.58,4.33,-3.67,-2.59,5.94,2.43,-38.27,290060000.0,10454000000.0,9759000000.0
sz000519,000519,sz,中兵红箭,13.92,-1.9,1.95,0.76,162.07,1.87,-8.18,-7.26,-2.66,-29.14,-23.45,377310000.0,19384000000.0,19384000000.0
sh601058,601058,sh,赛轮轮胎,13.91,0.65,0.54,0.6,12.92,2.1,-0.43,0.29,1.98,11.73,-13.06,248090000.0,45737000000.0,45737000000.0
sh688562,688562,sh,航天软件,13.9,-0.64,0.73,0.9,-218.12,3.34,-3.74,-6.14,4.2,-18.9,-41.79,40900000.0,5560000000.0,5560000000.0
sh605155,605155,sh,西大门,13.9,-1.28,0.89,0.77,24.36,1.99,-6.33,-4.01,11.02,-8.13,-18.24,23080000.0,2648000000.0,2605000000.0
sh601965,601965,sh,中国汽研,13.9,-1.0,0.4,0.68,12.93,1.74,-1.28,-3.34,-2.18,-9.8,-15.04,55300000.0,13937000000.0,13878000000.0
bj920641,920641,bj,格利尔,13.9,-0.57,5.75,0.88,192.74,3.06,8.85,7.09,16.03,-7.4,-23.79,36680000.0,1044000000.0,630000000.0
sz002945,002945,sz,华林证券,13.89,-0.79,0.3,0.74,75.46,5.21,-4.07,-4.6,5.95,-4.36,-9.06,114300000.0,37503000000.0,37503000000.0
sh603213,603213,sh,镇洋发展,13.89,-0.57,0.4,0.81,82.16,3.36,1.09,0.22,0.29,-5.51,7.84,24800000.0,6180000000.0,6180000000.0
sh600531,600531,sh,豫光金铅,13.89,-0.07,8.56,1.9,18.54,2.45,2.74,-0.07,18.82,6.72,20.42,1439600000.0,16797000000.0,16797000000.0
sz000066,000066,sz,中国长城,13.88,-2.73,1.92,0.57,2219.41,4.1,-8.62,-5.64,-6.66,-22.02,-3.68,864820000.0,44774000000.0,44771000000.0
sz300101,300101,sz,振芯科技,13.87,-1.35,1.13,0.86,502.29,4.47,-8.57,-9.23,0.14,-19.5,-51.21,88420000.0,7877000000.0,7850000000.0
sz002579,002579,sz,中京电子,13.87,-6.66,15.18,1.25,-105.2,3.69,-9.94,-6.41,11.67,-19.13,13.88,1239810000.0,8497000000.0,8092000000.0
sh600756,600756,sh,浪潮软件,13.87,-2.53,2.76,0.44,-18.33,2.17,-6.66,-12.1,-0.86,-1.35,-24.7,125060000.0,4849000000.0,4495000000.0
sh688750,688750,sh,金天钛业,13.84,-1.56,1.18,0.96,107.57,2.6,-6.23,-7.92,-0.91,-20.17,-30.62,38380000.0,6401000000.000001,3224000000.0
sh688349,688349,sh,三一重能,13.84,-1.14,0.29,0.84,20.36,1.58,-4.62,-8.41,-5.01,-12.59,-27.82,63980000.0,22052000000.0,21676000000.0
sh603788,603788,sh,宁波高发,13.84,-0.43,0.41,0.91,14.23,1.55,-2.05,-2.19,4.22,-6.8,-10.94,12600000.0,3087000000.0,3087000000.0
sh600933,600933,sh,爱柯迪,13.84,0.8,0.67,0.76,12.58,1.51,-1.42,0.29,7.79,-11.05,-29.75,90500000.0,14255000000.000002,13577000000.000002
sh605339,605339,sh,南侨食品,13.83,-0.43,0.4,0.4,803.67,1.72,-7.8,2.83,18.51,-3.42,-29.4,23860000.0,5868000000.0,5868000000.0
sz002393,002393,sz,力生制药,13.82,-4.16,1.73,1.08,28.09,0.95,-6.62,-7.19,-0.86,-7.0,-20.36,72840000.0,4261000000.0,4149000000.0
sh603155,603155,sh,新亚强,13.82,0.51,1.93,1.0,66.53,2.96,-4.56,-1.99,0.95,14.51,19.43,121290000.0,6328000000.0,6328000000.0
sh603339,603339,sh,四方科技,13.81,-0.79,1.56,0.81,24.93,1.56,-2.33,-1.43,17.73,10.17,8.95,66680000.0,4272999999.9999995,4272999999.9999995
sh600592,600592,sh,龙溪股份,13.8,-0.93,1.09,0.59,39.81,2.16,-6.82,-6.44,5.26,-31.29,-49.31,60270000.0,5514000000.0,5514000000.0
sz002602,002602,sz,世纪华通,13.79,-0.22,0.71,0.54,16.18,3.19,-1.99,-3.63,9.18,-5.42,-18.88,660710000.0,101642000000.0,93728000000.0
sh605208,605208,sh,永茂泰,13.79,-0.36,3.27,0.93,35.49,2.0,-5.61,0.15,17.06,-1.22,2.0,146670000.0,4550000000.0,4550000000.0
sh601177,601177,sh,杭齿前进,13.79,-1.15,6.57,3.94,19.74,1.88,2.68,3.14,13.4,-22.27,-20.2,372850000.0,5622000000.0,5549000000.0
sz003042,003042,sz,中农联合,13.78,-2.75,6.35,0.68,-14.16,1.6,1.92,2.84,16.29,-5.42,-14.2,108240000.0,1963000000.0,1698999999.9999998
sh688466,688466,sh,金科环境,13.78,-0.93,1.07,1.08,83.15,1.49,-2.27,-0.14,14.93,-13.46,-13.78,18050000.0,1682999999.9999998,1682999999.9999998
sz300171,300171,sz,东富龙,13.77,-4.57,3.72,0.75,50.76,1.34,-2.2,4.95,13.05,17.69,-11.84,292230000.0,10545000000.0,7748000000.0
sh688173,688173,sh,希荻微,13.77,-0.29,3.6,1.63,-60.64,3.65,-4.31,-0.58,8.85,-18.62,-6.33,209300000.0,5718000000.0,5664000000.0
sz300847,300847,sz,中船汉光,13.76,-0.29,0.82,0.69,35.71,2.74,-4.97,-8.39,-9.41,-3.78,-19.17,33290000.0,4072999999.9999995,4072999999.9999995
sz300838,300838,sz,浙江力诺,13.75,-1.08,1.98,0.9,-58.11,1.99,-1.36,0.0,16.72,-18.88,-9.84,27740000.0,1897000000.0,1399000000.0
sz002078,002078,sz,太阳纸业,13.75,0.59,0.58,1.25,12.0,1.26,-0.94,-2.0,-3.91,1.03,-11.58,219630000.0,39245000000.0,38178000000.0
sz000902,000902,sz,新洋丰,13.75,0.95,1.87,1.21,10.64,1.38,3.7,1.63,3.15,5.61,-10.83,294820000.0,17253000000.0,15713000000.0
sh688512,688512,sh,慧智微-U,13.75,-4.51,4.28,1.07,-21.74,4.07,-9.95,-7.28,19.25,-0.65,23.21,192620000.0,6502000000.0,4463000000.0
sh605006,605006,sh,山东玻纤,13.75,-3.1,3.5,0.59,1271.52,2.91,-12.75,-7.03,-1.65,-24.95,88.36,312190000.0,8987000000.0,8987000000.0
bj920247,920247,bj,华密新材,13.75,-0.07,0.81,0.5,55.63,5.39,-4.51,-7.66,0.66,-20.75,-39.18,15210000.0,2599000000.0,1886000000.0
sz300641,300641,sz,正丹股份,13.74,-1.51,0.95,0.67,22.5,2.27,-8.46,-8.76,-2.28,-6.21,-19.88,68800000.0,7220999999.999999,7220999999.999999
sz002800,002800,sz,天顺股份,13.74,-2.9,5.23,1.82,-83.34,4.32,0.51,0.88,15.17,-21.35,-12.82,107440000.0,2092000000.0000002,2011000000.0
sh605056,605056,sh,咸亨国际,13.74,-3.17,1.21,0.94,21.31,3.29,-8.83,-10.02,4.57,-36.03,-14.71,67410000.0,5625000000.0,5543000000.0
sh603949,603949,sh,雪龙集团,13.74,-2.14,1.09,1.09,30.27,2.73,-4.91,-5.44,6.18,-12.93,-25.93,31570000.0,2896000000.0,2888000000.0
sh603214,603214,sh,爱婴室,13.74,-0.51,1.32,1.01,22.84,1.65,-0.94,-0.87,14.02,-6.4,-18.73,25060000.0,1904000000.0,1904000000.0
sh600501,600501,sh,航天晨光,13.74,-3.1,1.48,0.98,-34.42,3.87,-8.46,-8.89,2.16,-24.92,-54.4,87610000.0,5878000000.0,5878000000.0
sh603316,603316,sh,诚邦股份,13.72,-2.35,2.66,0.74,-37.39,6.18,-8.78,-4.46,3.7,-36.36,-5.38,96090000.0,3704000000.0,3626000000.0
sz002830,002830,sz,名雕股份,13.7,0.07,2.2,0.63,58.84,3.87,-1.72,-1.01,14.26,-9.28,-1.05,27860000.0,2547000000.0,1272000000.0
sh603042,603042,sh,华脉科技,13.7,-0.87,4.65,1.11,-126.59,3.36,-4.6,4.02,22.1,-8.69,5.05,131870000.0,2860000000.0,2860000000.0
sh601136,601136,sh,首创证券,13.7,-0.22,0.22,0.85,33.98,2.68,-3.86,-6.29,-1.86,-5.47,-26.82,84080000.0,37447000000.0,37447000000.0
sz000948,000948,sz,南天信息,13.69,-1.65,2.04,0.74,97.5,1.95,-4.6,-9.99,7.04,4.42,-23.6,108930000.0,5338000000.0,5327000000.0
sz000099,000099,sz,中信海直,13.69,-0.29,0.63,0.76,34.19,1.93,-4.2,-5.26,-0.94,-12.24,-33.71,67380000.0,10620000000.0,10620000000.0
sz002732,002732,sz,燕塘乳业,13.67,-0.87,0.8,0.85,43.92,1.43,-2.01,-2.15,10.78,-6.11,-19.4,17100000.0,2151000000.0,2139999999.9999998
sh601198,601198,sh,东兴证券,13.67,0.51,0.45,0.76,19.15,1.45,-0.07,-1.09,-0.22,2.94,-0.87,198040000.0,44188000000.0,44188000000.0
sz301083,301083,sz,百胜智能,13.66,-2.64,2.9,1.47,131.72,2.93,-4.34,-3.05,11.42,-9.82,-27.56,34720000.0,2430000000.0,1188000000.0
sz300498,300498,sz,温氏股份,13.66,0.52,0.57,0.77,41.63,2.38,1.41,-2.71,-1.59,1.33,-18.11,461270000.0,90893000000.0,81221000000.0
sh603272,603272,sh,*ST联翔,13.66,-4.14,2.74,0.76,-81.77,2.63,-9.24,-13.6,-11.3,-67.5,-32.07,39560000.0,1416000000.0,1416000000.0
sh600546,600546,sh,山煤国际,13.66,3.41,2.02,1.72,20.21,1.69,4.51,2.71,10.25,1.0,40.32,543060000.0,27080000000.0,27080000000.0
sz300522,300522,sz,世名科技,13.65,-7.89,11.68,1.72,656.88,5.66,-9.48,-0.15,15.38,11.61,8.85,420720000.0,4401000000.0,3599000000.0
sz002493,002493,sz,荣盛石化,13.65,-0.8,0.51,0.77,44.34,3.0,6.89,0.96,15.97,22.27,17.53,646800000.0,136356000000.0,127465000000.00002
bj920028,920028,bj,新恒泰,13.65,-2.22,1.36,0.59,19.88,1.98,-1.87,-3.47,3.25,-22.22,45.21,12190000.0,2244000000.0,886999999.9999999
sz300035,300035,sz,中科电气,13.63,-1.59,3.9,0.69,23.35,1.92,-1.16,-2.29,1.11,-15.92,-35.22,312980000.0,9342000000.0,7951000000.000001
sh603819,603819,sh,神力股份,13.61,-0.07,2.11,0.62,113.33,3.69,-2.44,-5.16,19.39,8.71,12.48,62020000.0,2963000000.0,2963000000.0
sh603367,603367,sh,辰欣药业,13.61,-3.48,2.2,0.74,15.09,0.99,-9.15,-8.66,-4.42,-1.38,-20.69,136870000.0,6162000000.0,6162000000.0
sz300351,300351,sz,永贵电器,13.6,-1.88,2.57,0.83,302.36,2.19,-7.55,-4.23,-0.15,-23.98,-24.4,91990000.0,5289000000.0,3582000000.0
sh603219,603219,sh,富佳股份,13.6,0.59,0.47,1.0,138.95,4.81,-6.66,-5.29,7.17,-14.79,-19.0,36150000.0,7634999999.999999,7634999999.999999
sz002268,002268,sz,电科网安,13.59,0.07,0.82,0.98,314.76,2.1,-4.16,-5.89,-1.74,-3.79,-33.76,94740000.0,11492000000.0,11487000000.0
bj920261,920261,bj,一诺威,13.58,-0.8,0.51,0.64,18.54,2.43,1.04,-1.31,5.03,-0.8,-7.18,11070000.0,3954000000.0,2176000000.0
sh603206,603206,sh,嘉环科技,13.57,-0.88,0.79,0.68,105.31,1.82,-6.02,-6.99,5.44,-19.51,-21.24,32510000.0,4142000000.0,4142000000.0
bj920000,920000,bj,安徽凤凰,13.56,1.04,1.14,0.72,20.26,1.82,-4.24,-12.35,-0.59,-0.73,-29.56,8900000.0,1243000000.0,781000000.0
sh603386,603386,sh,骏亚科技,13.55,-2.17,1.69,0.73,-104.21,3.38,-4.71,2.81,14.25,-13.2,-11.61,74540000.0,4422000000.0,4422000000.0
sh688186,688186,sh,广大特材,13.54,-2.45,0.92,0.68,27.74,0.8,-6.69,-8.02,-0.81,-33.07,-40.3,35350000.0,3797999999.9999995,3797999999.9999995
sh600021,600021,sh,上海电力,13.53,-0.95,0.73,0.8,15.24,1.93,-4.25,-8.58,-6.24,-38.25,-31.15,277280000.0,38180000000.0,38180000000.0
sh603565,603565,sh,中谷物流,13.52,10.01,2.62,1.93,14.33,2.71,26.71,30.0,31.26,30.0,37.96,731250000.0,28393000000.0,28393000000.0
sz002729,002729,sz,好利科技,13.51,-1.17,1.87,0.94,61.02,4.36,-4.32,-3.36,6.38,-28.89,-15.62,44350000.0,2472000000.0,2370000000.0
sh601101,601101,sh,昊华能源,13.51,6.21,5.29,1.28,24.05,1.56,6.46,0.9,23.27,14.39,95.51,1004890000.0,19454000000.0,19454000000.0
sz301006,301006,sz,迈拓股份,13.5,-1.82,1.43,0.93,21.47,1.46,-2.39,-2.53,13.92,-10.25,-17.14,16270000.0,1880000000.0,1132000000.0
sz300642,300642,sz,透景生命,13.5,-1.53,2.62,0.89,-896.15,1.56,-2.1,-2.1,13.64,-3.23,-26.2,48920000.0,2191000000.0,1859000000.0
sh603025,603025,sh,大豪科技,13.5,-2.24,0.9,0.45,17.87,5.46,-10.0,-0.3,7.48,-12.73,-22.9,135340000.0,15075000000.0,14974000000.0
sz002438,002438,sz,江苏神通,13.49,-2.6,1.23,0.74,23.98,1.82,-5.4,-4.73,10.03,-18.24,-14.08,77710000.0,6847000000.0,6325000000.0
sh603165,603165,sh,荣晟环保,13.49,-2.39,1.26,1.17,18.42,1.88,-2.46,-3.99,6.56,-12.29,20.66,53570000.0,4219000000.0,4219000000.0
sz002034,002034,sz,旺能环境,13.48,-1.32,1.24,1.22,9.65,0.96,-4.26,-6.19,-3.99,-30.41,-15.22,86480000.0,6965000000.000001,6936000000.0
sz001202,001202,sz,炬申股份,13.48,-1.39,1.24,0.7,30.59,2.62,-1.61,-0.81,3.93,-13.03,-15.01,19690000.0,2247000000.0,1575000000.0
sh603588,603588,sh,高能环境,13.48,-2.53,2.97,0.76,15.13,1.97,-5.14,-8.24,3.37,9.5,76.88,611580000.0,20533000000.0,20533000000.0
bj920392,920392,bj,佳合科技,13.48,-0.81,0.86,0.61,57.02,3.03,-1.25,-2.32,2.82,-19.43,-61.47,4180000.0,1033000000.0,486000000.00000006
sz300733,300733,sz,西菱动力,13.47,-4.54,2.08,1.36,54.05,3.0,-8.74,-6.13,9.6,1.91,-6.99,82600000.0,5342000000.0,3939000000.0
sz000547,000547,sz,航天发展,13.46,-3.03,3.01,0.67,-18.65,5.88,-16.03,-17.88,-5.41,-33.69,-59.22,647540000.0,21515000000.0,21390000000.0
sh603043,603043,sh,广州酒家,13.46,-0.3,0.59,0.81,15.92,2.04,-0.74,-2.89,2.44,-4.06,-21.88,45210000.0,7634999999.999999,7570999999.999999
bj920077,920077,bj,吉林碳谷,13.46,-2.46,0.94,0.84,38.19,2.96,-4.2,-8.93,1.43,-15.87,-20.45,38640000.0,7891000000.0,4064000000.0
sz300940,300940,sz,南极光,13.45,-2.11,2.0,0.86,46.04,2.55,-5.35,-5.94,4.43,-23.97,-52.74,42470000.0,2995000000.0,2118000000.0
sh688722,688722,sh,同益中,13.45,-2.89,1.1,0.96,29.46,2.1,-7.69,-7.11,0.22,-15.83,-30.85,33440000.0,3014000000.0,3014000000.0
sz002549,002549,sz,凯美特气,13.44,-2.11,2.09,0.91,269.86,4.55,-7.82,-8.94,-1.54,-11.7,-36.51,194640000.0,9345000000.0,9305000000.0
bj920706,920706,bj,铁拓机械,13.44,-2.04,1.32,0.69,28.91,2.06,-7.18,-11.87,-1.54,-32.12,-45.92,8450000.0,1271000000.0,641000000.0
sh603317,603317,sh,天味食品,13.43,-0.07,0.93,0.75,19.14,3.43,-8.39,-8.27,-1.1,-9.32,12.2,131600000.0,14263999999.999998,14263999999.999998
sz301311,301311,sz,昆船智能,13.42,-0.45,0.56,0.79,-30.85,1.88,-2.33,-3.59,0.9,-9.39,-28.31,18260000.0,3221000000.0,3221000000.0
sz002368,002368,sz,太极股份,13.42,-3.87,1.24,0.68,-7.49,2.25,-6.55,-7.89,0.37,-12.69,-45.2,104890000.0,8364000000.0,8342000000.0
bj920262,920262,bj,太湖雪,13.42,-0.15,0.87,0.53,23.82,2.93,-5.23,-7.26,7.02,-7.83,-33.73,4520000.0,1113000000.0,517000000.0
sz300265,300265,sz,通光线缆,13.41,-1.9,2.66,0.63,204.94,2.67,-11.07,-9.33,-2.47,-40.82,0.22,166110000.0,6271000000.0,6266000000.0
sz002414,002414,sz,高德红外,13.41,-0.81,1.61,0.92,59.13,7.73,-4.76,-5.7,-6.22,4.2,-8.59,734270000.0,57271000000.0,45575000000.0
sh603677,603677,sh,奇精机械,13.41,-2.05,0.5,0.71,196.86,2.31,-2.26,-3.53,7.11,-21.44,-25.42,13070000.0,2583000000.0,2583000000.0
bj920527,920527,bj,夜光明,13.41,-3.59,1.95,0.89,31.07,2.05,-5.43,-5.36,3.79,-10.56,-24.93,12420000.0,805000000.0000001,624000000.0
bj920242,920242,bj,建邦科技,13.41,-1.97,0.58,0.64,14.93,1.9,-3.53,-4.76,4.44,-18.55,-34.74,4170000.0,1263000000.0,707000000.0
sh601609,601609,sh,金田股份,13.38,1.13,5.54,0.7,28.16,2.27,14.26,28.65,36.25,9.55,25.47,1271110000.0,23129000000.0,23129000000.0
sz300962,300962,sz,中金辐照,13.37,4.78,2.3,2.04,30.33,3.43,-1.33,-0.22,8.43,0.98,-17.16,79150000.0,3529999999.9999995,3529999999.9999995
sz300083,300083,sz,创世纪,13.37,-1.18,4.06,0.73,190.01,4.19,-4.23,-8.24,16.77,33.57,45.17,799100000.0,22259000000.0,19950000000.0
sz000429,000429,sz,粤高速Ａ,13.37,2.53,0.86,1.57,17.52,2.72,1.75,0.91,-7.51,-0.27,19.63,148790000.0,27954000000.000004,17426000000.0
sz002815,002815,sz,崇达技术,13.36,-3.33,6.32,0.91,68.37,1.89,-1.33,3.81,10.78,-19.03,-1.26,654890000.0,16488000000.0,10383000000.0
sz300741,300741,sz,华宝股份,13.35,-0.6,0.28,0.68,103.24,1.21,-0.82,-1.11,7.92,-8.12,-27.84,22910000.0,8222000000.0,8222000000.0
sz003006,003006,sz,百亚股份,13.35,-1.84,3.33,2.22,28.84,3.99,-0.74,-8.37,-3.96,-21.84,-37.73,189940000.0,5736000000.0,5721000000.0
sz000301,000301,sz,东方盛虹,13.34,-2.34,0.39,0.82,71.99,2.54,5.37,-1.4,14.21,10.71,22.5,344640000.0,88194000000.0,88156000000.0
sz301632,301632,sz,广东建科,13.33,-3.89,2.65,0.91,41.71,2.05,-4.1,-14.61,-7.24,-21.68,-44.6,65710000.0,5579000000.0,2450000000.0
sz003005,003005,sz,竞业达,13.33,-0.45,1.57,0.68,-352.35,1.73,-3.62,-4.03,13.83,-13.27,-34.4,26510000.0,3084000000.0,1693000000.0
sz002043,002043,sz,兔 宝 宝,13.32,1.29,2.0,0.82,16.21,3.36,6.05,4.88,5.46,3.0,-5.55,215330000.0,11052000000.0,10737000000.0
sh600182,600182,sh,S佳通,13.32,0.99,0.94,0.54,20.5,4.29,-4.72,1.52,3.9,0.76,-8.77,21110000.0,4529000000.0,2264000000.0
sz000901,000901,sz,航天科技,13.31,-2.56,1.37,0.63,119.47,2.51,-11.44,-12.84,-4.52,-29.95,-53.23,146120000.0,10624000000.0,10624000000.0
sz002125,002125,sz,湘潭电化,13.3,4.72,7.73,2.58,25.81,2.42,1.99,4.23,11.95,-9.49,-5.3,645110000.0,8373000000.0,8373000000.0
sh603586,603586,sh,金麒麟,13.3,-0.82,0.7,0.51,56.73,1.16,-2.85,-2.56,9.11,-22.49,-28.61,18270000.0,2608000000.0,2608000000.0
sz301320,301320,sz,豪江智能,13.29,0.76,2.79,1.74,-685.15,2.29,0.53,2.31,13.59,-6.01,-21.46,42330000.0,2419000000.0,1518000000.0
sz002862,002862,sz,实丰文化,13.28,-1.26,1.69,0.85,-13.22,7.41,-4.53,-3.91,8.41,-19.47,-32.0,28890000.0,2251000000.0,1707999999.9999998
sz301260,301260,sz,格力博,13.27,-1.48,0.97,0.98,-16.14,1.49,-5.01,-6.22,6.33,-14.77,-22.17,26650000.0,6414000000.0,2725000000.0
sh603578,603578,sh,三星新材,13.27,-1.63,2.92,0.96,-16.98,2.19,1.84,9.76,16.81,-12.24,9.85,71390000.0,3106000000.0,2393000000.0
sz002606,002606,sz,大连电瓷,13.26,-2.86,3.88,0.79,23.18,2.98,-10.16,-10.65,-6.16,-19.34,52.38,216060000.0,5822000000.0,5587000000.0
sz002986,002986,sz,宇新股份,13.25,-0.38,1.31,0.79,-37.61,1.33,-1.19,3.52,12.96,12.1,23.14,52130000.0,5037000000.0,3999000000.0
sh603210,603210,sh,泰鸿万立,13.24,-0.3,0.84,0.71,21.18,2.37,-3.64,-4.61,1.22,-4.28,-31.55,25990000.0,4507000000.0,3081000000.0
sh600771,600771,sh,广誉远,13.24,-1.49,1.62,0.82,97.9,3.81,-4.4,-6.89,-7.93,-13.07,-26.36,105290000.0,6481000000.0,6481000000.0
bj920608,920608,bj,丰安股份,13.24,-0.9,0.4,0.55,24.28,1.75,-4.61,-4.06,4.83,-7.86,-28.08,2570000.0,824000000.0,638000000.0
sz002159,002159,sz,三特索道,13.23,-1.12,1.47,0.81,17.52,1.64,-3.15,-2.29,5.25,-9.69,-12.09,26950000.0,2346000000.0,1832000000.0
sh601886,601886,sh,江河集团,13.23,1.07,2.66,0.79,20.74,2.07,3.76,45.38,57.69,47.16,69.4,402280000.0,14990000000.0,14990000000.0
sz300447,300447,sz,全信股份,13.22,-3.01,2.2,1.25,151.35,2.06,-6.57,-5.91,2.16,-15.69,-26.64,58650000.0,4129000000.0,2663000000.0
sz002811,002811,sz,郑中设计,13.22,-2.36,5.66,0.76,24.66,2.86,13.97,25.31,38.57,14.56,-10.33,212430000.0,4071000000.0,3736000000.0
sh603777,603777,sh,来伊份,13.22,-4.27,1.8,0.8,-23.58,2.84,-10.68,-8.32,0.15,-26.56,-3.71,79660000.0,4421000000.0,4421000000.0
sz002439,002439,sz,启明星辰,13.21,-0.83,1.68,0.71,-35.71,1.47,-5.17,-7.75,-1.71,-6.11,-6.44,162500000.0,16003000000.0,9624000000.0
sh688658,688658,sh,悦康药业,13.21,-7.69,8.62,1.87,-22.14,1.85,-2.15,0.38,9.26,-25.87,-41.57,523950000.0,5945000000.0,5945000000.0
sh605008,605008,sh,长鸿高科,13.21,2.09,2.2,1.99,-418.02,4.37,5.93,11.85,10.08,20.09,-7.43,185930000.0,8533000000.0,8533000000.0
sh600449,600449,sh,宁夏建材,13.21,7.4,7.44,2.17,33.96,0.87,8.46,-5.3,11.57,-7.49,8.28,466110000.0,6317000000.0,6317000000.0
sz300703,300703,sz,创源股份,13.2,-1.86,1.57,0.78,112.99,3.14,-4.21,-5.31,9.09,-21.19,-45.82,34390000.0,2381000000.0,2195000000.0
sh688132,688132,sh,邦彦技术,13.2,-1.49,0.69,1.09,-8.82,1.7,-4.28,-2.87,9.27,-14.12,-28.34,13900000.0,2009000000.0,2009000000.0
sz301268,301268,sz,铭利达,13.17,-0.23,0.69,0.87,-28.4,3.52,-3.94,-3.16,6.9,-22.98,-27.76,33180000.0,5279000000.0,4775000000.0
sz000756,000756,sz,新华制药,13.17,-2.95,2.39,0.6,35.06,1.75,-6.53,-6.79,-2.73,-0.45,-13.7,159100000.0,9175000000.0,6570999999.999999
sh600765,600765,sh,中航重机,13.17,0.53,0.63,0.87,35.93,1.43,-2.88,-5.25,-2.44,-7.64,-31.23,128940000.0,20446000000.0,20446000000.0
sz301037,301037,sz,保立佳,13.15,-2.66,3.62,1.17,-19.61,3.35,0.23,-0.53,20.64,-13.2,-8.68,32320000.0,1828000000.0,894000000.0
sz300058,300058,sz,蓝色光标,13.15,-3.87,5.09,0.67,184.95,5.95,-14.61,-18.22,11.16,-21.21,14.25,2333500000.0,47211000000.0,45735000000.0
sz002848,002848,sz,高斯贝尔,13.15,-1.2,2.84,0.82,-40.75,31.3,1.94,1.47,9.67,-22.46,46.44,61340000.0,2198000000.0,2175000000.0
sz300229,300229,sz,拓尔思,13.14,-2.45,1.69,0.67,-32.97,3.05,-9.69,-12.81,5.46,-20.7,-33.97,194780000.0,11479000000.0,11472000000.0
sh603927,603927,sh,中科软,13.14,-0.76,0.79,0.66,48.68,3.68,-1.94,-5.6,0.92,-9.75,-30.25,86420000.0,10920000000.0,10920000000.0
sz301109,301109,sz,军信股份,13.13,-1.5,0.76,1.59,13.92,1.4,-3.03,-4.79,-4.51,-8.76,-8.58,62500000.0,10361000000.0,8197000000.0
sz001208,001208,sz,华菱线缆,13.13,-3.31,4.09,0.58,77.26,2.89,-13.39,-16.42,-6.15,-16.98,-45.23,172130000.0,8381999999.999999,4185000000.0
sh601083,601083,sh,锦江航运,13.11,9.98,22.64,4.97,11.47,1.91,17.26,15.1,22.75,21.64,24.29,563990000.0,16966000000.0,2545000000.0
sh603687,603687,sh,大胜达,13.1,-2.24,1.9,0.71,103.84,2.22,-10.82,-11.07,2.83,-15.86,38.04,136420000.0,7205000000.0,7205000000.0
sz300987,300987,sz,川网传媒,13.09,-1.13,1.26,0.76,112.46,2.88,-3.68,-4.73,7.38,-7.59,-21.55,28510000.0,2269000000.0,2269000000.0
bj920701,920701,bj,豪声电子,13.08,-6.7,2.44,1.43,27.92,2.24,-1.06,-3.89,5.57,3.73,-26.89,32410000.0,1795000000.0,1311000000.0
sz300233,300233,sz,金城医药,13.07,-5.08,3.82,0.95,35.92,1.34,-7.96,-6.58,3.16,-0.53,-5.58,188880000.0,5017000000.0,4865000000.0
sh603182,603182,sh,嘉华股份,13.07,-0.68,1.37,0.65,24.14,1.91,0.46,1.87,16.59,0.54,-16.33,29490000.0,2151000000.0,2151000000.0
sz300166,300166,sz,东方国信,13.05,-0.91,4.76,0.88,-67.82,2.61,-11.71,-6.72,-1.81,-20.48,27.69,570620000.0,14861000000.000002,11820000000.0
sh688085,688085,sh,三友医疗,13.05,-3.33,0.7,0.68,83.49,2.26,-4.26,-3.9,4.99,-6.12,-20.25,32240000.0,4787000000.0,4576000000.0
sh603153,603153,sh,上海建科,13.05,-0.53,0.27,0.79,14.31,1.41,-1.21,-2.83,2.11,-9.25,-22.0,14300000.0,5349000000.0,5269000000.0
sh600331,600331,sh,宏达股份,13.05,0.93,2.5,1.25,-478.23,11.07,1.32,-7.38,8.84,-9.12,2.03,654270000.0,34473000000.0,26518000000.0
sh688501,688501,sh,青达环保,13.04,-1.81,1.14,0.93,16.86,2.03,-2.25,-3.05,14.32,-10.68,-30.19,26030000.0,2268000000.0,2268000000.0
sh600295,600295,sh,鄂尔多斯,13.04,-0.31,0.45,0.82,14.26,1.78,5.16,3.57,5.93,1.72,11.84,115250000.0,36496000000.0,25762000000.0
sz300713,300713,sz,英可瑞,13.01,-0.84,2.17,1.06,-19.79,4.65,-2.84,-1.29,6.64,-16.06,-24.8,25350000.0,2067000000.0000002,1163000000.0
sh603883,603883,sh,老百姓,13.01,-1.44,1.54,0.59,24.99,1.5,-1.66,2.12,6.38,8.51,-10.46,152530000.0,9873000000.0,9873000000.0
sz002780,002780,sz,三夫户外,12.99,-0.54,3.2,1.23,30.11,2.64,-2.91,-4.42,6.83,-8.39,-9.22,54460000.0,2148000000.0,1697000000.0
sz300283,300283,sz,温州宏丰,12.98,-3.28,6.91,0.64,53.17,5.38,-13.12,-12.12,-6.95,-23.44,72.72,339500000.0,6451000000.000001,4931000000.0
sz002643,002643,sz,万润股份,12.98,-6.48,3.63,1.71,48.77,1.67,-11.28,-7.88,-1.14,-11.85,-12.68,424120000.0,11888000000.0,11711000000.0
sh600410,600410,sh,华胜天成,12.98,-4.28,3.49,0.82,-66.9,3.31,-16.04,-17.27,-4.49,-31.51,-27.37,501270000.0,14233000000.000002,14233000000.000002
sh688526,688526,sh,科前生物,12.97,-0.92,0.29,0.56,15.51,1.51,-1.59,-1.97,4.34,-1.37,-11.29,17470000.0,6046000000.0,6046000000.0
sz300945,300945,sz,曼卡龙,12.96,1.89,12.77,2.26,26.39,1.99,5.11,0.23,21.58,1.57,-19.25,397280000.0,3396000000.0,3094000000.0
bj920856,920856,bj,浩淼科技,12.96,-7.56,4.58,0.43,243.5,2.71,-1.22,12.79,29.86,27.43,-21.88,32160000.0,1233000000.0,688000000.0
sz300203,300203,sz,聚光科技,12.94,-2.04,1.48,0.67,-20.39,2.24,-1.07,1.73,11.26,3.94,-18.41,86120000.0,5807000000.0,5802000000.0
sh603915,603915,sh,国茂股份,12.94,-1.22,0.54,0.62,34.99,2.26,-5.75,-4.85,4.78,-20.42,-29.33,45640000.0,8642000000.0,8497000000.0
sh600861,600861,sh,北京人力,12.94,0.31,0.25,0.54,8.7,1.05,-1.3,-2.85,-0.38,-1.87,-25.23,18410000.0,7325000000.0,7325000000.0
sh600352,600352,sh,浙江龙盛,12.94,3.19,1.77,1.41,21.37,1.33,-1.22,-7.51,1.73,20.15,26.74,737460000.0,42098000000.0,42098000000.0
sh601038,601038,sh,一拖股份,12.93,1.81,0.99,1.07,17.19,1.82,1.33,-4.08,-7.64,2.77,-7.46,93210000.0,14529000000.0,9461000000.0
sz300341,300341,sz,麦克奥迪,12.92,1.02,1.24,1.9,37.32,3.45,-1.67,-3.29,8.48,-10.46,-20.59,82050000.0,6684999999.999999,6659000000.0
sz002845,002845,sz,同兴达,12.91,-2.05,3.14,0.95,52.05,1.68,-4.79,-0.84,6.52,-14.16,-7.98,101410000.0,4229000000.0,3231000000.0
sh600889,600889,sh,*ST京化,12.91,-2.71,0.62,0.93,3871.9,4.79,-11.82,-5.9,-4.58,-19.06,-23.61,29640000.0,7573000000.0,4730000000.0
sz002209,002209,sz,达 意 隆,12.9,-1.98,14.5,2.9,17.58,2.8,11.79,13.76,27.09,8.31,-19.58,290740000.0,2638000000.0,2036000000.0
sz300746,300746,sz,汉嘉数智,12.88,-4.59,1.87,1.07,41.79,3.53,-11.05,-14.42,25.17,15.1,1.66,54050000.0,2908000000.0,2879000000.0
sh600703,600703,sh,三安光电,12.88,-6.6,3.0,0.84,-129.13,1.84,-8.98,-6.8,4.46,-17.65,-8.85,1958420000.0,64259000000.0,64259000000.0
sz002875,002875,sz,安奈儿,12.86,-2.43,1.43,0.82,-35.03,4.46,-6.06,-7.61,9.63,-37.57,-22.34,39280000.0,2732000000.0,2732000000.0
sz002737,002737,sz,葵花药业,12.86,-1.38,0.87,0.77,-36.7,1.96,-3.6,-4.74,-4.74,-0.16,-11.74,65770000.0,7509999999.999999,7509999999.999999
sz002006,002006,sz,精工科技,12.86,-2.21,1.03,0.81,34.09,2.85,-8.47,-8.4,-0.31,-23.18,-43.99,69390000.0,6683000000.0,6683000000.0
sh600927,600927,sh,永安期货,12.85,-0.23,0.3,1.04,22.9,1.42,-1.91,-1.68,1.82,-6.82,-19.44,56860000.0,18638000000.0,18638000000.0
sz002007,002007,sz,华兰生物,12.84,-2.51,1.28,0.98,27.33,2.17,-2.58,-4.18,-0.77,-3.02,-12.24,260660000.0,23442000000.0,20204000000.0
sz300645,300645,sz,正元智慧,12.83,-1.08,2.6,1.27,138.17,1.74,-2.43,-2.73,12.25,-7.7,-31.43,46620000.0,1823000000.0,1787000000.0
sz300122,300122,sz,智飞生物,12.83,-7.7,4.3,1.23,-2.08,1.99,-0.47,-3.9,2.8,-5.59,-32.01,805820000.0,30712000000.0,18146000000.0
bj920663,920663,bj,明阳科技,12.83,-0.85,0.6,0.56,17.86,4.23,-1.38,-0.39,10.6,-13.72,-27.86,4940000.0,1713000000.0,822000000.0000001
sz301559,301559,sz,中集环科,12.82,-1.76,1.99,1.28,80.69,1.71,-3.25,-3.97,1.06,-11.5,-18.3,22950000.0,7692000000.0,1154000000.0
sh601163,601163,sh,三角轮胎,12.82,0.63,0.3,0.94,10.52,0.74,-1.38,-4.33,1.58,-7.7,-7.7,30510000.0,10256000000.0,10256000000.0
sz002539,002539,sz,云图控股,12.81,-0.31,1.67,0.77,17.64,1.63,2.64,0.08,15.3,3.14,10.24,191360000.0,15471000000.0,11398000000.0
sz000722,000722,sz,湖南发展,12.81,0.08,1.54,0.74,101.21,1.72,-4.04,-7.24,-0.54,-13.33,9.02,90950000.0,8195999999.999999,5946000000.0
sh603069,603069,sh,海汽集团,12.81,-0.85,0.64,0.74,-65.15,5.24,-3.32,-4.55,4.66,-20.73,-52.82,25910000.0,4047999999.9999995,4047999999.9999995
sz002722,002722,sz,物产金轮,12.8,-0.47,0.96,0.58,16.09,0.95,-1.31,-1.16,7.93,-4.27,-13.52,27340000.0,2846000000.0,2846000000.0
bj920351,920351,bj,华光源海,12.8,-3.76,6.86,0.81,76.06,2.59,10.73,8.84,19.85,-7.71,-44.66,35160000.0,1127000000.0,509999999.99999994
bj920245,920245,bj,威博液压,12.8,0.55,1.25,0.71,55.9,2.58,-0.62,-2.22,6.76,-17.91,-35.93,8490000.0,884000000.0,681000000.0
sz301298,301298,sz,东利机械,12.79,-1.01,1.73,1.3,38.01,2.06,-0.93,-0.08,17.23,-8.51,-17.61,23820000.0,1878000000.0,1384000000.0
sh603848,603848,sh,好太太,12.79,-1.84,1.04,0.58,23.47,1.99,-8.05,-4.77,1.67,-10.37,-29.22,53660000.0,5147000000.0,5147000000.0
sz300446,300446,sz,航天智造,12.77,-1.08,1.47,0.86,12.97,1.87,-8.59,-9.69,-3.33,-19.63,-48.96,70360000.0,10796000000.0,4770000000.0
sz002675,002675,sz,东诚药业,12.77,-2.07,1.27,0.88,52.46,2.39,-2.15,-3.18,0.79,-0.16,-6.52,121880000.0,10530000000.0,9493000000.0
sh603696,603696,sh,安记食品,12.77,-2.89,3.66,0.38,90.65,5.34,-12.23,-8.46,21.16,-6.86,-36.81,110410000.0,3004000000.0,3004000000.0
sh600598,600598,sh,北大荒,12.77,2.0,3.3,0.64,18.79,2.99,4.33,4.59,6.15,-10.39,-11.32,741420000.0,22701000000.0,22701000000.0
bj920152,920152,bj,昆工科技,12.77,0.47,0.81,0.58,-6.11,9.49,-1.92,-7.06,0.0,-33.83,-42.48,8620000.0,1406000000.0,1048000000.0
sz301017,301017,sz,漱玉平民,12.76,-3.33,2.21,0.59,52.3,2.56,-8.2,-7.47,2.16,-7.44,-13.23,73330000.0,5176000000.0,3301000000.0
sh603637,603637,sh,镇海股份,12.75,-2.22,3.5,0.82,49.8,2.92,-7.94,-6.87,13.43,-38.38,18.38,106980000.0,3043000000.0,3043000000.0
sz301028,301028,sz,鼎熔岩,12.74,-3.85,2.72,1.28,20.46,2.8,-4.28,-1.39,8.89,-36.99,-12.02,86890000.0,4922000000.0,3193000000.0
sz000586,000586,sz,汇源通信,12.74,1.27,3.18,1.28,-129.64,7.81,-0.23,5.03,19.29,-24.66,-5.84,77400000.0,2464000000.0,2436000000.0
sz000007,000007,sz,全新好,12.74,2.08,4.48,1.0,-2189.53,24.65,19.85,22.74,36.84,12.44,11.36,194740000.0,4414000000.0,4414000000.0
sh688299,688299,sh,长阳科技,12.73,-1.39,1.52,0.94,-24.96,1.87,-4.86,-2.45,8.06,-23.22,-24.76,55420000.0,3659000000.0000005,3659000000.0000005
sh601179,601179,sh,中国西电,12.73,-1.16,1.22,0.59,48.0,2.79,-8.75,-9.52,-9.65,-22.92,40.73,794720000.0,65252000000.0,65252000000.0
sz300583,300583,sz,赛托生物,12.72,-1.32,1.56,0.94,-57.42,1.37,-2.97,-2.38,12.67,-0.97,-7.05,36910000.0,2413000000.0,2368000000.0
sz002823,002823,sz,凯中精密,12.72,-0.47,1.48,0.55,17.59,2.05,-6.88,-5.0,2.17,-30.11,-19.58,41950000.0,4165999999.9999995,2837000000.0
sh600172,600172,sh,黄河旋风,12.72,-6.06,10.94,0.66,-20.87,39.57,-6.74,2.83,11.09,-9.66,122.77,1805280000.0,18345000000.0,16322000000.0
sz300675,300675,sz,建科院,12.7,-1.17,1.3,1.16,-24.43,3.79,-0.94,-0.63,12.29,-12.11,-18.69,24120000.0,1863000000.0,1863000000.0
sz002532,002532,sz,天山铝业,12.7,0.24,1.61,0.78,8.51,1.83,-4.18,-6.92,3.22,-13.22,-18.26,835590000.0,58785000000.0,52157000000.00001
sh600621,600621,sh,华鑫股份,12.7,-0.39,0.47,0.7,20.61,1.46,-3.79,-4.08,-1.77,-2.38,-15.89,63010000.0,13472999999.999998,13472999999.999998
sz002020,002020,sz,京新药业,12.69,-3.72,1.91,0.73,14.38,1.88,-9.49,-10.82,-8.31,-3.17,-31.94,177210000.0,10926000000.0,9187000000.0
sz300673,300673,sz,佩蒂股份,12.68,-1.71,1.1,0.81,30.89,1.85,-4.95,-9.1,11.23,-15.34,-28.31,22390000.0,3136000000.0,2035000000.0000002
sh603871,603871,sh,嘉友国际,12.68,-0.31,0.56,0.8,14.37,2.88,3.68,0.08,2.26,10.64,-7.79,97280000.0,17346000000.0,17346000000.0
bj920076,920076,bj,国亮新材,12.68,0.24,0.95,0.59,18.26,1.53,-1.09,-2.01,3.85,-11.14,69.72,4430000.0,1485000000.0,467000000.0
bj920016,920016,bj,中草香料,12.67,-1.93,1.55,0.85,43.07,2.48,-2.09,-2.31,6.74,-13.57,-34.25,6770000.0,975000000.0,434000000.0
sz301507,301507,sz,民生健康,12.66,-1.71,2.79,0.51,37.98,2.84,-7.05,-0.86,7.02,-0.48,-16.77,39030000.0,4514000000.0,1394000000.0
sz300655,300655,sz,晶瑞电材,12.66,-1.09,2.63,0.69,126.73,5.57,-8.19,-5.31,3.43,-11.6,-17.52,373020000.0,14263000000.0,14197999999.999998
sz300795,300795,sz,米奥会展,12.65,-7.66,15.31,0.71,35.53,6.58,-30.23,-21.62,-4.74,19.79,-5.75,340340000.0,3781000000.0,2204000000.0
sz300295,300295,sz,*ST三六五,12.65,0.56,2.56,1.02,-60.12,2.21,0.8,5.24,25.0,12.34,0.96,54350000.0,2399000000.0,2121000000.0
sh688599,688599,sh,天合光能,12.64,-2.02,0.97,0.92,-6.76,1.45,-4.46,-8.47,-2.84,-18.03,-23.63,289500000.0,29610000000.000004,29610000000.000004
bj920564,920564,bj,天润科技,12.64,-5.39,2.3,1.22,-51.66,4.81,-9.78,-13.48,-3.14,-28.39,-33.18,14390000.0,1352000000.0,622000000.0
sh603079,603079,sh,圣达生物,12.63,-9.98,11.58,1.21,44.52,1.51,-14.37,3.44,20.52,-8.28,-28.32,281880000.0,2387000000.0,2387000000.0
sz300601,300601,sz,康泰生物,12.62,-3.15,5.21,1.02,169.45,1.54,0.8,-1.02,4.3,-0.36,-14.35,606950000.0,14096000000.0,11363000000.0
sz300528,300528,sz,幸福蓝海,12.62,-2.4,2.0,0.71,-23.63,13.74,-7.07,-14.73,-11.13,-26.88,-39.3,93830000.0,4702000000.0,4702000000.0
sz300385,300385,sz,ST雪浪,12.62,1.77,2.15,1.01,-18.92,-736.24,4.99,14.73,21.46,-14.84,102.89,78830000.0,4204000000.0,3668000000.0
sz002972,002972,sz,科安达,12.62,-6.1,5.47,1.0,37.54,2.51,-10.69,-8.15,-5.82,8.51,6.94,96370000.0,3105000000.0,1748000000.0
sh603071,603071,sh,物产环能,12.62,1.28,1.15,0.76,10.09,1.19,5.17,4.64,7.77,-9.86,-1.02,80940000.0,7041000000.0,7041000000.0
sz300249,300249,sz,依米康,12.61,-1.56,3.52,0.68,157.63,8.91,-6.8,2.6,0.88,-16.05,-13.81,166180000.0,5781000000.0,4718000000.0
sh603511,603511,sh,爱慕股份,12.61,-0.08,0.39,0.95,31.94,1.18,-1.94,1.37,11.69,-3.45,-16.6,20060000.0,5118000000.0,5068000000.0
sz300484,300484,sz,蓝海华腾,12.6,-1.18,1.35,0.66,94.39,3.88,-8.23,-4.91,5.7,-17.32,-33.3,29120000.0,2610000000.0,2164000000.0
bj920270,920270,bj,天铭科技,12.6,-3.96,2.77,1.48,40.33,3.23,4.48,2.69,11.41,-14.63,-50.8,29610000.0,1318000000.0,1024000000.0
sz300452,300452,sz,山河药辅,12.58,-1.49,4.59,0.61,16.41,2.94,-3.08,-1.56,5.54,1.44,-3.84,115180000.0,2949000000.0,2499000000.0
sz002275,002275,sz,桂林三金,12.57,-4.99,0.92,1.78,18.15,2.26,-5.63,-6.75,-5.06,-5.2,-8.91,65040000.0,7386000000.0,7098999999.999999
sz001258,001258,sz,立新能源,12.57,2.95,12.99,1.0,78.66,3.8,-12.71,-13.19,-12.28,20.52,77.54,1530450000.0,11732000000.0,11732000000.0
sh603798,603798,sh,康普顿,12.57,-1.1,0.85,0.66,74.63,2.65,-6.54,-9.04,8.36,-18.75,-23.41,27140000.0,3224000000.0,3224000000.0
sh600847,600847,sh,万里股份,12.57,-2.1,1.29,1.1,-27.11,4.22,-3.31,0.24,12.03,-13.49,8.18,24760000.0,1927000000.0,1927000000.0
sz300218,300218,sz,安利股份,12.56,-0.08,0.63,0.74,30.1,1.8,-2.48,-0.32,9.03,-4.73,-21.47,17040000.0,2725000000.0,2716000000.0
sh603277,603277,sh,银都股份,12.56,0.48,1.63,0.93,23.4,2.93,6.62,17.49,23.87,8.18,-23.79,125050000.0,7683000000.0,7658000000.0
sh603258,603258,sh,电魂网络,12.56,-0.71,0.75,0.76,-12.8,1.57,-3.24,-6.34,11.74,-8.79,-32.14,22580000.0,3049000000.0,3031000000.0
sh603138,603138,sh,海量数据,12.56,-2.79,1.67,0.95,-51.71,4.57,-7.1,-6.48,6.35,-21.89,-11.67,60470000.0,3688000000.0000005,3622000000.0
sz002889,002889,sz,东方嘉盛,12.55,-0.95,1.33,0.91,48.38,1.9,0.8,1.87,11.85,6.81,-18.13,41860000.0,4740000000.0,3153000000.0
sh605180,605180,sh,华生科技,12.55,-0.79,2.12,0.4,98.22,1.87,-10.1,-0.4,16.96,-6.27,-13.33,45170000.0,2121000000.0,2121000000.0
sh600216,600216,sh,浙江医药,12.55,-5.14,4.12,0.58,16.06,1.1,-4.92,1.05,5.37,0.55,-7.59,500900000.0,12069000000.0,11940000000.0
sh603181,603181,sh,皇马科技,12.53,-1.1,0.58,0.51,16.39,2.04,-6.28,-7.32,1.87,-7.03,-10.93,42500000.0,7376000000.000001,7376000000.000001
sh603360,603360,sh,百傲化学,12.52,-1.03,1.16,0.66,51.26,6.27,-8.48,-10.12,-1.11,-41.63,-61.14,102440000.0,8842000000.0,8842000000.0
sh603331,603331,sh,百达精工,12.52,0.24,1.64,0.76,-10.27,2.43,-4.94,-5.51,8.87,-0.16,-12.14,41170000.0,2531000000.0,2531000000.0
sh600776,600776,sh,东方通信,12.52,-0.16,1.27,1.07,34.38,4.19,-3.99,-3.02,5.61,-13.8,-23.87,152360000.0,15725000000.0,11969000000.0
sz300958,300958,sz,建工修复,12.51,0.32,7.34,1.82,-41.53,1.59,4.08,6.2,15.09,-2.49,0.81,83450000.0,1961000000.0,1139000000.0
sh603877,603877,sh,太平鸟,12.51,0.08,0.21,0.43,29.65,1.34,-5.23,-2.95,-0.95,1.71,-12.09,12590000.0,5879000000.0,5871000000.0
sh603279,603279,sh,景津装备,12.5,0.24,0.86,0.94,15.1,1.61,-0.48,-3.03,-3.25,-16.39,-24.56,62100000.0,7205000000.0,7205000000.0
sz301088,301088,sz,戎美股份,12.49,0.08,0.52,0.67,39.84,1.18,-2.42,-1.73,12.22,-13.22,-24.86,12260000.0,2846000000.0,2348000000.0
sh605299,605299,sh,舒华体育,12.48,-0.16,1.86,0.75,44.07,4.18,-2.8,-2.04,6.39,-28.19,10.53,94290000.0,5088000000.0,5088000000.0
bj920221,920221,bj,易实精密,12.48,-1.73,1.1,0.68,25.42,3.33,-4.22,-6.31,3.57,-15.79,-27.15,8580000.0,1481000000.0,773000000.0
sz300589,300589,sz,江龙船艇,12.47,-5.03,7.68,1.01,-35.35,6.97,-10.55,-10.42,-1.11,-8.78,-30.91,213350000.0,4710000000.0,2775000000.0
bj920204,920204,bj,沪江材料,12.47,-1.97,0.48,0.4,48.08,2.38,-3.93,-4.59,3.31,-11.87,-29.43,3040000.0,1176000000.0,623000000.0
sh603928,603928,sh,兴业股份,12.46,-0.48,2.87,0.68,35.28,2.68,-6.25,-4.23,11.65,6.57,1.68,121030000.0,4245000000.0000005,4245000000.0000005
sz300314,300314,sz,戴维医疗,12.45,-5.03,9.35,0.48,59.6,2.91,-15.54,18.12,31.19,22.06,-0.4,170020000.0,3586000000.0,1789999999.9999998
sh603863,603863,sh,松炀资源,12.45,0.0,1.94,0.91,-13.36,10.52,-3.94,-1.11,1.14,-21.3,-37.59,49090000.0,2548000000.0,2548000000.0
sh600955,600955,sh,维远股份,12.45,-0.95,0.47,0.53,-8.09,0.91,-3.34,-3.26,2.98,-22.77,-22.91,32300000.0,6847000000.0,6847000000.0
sz002962,002962,sz,五方光电,12.44,-2.81,3.04,0.53,149.11,2.07,-6.54,-6.11,4.1,-32.32,-15.49,79230000.0,3628000000.0,2603000000.0
sz002777,002777,sz,久远银海,12.44,-0.56,0.96,0.59,68.91,3.06,-3.72,-8.39,2.13,-11.52,-30.27,48410000.0,5078000000.0,5032000000.0
sh603686,603686,sh,福龙马,12.44,-1.89,1.78,0.81,32.92,1.5,-5.76,-7.58,1.47,-18.99,-57.94,92540000.0,5168000000.0,5168000000.0
sz002969,002969,sz,嘉美包装,12.43,-5.9,3.22,1.04,96.86,4.19,-13.56,-14.1,8.46,-33.35,-1.82,441950000.0,13654000000.0,13583000000.000002
sh600201,600201,sh,生物股份,12.43,-1.74,1.21,0.78,95.09,2.55,-7.99,-11.02,11.18,6.84,-17.32,166460000.0,13672000000.0,13672000000.0
bj920879,920879,bj,基康技术,12.43,-0.24,0.42,0.79,31.5,3.99,-2.51,-6.75,1.3,-23.27,-29.81,7890000.0,2497000000.0,1868000000.0
sz300268,300268,sz,佳沃食品,12.42,3.5,5.62,1.01,-182.22,-2.1,2.81,7.81,25.71,-1.66,-2.66,95560000.0,2164000000.0,1661000000.0
sz001219,001219,sz,青岛食品,12.42,-1.51,1.11,0.59,21.67,2.25,-3.8,-4.02,5.43,-7.11,-11.29,26310000.0,2422000000.0,2362000000.0
sz300045,300045,sz,华力创通,12.4,-2.75,2.27,0.76,-128.78,5.42,-10.92,-10.08,0.65,-33.69,-57.11,146260000.0,8217000000.0,6402000000.0
sz002440,002440,sz,闰土股份,12.4,0.81,4.24,1.12,17.31,1.41,-4.91,-10.6,4.11,33.72,70.49,494360000.0,13938000000.0,11735000000.0
sz002216,002216,sz,三全食品,12.4,0.49,0.87,0.65,18.0,2.49,-5.05,-5.7,-3.73,-6.4,15.69,68180000.0,10902000000.0,7818000000.000001
sz000158,000158,sz,常山北明,12.39,-2.21,1.12,0.34,626.29,3.77,-7.4,-8.63,-1.35,-19.04,-39.15,221600000.0,19807000000.0,19674000000.0
sh601808,601808,sh,中海油服,12.39,-0.56,0.4,0.6,15.52,1.28,2.82,2.23,1.98,-2.81,-9.94,146080000.0,59120000000.00001,36680000000.0
bj920489,920489,bj,佳先股份,12.38,-8.57,4.4,1.4,-154.2,3.54,-10.48,-10.94,-0.72,-15.72,-31.22,48400000.0,1689000000.0,1075000000.0
sz300848,300848,sz,美瑞新材,12.37,-1.98,1.02,0.97,58.17,3.44,-5.36,-6.36,-0.16,-13.92,-21.56,31930000.0,5293000000.0,3131000000.0
sz002982,002982,sz,湘佳股份,12.37,0.16,2.86,0.8,167.52,1.59,-0.88,-0.24,9.76,-0.72,-9.31,45600000.0,2514000000.0,1609000000.0
sz002698,002698,sz,博实股份,12.37,-2.75,1.41,0.61,25.7,3.19,-4.85,-8.78,-3.96,0.32,-25.3,148160000.0,12649000000.0,10442000000.0
sz002448,002448,sz,中原内配,12.37,-3.06,3.18,0.52,14.66,1.91,-9.24,0.65,3.6,-6.29,-2.83,228000000.0,7279000000.000001,7181000000.0
sz301198,301198,sz,喜悦智行,12.36,-0.56,2.45,1.45,-197.36,2.31,-2.83,-1.04,16.06,-29.89,-1.59,50130000.0,2089000000.0,2005999999.9999998
sz300884,300884,sz,狄耐克,12.36,0.08,2.9,0.82,251.2,2.5,-4.92,5.91,14.34,11.45,-15.93,67190000.0,3138000000.0,2366000000.0
sz002835,002835,sz,同为股份,12.36,-0.72,1.47,0.63,23.58,2.23,-1.83,-0.72,10.55,-4.71,-23.23,23160000.0,2713000000.0,1573000000.0
bj920670,920670,bj,数字人,12.35,-1.04,1.05,0.59,319.83,5.57,-6.44,-10.7,3.26,-10.12,-26.4,8640000.0,1311000000.0,823000000.0
sz002136,002136,sz,安 纳 达,12.33,1.23,4.55,1.95,-149.68,2.34,-0.08,-1.36,4.23,-7.71,1.57,120010000.0,2651000000.0,2644000000.0
sh605108,605108,sh,同庆楼,12.33,-1.2,0.67,0.81,47.8,1.39,-2.91,-5.88,0.98,-8.05,-35.45,21690000.0,3206000000.0,3206000000.0
sh603170,603170,sh,宝立食品,12.33,0.41,0.49,0.74,18.27,3.45,-2.84,-7.57,5.47,-2.91,-11.8,23800000.0,4932000000.0,4932000000.0
sh688590,688590,sh,新致软件,12.31,-5.38,2.64,1.34,-27.25,2.16,-7.65,-9.88,7.7,-12.57,-34.03,92010000.0,3851000000.0,3465000000.0
sz300564,300564,sz,筑博设计,12.3,-0.97,1.9,0.95,42.69,1.65,-1.68,-3.53,10.31,-12.27,-20.65,26600000.0,1984000000.0,1392000000.0
sz001369,001369,sz,双欣材料,12.3,-0.57,1.67,0.57,26.19,2.05,-3.98,-7.45,-2.38,-15.7,-24.82,42670000.0,14108000000.000002,2552000000.0
sz000020,000020,sz,深华发Ａ,12.3,4.77,13.69,1.78,118.04,7.78,8.37,10.31,21.78,-1.28,-11.32,296090000.0,3483000000.0,2228000000.0
sh688387,688387,sh,信科移动-U,12.3,-5.53,2.36,0.76,-174.19,7.16,-16.78,-16.44,-3.3,-23.79,-4.65,588740000.0,42051000000.0,24806000000.0
sh600415,600415,sh,小商品城,12.3,-1.44,1.23,0.71,15.36,3.19,3.19,1.23,10.81,-0.08,-20.39,845480000.0,67448000000.0,67448000000.0
bj920950,920950,bj,迅安科技,12.3,-0.65,0.4,0.57,22.58,2.98,-4.06,-5.17,2.93,-11.38,-30.47,1760000.0,902000000.0,438999999.99999994
bj920895,920895,bj,花溪科技,12.3,-0.32,1.74,0.49,-196.31,3.63,-6.25,-4.35,10.41,-11.45,-39.88,6260000.0,695000000.0,353000000.0
sz003025,003025,sz,思进智能,12.28,-1.44,1.29,0.85,22.74,2.8,-2.69,-0.89,9.16,-14.31,-13.34,35710000.0,3486999999.9999995,2780000000.0
sz002867,002867,sz,周大生,12.28,-0.24,0.77,1.25,11.65,2.2,-1.37,-5.03,0.66,2.76,6.5,103200000.0,13330000000.000002,13251000000.0
sz000422,000422,sz,湖北宜化,12.28,0.24,1.5,0.75,18.32,2.18,-3.99,-10.1,-5.47,-11.46,-12.03,196810000.0,13356000000.0,13106000000.0
sz300214,300214,sz,日科化学,12.27,-4.88,14.67,1.14,-9652.52,2.35,-5.98,-2.46,-13.77,57.31,83.68,849060000.0,5704000000.0,5704000000.0
bj920124,920124,bj,南特科技,12.27,-2.08,0.87,0.58,20.47,1.73,-4.88,-4.96,0.0,-18.42,-32.06,8240000.0,1825000000.0,940000000.0
sz002828,002828,sz,贝肯能源,12.26,1.49,7.84,0.9,-21.24,4.08,0.49,-4.74,-1.37,30.43,15.01,189700000.0,2464000000.0,2464000000.0
sz000551,000551,sz,创元科技,12.26,-2.08,3.0,0.42,18.96,1.94,-20.95,-10.31,-5.03,-22.21,-16.26,178130000.0,5943000000.0,5938000000.0
sh603121,603121,sh,华培动力,12.24,-0.73,0.99,0.94,-67.83,3.78,-3.85,0.0,13.75,-25.05,-42.16,40580000.0,4144000000.0,4144000000.0
sh600995,600995,sh,南网储能,12.24,-0.65,0.33,1.09,19.88,1.67,-3.01,-4.38,-4.38,-21.64,-1.71,131450000.0,39119000000.0,39119000000.0
sz300845,300845,sz,捷安高科,12.23,-0.73,5.3,0.95,75.91,3.22,-1.77,10.68,20.73,-13.26,10.46,92930000.0,2515000000.0,1757999999.9999998
sz002169,002169,sz,智光电气,12.23,-2.7,2.33,0.94,40.82,3.41,-9.0,-5.71,10.58,-25.2,6.44,217570000.0,9572000000.0,9306000000.0
sh600587,600587,sh,新华医疗,12.23,-1.45,0.8,0.6,15.14,0.95,-2.63,-4.75,-3.24,-8.53,-14.48,59680000.0,7419000000.0,7419000000.0
sz300635,300635,sz,中达安,12.22,-0.16,4.22,1.32,-18.95,5.56,1.66,2.78,18.07,-11.0,-23.77,62460000.0,1711000000.0,1471000000.0
sh603162,603162,sh,海通发展,12.22,-0.97,8.82,1.15,18.64,3.45,3.04,-3.63,14.31,5.07,51.46,453620000.0,16801000000.0,5161000000.0
sz301395,301395,sz,仁信新材,12.21,-0.41,2.09,0.49,-33.46,2.06,-3.33,-3.1,36.73,6.82,-0.41,32360000.0,2965000000.0,1555000000.0
sz300555,300555,sz,ST路通,12.2,-0.89,0.34,0.44,-25.56,5.92,-4.84,-2.71,1.08,-7.01,-16.78,8260000.0,2440000000.0,2415000000.0
sz002395,002395,sz,双象股份,12.2,-0.81,0.75,0.72,19.92,2.18,-2.48,-2.48,3.83,-13.78,-26.19,24660000.0,3272000000.0,3272000000.0
sh603917,603917,sh,合力科技,12.19,-0.89,0.94,0.92,120.76,1.51,-3.1,-3.41,14.68,0.41,-16.73,23270000.0,2485000000.0,2485000000.0
sh603558,603558,sh,健盛集团,12.19,2.87,1.77,1.94,9.54,1.87,0.83,-5.36,-3.33,4.91,11.9,73820000.0,4177000000.0000005,4177000000.0000005
sh600377,600377,sh,宁沪高速,12.19,2.27,0.34,1.74,12.93,1.5,2.18,1.84,-0.41,-1.69,4.91,156470000.0,61410000000.0,46349000000.0
sh605188,605188,sh,国光连锁,12.18,-1.22,0.7,0.66,354.86,4.9,-7.02,-6.88,8.17,-14.88,-37.14,43100000.0,6184000000.0,6184000000.0
bj920855,920855,bj,浙江大农,12.18,-0.98,0.39,0.32,33.5,1.59,-4.02,-2.09,7.41,-8.9,-31.69,3200000.0,910000000.0,817000000.0
sh600258,600258,sh,首旅酒店,12.17,-0.49,0.87,0.66,16.22,1.16,2.18,-1.06,2.01,-4.55,-25.34,118880000.0,13588999999.999998,13588999999.999998
sz002771,002771,sz,真视通,12.16,-1.3,2.03,0.83,-41.82,4.31,-7.1,-5.81,4.38,-30.43,-19.63,43230000.0,2551000000.0,2122000000.0
sz002401,002401,sz,中远海科,12.16,-0.57,0.6,0.7,127.9,2.74,-1.14,-2.01,6.85,-6.17,-23.53,27100000.0,4519000000.0,4516000000.0
sh605555,605555,sh,德昌股份,12.16,2.1,1.93,2.44,68.81,2.06,-0.73,-0.73,11.05,-16.83,-32.52,115770000.0,5886000000.0,5886000000.0
sh603810,603810,sh,丰山集团,12.16,-1.06,0.82,0.86,55.82,1.32,-1.78,0.08,15.26,-8.8,-23.3,16430000.0,2011000000.0,2011000000.0
sz300384,300384,sz,三联虹普,12.15,-4.71,2.0,0.83,20.53,1.39,-1.38,-2.41,6.49,-2.25,-24.39,54560000.0,3876000000.0,2674000000.0
sh603238,603238,sh,诺邦股份,12.15,-1.22,1.41,1.23,18.29,1.5,-2.17,-1.54,9.95,-7.39,-29.85,30490000.0,2157000000.0,2157000000.0
sh601012,601012,sh,隆基绿能,12.15,-2.17,0.81,0.85,-13.33,1.82,-5.3,-6.11,-3.88,-12.53,-33.24,753210000.0,92074000000.0,92073000000.0
sh600292,600292,sh,电投水电,12.15,0.5,1.95,0.97,74.35,2.69,-1.3,-2.96,-0.57,-16.26,-6.46,103330000.0,57885000000.0,5337000000.0
sz002254,002254,sz,泰和新材,12.13,-2.18,1.83,0.88,141.04,1.45,-6.62,-3.73,2.19,-10.08,21.3,188190000.0,10329000000.0,10317000000.0
sh600919,600919,sh,江苏银行,12.13,1.59,0.61,1.09,6.16,0.82,4.39,2.71,5.66,9.7,23.32,1357580000.0,222602000000.0,222602000000.0
bj920475,920475,bj,三友科技,12.13,1.25,1.75,0.81,-21458.39,3.46,-4.49,2.19,14.65,-6.4,-29.48,11840000.0,1226000000.0,682000000.0
bj920237,920237,bj,力佳科技,12.13,2.28,1.71,2.17,28.94,2.21,-3.35,-8.59,-2.02,-22.98,-42.61,19630000.0,1153000000.0,1131000000.0
sz300389,300389,sz,艾比森,12.12,-2.02,1.68,1.0,17.56,2.66,-3.66,-3.81,2.45,-14.1,-25.32,44880000.0,4473000000.0,2660000000.0
sz300383,300383,sz,光环新网,12.12,-1.86,1.91,0.63,-27.03,1.84,-8.53,-9.82,-4.57,-11.27,-2.96,416140000.0,21787000000.0,21747000000.0
sz001366,001366,sz,播恩集团,12.12,-1.46,6.66,0.89,-353.64,2.42,-1.14,1.85,16.09,-18.66,-9.35,130810000.0,1947000000.0,1947000000.0
sh603439,603439,sh,三力制药,12.12,-2.34,7.22,1.71,100.47,3.42,-8.94,3.41,21.08,-25.28,4.11,346070000.0,4895000000.0,4895000000.0
sh600438,600438,sh,通威股份,12.12,-2.49,0.93,0.87,-5.8,1.56,-6.12,-4.64,8.5,-17.94,-40.94,509700000.0,54564000000.0,54564000000.0
sz000155,000155,sz,川能动力,12.11,-0.57,1.98,1.07,41.99,2.08,-2.1,-3.04,0.41,-15.02,3.95,444530000.0,22357000000.0,22357000000.0
sz000885,000885,sz,城发环境,12.1,-1.63,1.23,1.41,6.38,0.79,-4.87,-6.71,-4.35,-5.42,-9.25,95760000.0,7769000000.0,7769000000.0
sh600884,600884,sh,杉杉股份,12.1,1.42,2.83,1.23,35.95,1.21,-0.58,0.25,-4.65,-17.41,-10.44,628310000.0,27172000000.000004,22205000000.0
sz002878,002878,sz,元隆雅图,12.09,-2.74,2.12,1.24,-110.68,2.51,-4.12,-4.88,7.18,-24.39,-33.64,60600000.0,3167000000.0,2852000000.0
sz000970,000970,sz,中科三环,12.09,-2.5,2.58,0.98,152.25,2.25,-11.88,-12.01,-11.56,8.38,-10.68,381480000.0,14697999999.999998,14697999999.999998
sh605018,605018,sh,长华集团,12.09,-5.99,2.71,1.92,54.71,2.06,-7.43,-3.59,5.68,-9.92,5.77,157350000.0,5683000000.0,5683000000.0
sz301229,301229,sz,纽泰格,12.08,-0.25,1.81,0.58,114.82,1.77,-3.05,-2.27,10.42,-17.26,-46.76,28250000.0,2196000000.0,1562000000.0
sz002600,002600,sz,领益智造,12.08,-1.31,1.03,0.71,46.4,4.05,-6.93,-4.35,-2.58,-16.98,-22.16,905090000.0,98093000000.0,86976000000.0
sz002077,002077,sz,大港股份,12.08,-1.63,2.74,0.72,92.36,2.07,-7.86,-5.11,-0.41,-28.94,-18.76,191550000.0,7011000000.0,7011000000.0
sh600267,600267,sh,海正药业,12.06,-7.8,5.5,1.05,20.27,1.67,-16.08,-15.31,1.69,20.0,24.46,799220000.0,14234000000.0,14234000000.0
sz301519,301519,sz,舜禹股份,12.05,0.0,3.09,1.05,-76.33,1.43,-0.66,0.08,16.76,-10.01,-9.53,28210000.0,1948000000.0,917000000.0
sz003015,003015,sz,日久光电,12.05,-2.11,2.28,0.78,36.15,2.98,-1.87,2.99,15.53,-3.6,-21.77,67880000.0,3386999999.9999995,2977000000.0
sh603739,603739,sh,蔚蓝生物,12.05,-1.95,1.87,0.48,39.04,1.72,-3.98,-1.55,9.55,-5.86,-14.23,57190000.0,3049000000.0,3049000000.0
sh688553,688553,sh,汇宇制药-W,12.04,1.01,4.56,1.63,66.45,2.02,-4.06,0.0,14.89,1.53,1.13,287410000.0,7536000000.0,6109000000.0
sz001248,001248,sz,华润新能源,12.03,-1.23,3.95,0.83,29.83,1.37,-6.45,-8.86,-13.89,18.99,18.99,507140000.0,160259000000.0,12781000000.0
sh601881,601881,sh,中国银河,12.03,-0.33,0.22,0.75,10.26,1.11,-1.72,-3.06,-4.07,-0.21,-22.36,192290000.0,131541000000.00002,87138000000.0
bj920471,920471,bj,美邦科技,12.01,3.0,6.82,1.39,-358.54,1.93,6.28,4.89,12.77,1.94,-4.61,43550000.0,999000000.0,637000000.0
sz300707,300707,sz,威唐工业,12.0,-0.83,2.05,0.75,77.71,1.89,-1.88,-2.2,8.89,-5.44,-26.79,35390000.0,2087000000.0,1723000000.0
sz002199,002199,sz,东晶电子,12.0,-3.77,2.54,0.86,-84.64,17.4,-6.61,-14.29,8.5,-20.53,41.34,70770000.0,2921000000.0,2771000000.0
bj920195,920195,bj,三祥科技,12.0,-0.91,0.5,0.43,11.5,1.43,-4.31,-3.69,3.0,-12.73,-44.85,4240000.0,1176000000.0,849000000.0
bj920208,920208,bj,青矩技术,11.98,-2.12,0.75,0.86,11.29,2.13,-1.4,-5.82,0.25,-17.05,-29.86,14650000.0,2231000000.0,1932000000.0
sz300386,300386,sz,飞天诚信,11.97,4.72,9.29,1.29,-82.21,3.57,6.78,1.61,25.6,10.83,-33.68,282600000.0,5004000000.0,3079000000.0
sz002755,002755,sz,奥赛康,11.97,-7.28,2.12,1.16,41.71,3.48,-12.76,-13.26,-7.64,-17.11,-26.16,243240000.0,11110000000.0,11110000000.0
sz002174,002174,sz,游族网络,11.97,-2.68,2.35,0.56,-43.71,2.58,-11.73,-0.17,5.56,6.4,-2.21,276970000.0,11728000000.0,11722000000.0
sh601811,601811,sh,新华文轩,11.97,0.59,0.24,1.2,9.43,0.98,0.5,-0.91,-1.24,-4.62,-7.92,22930000.0,14769000000.0,9479000000.0
sz300329,300329,sz,海伦钢琴,11.96,-1.08,0.63,0.66,-30.03,4.98,-0.99,-3.08,14.12,-9.94,-26.13,19020000.0,3025000000.0,3016000000.0
sz002462,002462,sz,嘉事堂,11.96,-1.16,0.86,0.64,33.77,0.79,-3.39,-0.99,4.82,-12.89,-16.71,30360000.0,3489000000.0,3486000000.0
sz300542,300542,sz,新晨科技,11.95,-1.08,1.67,0.93,-145.93,6.69,-1.48,-2.05,10.24,-7.36,-41.68,49930000.0,3568000000.0,2959000000.0
sz002802,002802,sz,洪汇新材,11.95,-3.63,4.52,1.97,44.61,3.32,1.44,1.79,15.13,-5.76,-3.18,81490000.0,2166000000.0,1789000000.0
sz001387,001387,sz,雪祺电气,11.95,-1.4,1.9,0.97,24.25,1.7,-2.29,-1.08,11.16,-4.32,-12.26,26440000.0,2187000000.0,1391000000.0
sh603861,603861,sh,白云电器,11.95,-0.08,0.93,0.65,32.04,1.63,-6.49,-4.17,2.31,-29.58,-1.16,58760000.0,6459000000.0,6317000000.0
sh600977,600977,sh,中国电影,11.94,-0.08,0.92,0.67,155.56,2.04,-1.16,-8.08,-4.1,-17.36,-23.89,206720000.0,22292000000.0,22292000000.0
sh600161,600161,sh,天坛生物,11.94,-1.73,0.64,0.63,24.28,2.01,-4.02,-6.57,-2.85,-11.56,-26.7,151560000.0,23610000000.0,23610000000.0
sz301125,301125,sz,腾亚精工,11.93,-2.21,1.74,0.79,-147.18,3.57,-10.17,-13.24,-1.0,-24.49,-9.1,36400000.0,2473000000.0,2097000000.0
sz300206,300206,sz,理邦仪器,11.93,-1.65,1.7,1.22,20.01,3.27,-2.29,-4.02,5.02,-11.63,-4.4,67900000.0,6915000000.000001,4036999999.9999995
sh688560,688560,sh,明冠新材,11.93,-1.4,1.2,0.9,-17.86,0.94,-2.93,-2.85,8.55,-17.72,-16.52,29090000.0,2402000000.0,2402000000.0
sh603107,603107,sh,上海汽配,11.93,0.93,0.52,0.71,29.62,1.94,-1.24,-1.81,6.04,-8.23,-17.89,13560000.0,4024000000.0,2603000000.0
sz000819,000819,sz,岳阳兴长,11.92,0.08,1.34,1.04,-526.03,2.1,-3.01,-1.08,4.84,-19.62,-26.56,58730000.0,4404000000.0,4363000000.0
sz001896,001896,sz,豫能控股,11.91,-0.08,3.99,1.03,48.41,5.1,-9.01,-12.81,-15.83,-27.24,129.04,731190000.0,18172000000.0,18172000000.0
sh600877,600877,sh,电科芯片,11.91,-2.7,1.05,0.9,472.28,5.63,-10.05,-11.65,-2.62,-18.09,-32.14,149400000.0,14102000000.000002,14102000000.000002
sh600557,600557,sh,康缘药业,11.91,-1.24,1.43,0.69,22.49,1.38,-6.88,-6.51,-6.29,-7.75,-15.59,96220000.0,6743000000.000001,6743000000.000001
sz300323,300323,sz,华灿光电,11.9,-7.47,8.82,1.45,-66.65,2.91,-6.59,-0.83,2.76,-23.42,49.12,1251530000.0,19314000000.0,14134000000.0
sz002748,002748,sz,世龙实业,11.89,1.19,2.48,1.5,24.38,2.0,0.17,-0.92,20.59,8.24,-7.36,71320000.0,2854000000.0,2854000000.0
sz001239,001239,sz,永达股份,11.88,-0.67,1.23,0.8,89.52,2.1,-2.22,-1.08,7.41,-11.61,-27.21,16650000.0,2851000000.0,1354000000.0
sh600711,600711,sh,盛屯矿业,11.87,-1.9,4.42,1.3,13.52,2.05,-1.41,-6.83,10.73,-2.7,-21.45,1618640000.0,36686000000.0,36686000000.0
sz301016,301016,sz,雷尔伟,11.86,-0.84,1.26,1.26,52.11,3.62,-6.61,-9.81,0.94,-23.78,-25.97,44420000.0,3634000000.0000005,3485000000.0
sz003039,003039,sz,顺控发展,11.86,-0.34,0.47,1.1,23.14,2.59,-0.42,-2.63,4.31,-6.46,-24.45,34700000.0,7323999999.999999,7323999999.999999
sh603838,603838,sh,*ST四通,11.86,1.19,2.36,1.94,-44.94,4.32,23.93,28.22,65.64,30.62,58.56,90100000.0,3795000000.0000005,3795000000.0000005
sz301066,301066,sz,万事利,11.85,-0.67,1.84,1.3,75.54,2.18,-3.58,-5.8,6.66,-17.31,-39.66,51660000.0,2784000000.0,2762000000.0
sz300092,300092,sz,科新机电,11.85,1.63,2.57,1.29,60.97,1.97,-0.84,2.42,9.12,-14.81,-24.47,63830000.0,3246000000.0,2487000000.0
sz300184,300184,sz,力源信息,11.84,-1.0,5.43,1.09,36.44,2.91,-9.13,-7.36,-3.03,-28.2,18.52,679860000.0,13605000000.000002,12456000000.0
sz002293,002293,sz,罗莱生活,11.83,4.6,2.49,3.72,16.97,2.42,7.45,3.68,5.91,19.01,20.1,242100000.0,9907000000.0,9824000000.0
sz300493,300493,sz,润欣科技,11.82,-1.58,1.66,0.83,102.02,5.28,-9.43,-9.01,-4.21,-24.42,-41.11,100110000.0,6058000000.0,5988000000.0
sz300407,300407,sz,凯发电气,11.82,-3.59,3.52,0.94,53.49,1.9,-3.35,-7.51,-3.75,-3.99,5.15,107580000.0,4095000000.0000005,3062000000.0
sz002322,002322,sz,理工能科,11.82,0.6,3.64,0.47,19.18,1.53,-9.01,9.24,18.79,5.07,1.08,151000000.0,4321000000.0,4153000000.0
sz300465,300465,sz,高伟达,11.81,-5.06,5.72,0.7,217.83,7.57,-11.14,-7.88,5.54,-16.89,-41.33,305640000.0,5241000000.0,5241000000.0
sz001201,001201,sz,东瑞股份,11.81,-0.42,1.04,0.68,-8.86,1.0,-0.76,-1.01,5.82,0.43,-18.94,25850000.0,3044000000.0,2510000000.0
sh603709,603709,sh,中源家居,11.81,-0.42,2.86,0.51,-67.56,3.89,1.29,1.99,18.69,-4.46,-5.46,54810000.0,1928000000.0,1921000000.0
sz000922,000922,sz,佳电股份,11.8,-2.07,1.05,0.89,32.01,2.09,-1.67,-1.5,11.64,-12.59,3.74,87380000.0,9841000000.0,8318000000.000001
sh603886,603886,sh,元祖股份,11.8,-2.4,5.18,0.91,30.01,2.12,10.28,8.76,19.31,12.38,-11.74,141860000.0,2832000000.0,2832000000.0
sz000830,000830,sz,鲁西化工,11.79,-1.01,1.23,0.88,24.1,1.18,-1.91,-8.6,-5.15,-7.82,-27.98,276560000.0,22452000000.0,22450000000.0
sh600855,600855,sh,航天长峰,11.79,-1.09,1.12,0.83,-33.28,3.95,-8.96,-9.52,0.08,-25.8,-43.96,61960000.0,5524000000.0,5513000000.0
sh601009,601009,sh,南京银行,11.78,0.0,0.65,1.16,6.38,0.75,4.53,4.71,4.62,11.58,5.11,945460000.0,145643000000.0,145643000000.0
sh600523,600523,sh,贵航股份,11.78,-0.34,0.81,0.45,22.86,1.46,-3.92,1.64,5.56,-1.09,-24.32,38370000.0,4763000000.0,4760000000.0
bj920896,920896,bj,旺成科技,11.78,-0.34,0.66,0.57,19.39,2.78,-3.28,-5.08,4.16,-18.76,-43.8,3480000.0,1192000000.0,523000000.00000006
sh688225,688225,sh,亚信安全,11.77,-0.76,0.98,0.89,-11.64,3.03,-7.4,-10.43,1.82,-18.32,-39.33,45710000.0,4708000000.0,4708000000.0
sh601900,601900,sh,南方传媒,11.77,0.17,0.71,1.16,9.73,1.18,-2.08,-0.59,3.7,4.81,-8.4,74120000.0,10381000000.0,10381000000.0
sh603977,603977,sh,国泰集团,11.76,0.94,1.01,0.94,29.33,2.16,-3.05,-3.69,7.01,-21.39,-14.6,73110000.0,7306000000.0,7306000000.0
bj920180,920180,bj,爱得科技,11.76,-4.0,1.22,0.86,18.75,1.84,-4.08,-3.45,4.63,-13.21,59.57,5180000.0,1389000000.0,419000000.00000006
sz301211,301211,sz,亨迪药业,11.75,-5.77,5.76,0.64,145.16,2.17,-5.55,1.38,7.8,16.34,-3.37,287280000.0,4907000000.0,4907000000.0
sz002647,002647,sz,仁东控股,11.75,-6.6,5.67,1.63,-169.58,21.34,0.51,12.01,31.73,0.95,46.51,687340000.0,13281000000.0,11930000000.0
sz300227,300227,sz,光韵达,11.72,-0.26,3.13,0.78,-22.99,4.38,-2.58,-1.68,37.88,5.68,27.25,166160000.0,6981999999.999999,5348000000.0
sh603499,603499,sh,翔港科技,11.72,-0.85,1.03,0.99,41.19,5.21,-8.22,-8.72,9.33,-13.1,-19.41,50910000.0,4965000000.0,4965000000.0
sh600458,600458,sh,时代新材,11.72,1.56,2.49,1.11,20.06,1.37,-0.42,0.43,8.02,-6.22,-10.59,253590000.0,11159000000.0,10187000000.0
sz300003,300003,sz,乐普医疗,11.71,-3.78,1.97,0.87,28.01,1.32,-7.94,-10.68,-7.87,-5.92,-25.16,364340000.0,21587000000.0,18489000000.0
sh603937,603937,sh,丽岛新材,11.71,0.52,1.88,0.85,1050.15,1.58,-0.43,1.12,19.0,-18.85,-2.34,45740000.0,2446000000.0,2446000000.0
bj920885,920885,bj,星辰科技,11.71,-3.86,2.94,0.8,86.43,4.83,-8.16,-10.06,3.72,-18.62,-49.96,30400000.0,2000000000.0,1025000000.0
sz000818,000818,sz,航锦科技,11.7,-2.66,2.28,0.77,-66.02,3.52,-13.08,-15.34,-5.87,-19.09,-39.38,176550000.0,7722000000.0,7701000000.000001
sz000719,000719,sz,中原传媒,11.7,-2.9,1.54,2.39,8.87,0.99,-3.86,-5.34,-4.26,-6.4,5.41,120450000.0,11971000000.0,7806000000.0
bj920870,920870,bj,恒进感应,11.69,1.48,1.52,0.57,85.35,3.52,-4.02,-6.7,12.4,-13.34,-32.97,11670000.0,1566000000.0,772000000.0
bj920685,920685,bj,新芝生物,11.67,-4.11,2.12,0.59,29.95,1.93,-6.27,-9.04,11.14,4.35,-13.65,14630000.0,1068000000.0,681000000.0
sz300961,300961,sz,深水海纳,11.66,0.78,3.17,1.22,-9.63,3.74,-4.43,-1.02,21.46,-2.1,-18.52,55160000.0,2067000000.0000002,1771000000.0
sz300277,300277,sz,汽轮科技,11.66,-3.0,1.13,0.82,385.93,1.75,-7.9,-7.39,-0.17,-24.2,-10.53,101910000.0,17683000000.0,8925000000.0
sz301180,301180,sz,万祥科技,11.63,-0.85,1.47,0.77,-721.8,3.55,-2.68,-1.27,9.92,-22.98,-30.36,28040000.0,4652000000.0,1909000000.0
sz300650,300650,sz,太龙股份,11.63,-1.19,2.63,0.68,68.19,1.96,-5.98,-0.09,12.04,-16.33,-29.69,51830000.0,2808000000.0,1980999999.9999998
bj920925,920925,bj,锦好医疗,11.63,-1.52,1.3,0.55,216.23,3.17,-5.37,-8.93,-5.75,-10.88,-63.43,8430000.0,1146000000.0,643000000.0
sz300599,300599,sz,雄塑科技,11.62,-3.25,1.97,0.89,-85.8,2.17,-3.25,-1.61,23.22,-7.85,44.35,72460000.0,4161000000.0,3679999999.9999995
sz300360,300360,sz,炬华科技,11.61,-0.85,0.7,0.82,12.25,1.46,-4.05,-6.6,-2.52,-19.6,-32.07,40650000.0,5970000000.0,5808000000.0
sh601696,601696,sh,中银证券,11.61,-0.09,0.75,0.75,28.63,1.67,-3.68,-2.79,1.19,1.99,-22.46,241120000.0,32252999999.999996,32252999999.999996
sh601061,601061,sh,中信金属,11.61,-3.25,0.57,1.34,14.53,2.3,-3.49,-7.56,3.66,-11.1,-18.12,327290000.0,56889000000.0,56889000000.0
sz300154,300154,sz,瑞凌股份,11.59,-1.36,3.79,0.57,59.18,3.05,0.87,22.39,51.5,26.39,20.1,140450000.0,5210000000.0,3653000000.0
sz002973,002973,sz,侨银股份,11.59,8.01,4.2,1.89,46.09,1.86,-3.5,-2.19,26.67,-5.16,-14.59,148760000.0,4736000000.0,3682000000.0
sh603212,603212,sh,赛伍技术,11.58,0.61,1.65,0.96,-20.57,2.12,-3.34,0.35,11.24,-19.97,-18.96,83710000.0,5066000000.0,5066000000.0
sh603587,603587,sh,地素时尚,11.57,-0.6,0.28,0.8,19.64,1.54,-1.78,-1.87,4.9,-5.7,-10.73,15090000.0,5469000000.0,5469000000.0
sz300612,300612,sz,宣亚国际,11.56,-1.11,2.7,1.0,-21.81,4.81,-5.25,-7.59,4.71,-9.83,-35.09,56630000.0,2114999999.9999998,2104000000.0
sz000001,000001,sz,平安银行,11.56,1.31,0.62,1.15,5.16,0.48,4.14,2.39,4.05,9.37,4.62,1383380000.0,224332000000.00003,224330000000.00003
sh603725,603725,sh,天安新材,11.56,-2.86,4.78,0.66,30.44,4.27,-3.91,3.03,-2.12,5.28,26.62,165980000.0,3524000000.0,3524000000.0
sh600366,600366,sh,宁波韵升,11.56,-1.87,2.82,0.75,25.56,1.98,-8.33,-7.81,2.66,-5.18,-15.56,360680000.0,12705000000.0,12705000000.0
sz300490,300490,sz,华自科技,11.55,0.26,2.85,0.99,-46.31,2.07,-5.64,-5.25,1.94,-26.15,-3.67,128660000.0,4605000000.0,4542000000.0
sh605122,605122,sh,四方新材,11.54,-0.43,1.66,0.88,-6.55,1.14,2.12,1.85,18.24,-10.75,-12.24,32960000.0,1989000000.0,1989000000.0
sh600601,600601,sh,方正科技,11.54,-7.38,5.04,1.19,56.48,9.4,-11.16,-12.71,9.9,-14.07,-1.54,2454650000.0,49319000000.0,48125000000.0
sh600559,600559,sh,老白干酒,11.52,1.05,0.91,0.82,23.8,1.99,-2.7,-5.26,-0.09,-10.14,-27.27,95740000.0,10538000000.0,10538000000.0
bj920258,920258,bj,聚仁新材,11.52,-0.69,6.76,0.56,29.39,4.56,-6.95,-13.38,157.14,157.14,157.14,27920000.0,4608000000.0,415000000.00000006
sz300406,300406,sz,九强生物,11.51,-1.62,1.47,0.95,29.99,1.96,-3.2,-2.7,2.22,-2.04,-6.98,72250000.0,6745999999.999999,4883000000.0
sz002104,002104,sz,恒宝股份,11.51,7.17,19.52,2.3,584.95,3.86,13.18,6.38,19.65,-3.58,-46.66,1308230000.0,8153000000.0,6903000000.0
sz300986,300986,sz,志特新材,11.5,-3.36,3.92,0.6,37.3,3.02,-12.88,-20.69,13.97,-16.69,45.04,260860000.0,6620999999.999999,6616000000.0
sz002708,002708,sz,光洋股份,11.5,3.32,4.67,1.01,60.08,3.65,-5.19,7.08,19.05,-16.06,-13.4,275780000.0,6464000000.0,5942000000.0
sz002182,002182,sz,宝武镁业,11.5,-3.28,2.1,1.4,-112.9,2.17,-7.56,-10.64,2.13,-19.52,-24.84,210240000.0,11406000000.0,9953000000.0
sh688176,688176,sh,亚虹医药-U,11.49,-5.82,2.15,0.86,-14.77,4.46,-11.14,-10.72,-10.44,0.97,-0.17,144330000.0,6573999999.999999,6573999999.999999
sh603332,603332,sh,苏州龙杰,11.49,-1.03,1.86,0.69,25.37,1.9,1.86,1.06,12.43,-1.37,-15.51,46100000.0,2486000000.0,2486000000.0
sz300053,300053,sz,航宇微,11.48,-3.53,2.34,0.87,-25.09,5.75,-12.43,-13.1,-4.33,-31.18,-39.64,179870000.0,8000000000.0,7602000000.0
sz001300,001300,sz,三柏硕,11.48,1.77,2.67,1.67,-33.94,2.91,0.7,-0.78,16.19,-26.41,-25.7,75530000.0,2799000000.0,2799000000.0
sz000682,000682,sz,东方电子,11.48,-0.35,0.65,0.63,15.2,2.46,-5.2,-5.98,-2.55,-17.65,-2.79,100170000.0,15391999999.999998,15390000000.0
sz002716,002716,sz,湖南白银,11.46,9.98,25.33,2.44,72.52,7.96,20.76,21.91,49.02,22.04,65.61,6608850000.0,32352999999.999996,26616000000.000004
sh603916,603916,sh,苏博特,11.46,-2.39,1.89,0.42,36.56,1.14,-5.76,4.66,20.38,-16.9,22.7,91130000.0,4817000000.0,4817000000.0
sh603315,603315,sh,福鞍股份,11.46,-1.8,1.17,0.69,88.9,2.13,-6.68,-4.42,-4.74,-30.52,-25.99,42870000.0,3671000000.0,3671000000.0
sz300719,300719,sz,安达维尔,11.45,-0.69,1.4,0.77,-256.96,2.88,-3.46,-3.13,4.28,-7.44,-36.78,28870000.0,2911000000.0,2055999999.9999998
sz002669,002669,sz,康达新材,11.45,-6.83,5.29,1.25,33.75,1.27,-12.39,-7.14,1.33,-27.16,-24.19,184180000.0,3474000000.0,3465999999.9999995
sh603010,603010,sh,万盛股份,11.45,-2.64,1.6,0.82,-7.01,2.64,-7.59,0.88,12.25,-22.69,8.94,104980000.0,6698999999.999999,6534999999.999999
sh600732,600732,sh,爱旭股份,11.45,-3.13,0.97,0.74,-12.35,5.13,-5.84,-6.76,-1.12,-5.37,-14.55,235880000.0,24219000000.0,24105000000.0
sz300270,300270,sz,中威电子,11.44,-1.55,5.59,1.03,-345.68,6.21,-13.0,-14.63,17.09,-11.11,4.38,166110000.0,3464000000.0,2938000000.0
sz300238,300238,sz,冠昊生物,11.44,-4.27,2.3,0.66,154.43,5.23,-6.84,-4.03,5.83,-3.38,-17.4,70240000.0,3033000000.0,3033000000.0
sz002858,002858,sz,力盛体育,11.44,-1.38,2.01,1.16,-302.58,2.54,-2.97,-3.95,11.28,-13.46,-23.73,33990000.0,2136000000.0,1686000000.0
sz002639,002639,sz,雪人集团,11.44,-1.29,2.82,0.94,563.41,3.43,-7.22,-9.28,-1.63,-33.41,-38.49,213090000.0,8917000000.0,7552000000.0
sh688203,688203,sh,海正生材,11.44,-2.47,1.55,0.62,217.15,1.57,-4.35,-6.0,27.68,-6.0,-10.49,36000000.0,2319000000.0,2319000000.0
sh603602,603602,sh,纵横通信,11.44,-1.55,1.43,1.01,-16.54,2.9,-2.47,1.33,15.44,-11.52,-21.43,38040000.0,2643000000.0,2643000000.0
sz301156,301156,sz,美农生物,11.43,-2.64,5.6,0.55,35.44,2.89,-2.72,-1.21,11.19,-13.08,-13.66,76120000.0,2104000000.0,1352000000.0
sz301060,301060,sz,兰卫医学,11.43,-0.61,10.69,0.75,118.51,2.95,-12.61,14.64,34.63,19.3,26.01,446000000.0,4578000000.0,4117000000.0
sz300252,300252,sz,金信诺,11.43,-1.72,3.4,0.79,242.27,3.16,-6.31,-3.14,5.54,-22.82,-21.82,217460000.0,7820999999.999999,6387000000.0
sz002727,002727,sz,一心堂,11.43,-1.55,1.29,0.49,23.98,0.91,-4.35,-2.64,0.88,-1.21,-9.74,58090000.0,6693000000.000001,4491000000.0
sh603711,603711,sh,香飘飘,11.43,0.62,1.26,0.84,23.19,1.36,-2.72,-6.23,12.61,-21.39,-14.45,59410000.0,4719000000.0,4719000000.0
sh603070,603070,sh,万控智造,11.43,-1.55,0.38,0.77,175.67,2.15,-2.97,-3.14,4.86,-33.35,-11.26,17400000.0,4583000000.0,4583000000.0
bj920027,920027,bj,交大铁发,11.43,-4.11,2.41,1.71,25.23,2.55,-0.26,-3.05,5.64,-6.84,-30.01,20170000.0,1177000000.0,824000000.0
sh600846,600846,sh,同济科技,11.42,-0.44,1.01,1.3,28.61,1.65,-6.53,-10.21,2.62,5.37,-12.28,69510000.0,7134999999.999999,7134999999.999999
sh603856,603856,sh,东宏股份,11.41,-1.38,1.25,1.03,12.81,1.18,0.97,-1.38,3.92,-3.07,-6.79,40590000.0,3218000000.0,3218000000.0
sz301056,301056,sz,森赫股份,11.4,3.83,1.89,1.11,44.37,4.1,-1.47,5.75,20.38,-14.35,-31.33,37310000.0,3041000000.0,2005999999.9999998
sz300550,300550,sz,和仁科技,11.4,-4.2,1.29,0.99,152.84,2.69,-5.32,-6.02,10.57,-24.45,-21.27,38910000.0,2993000000.0,2990000000.0
sz000913,000913,sz,钱江摩托,11.4,1.42,0.7,0.99,7.05,1.2,0.09,-1.3,3.92,0.0,-23.08,41150000.0,6001000000.0,5929000000.0
sz000729,000729,sz,燕京啤酒,11.4,-0.09,1.57,1.15,16.27,1.97,-8.06,-10.94,-8.06,-9.31,3.35,443680000.0,32131000000.0,28610000000.000004
sz002064,002064,sz,华峰化学,11.39,-2.65,0.73,0.74,19.78,1.96,-2.06,-3.72,4.02,13.79,4.5,412560000.0,56523000000.0,56403000000.0
sh603997,603997,sh,继峰股份,11.39,-1.64,0.93,0.5,21.8,2.64,-9.53,-9.6,-1.56,-18.12,-17.42,135880000.0,14491000000.0,14491000000.0
sh603122,603122,sh,合富中国,11.38,-3.97,3.91,0.6,-126.08,4.34,-9.47,-9.83,9.85,-10.82,-53.36,179510000.0,4530000000.0,4530000000.0
sh600246,600246,sh,万通发展,11.37,-6.19,6.11,1.01,-30.19,4.84,-14.38,-8.31,-17.25,-29.68,-7.56,1299260000.0,22092000000.0,21494000000.0
sh600428,600428,sh,中远海特,11.35,-4.06,1.79,0.86,16.92,1.92,-3.98,-2.58,8.35,51.84,67.53,443770000.0,31143000000.0,24364000000.0
sz002735,002735,sz,王子新材,11.34,-2.24,4.3,0.87,-27.16,2.72,-5.42,-5.58,7.39,-23.38,-37.1,139470000.0,4254999999.9999995,3233000000.0
sh603700,603700,sh,宁水集团,11.34,-0.7,1.73,0.7,29.87,1.43,-5.5,-3.82,5.0,3.06,-14.69,39200000.0,2268000000.0,2268000000.0
sz300758,300758,sz,七彩化学,11.33,5.1,6.46,4.22,70.54,2.51,2.53,0.62,18.02,-11.35,-10.19,260040000.0,4522000000.0,4076000000.0
sz002637,002637,sz,赞宇科技,11.33,-1.73,4.87,0.72,23.74,1.44,3.75,2.81,19.64,5.54,11.79,259990000.0,5330000000.0,5266000000.0
sh600186,600186,sh,莲花控股,11.33,-2.5,9.66,0.53,57.77,10.76,-13.71,4.14,28.31,11.63,89.46,1930980000.0,20312000000.0,20171000000.0
sh600088,600088,sh,中视传媒,11.33,-0.26,0.58,0.59,-547.77,3.62,-3.57,-4.47,3.49,-26.94,-29.88,26180000.0,4506000000.0,4506000000.0
sz300994,300994,sz,久祺股份,11.32,1.34,2.35,1.66,21.24,2.39,-0.26,-1.31,12.52,-4.31,-25.67,31060000.0,2639000000.0,1321000000.0
sz300397,300397,sz,天和防务,11.32,0.27,3.42,0.58,-98.85,4.09,-6.29,-4.87,11.75,-13.12,-23.62,156270000.0,5860000000.0,4620000000.0
sz300304,300304,sz,云意电气,11.32,-4.55,2.3,0.88,24.09,2.86,-12.18,-3.08,3.95,-14.44,-2.34,222430000.0,9941000000.0,9651000000.0
sz000920,000920,sz,沃顿科技,11.32,-1.57,1.56,0.98,23.38,2.64,-4.87,-3.0,-5.11,-10.77,-7.86,83390000.0,5350000000.0,5350000000.0
sz300137,300137,sz,先河环保,11.31,-3.74,3.07,0.84,2195.35,3.74,-12.66,-8.86,-8.2,-39.32,9.49,183910000.0,6069000000.0,5995000000.0
sz002949,002949,sz,华阳国际,11.31,4.82,8.6,4.5,23.95,1.55,5.41,6.2,19.56,-6.53,-26.32,148050000.0,2218000000.0,1718000000.0
sh603093,603093,sh,南华期货,11.31,0.09,1.26,0.98,18.25,2.01,-7.37,-9.52,-1.62,-25.44,-15.8,125860000.0,11741000000.0,9976000000.0
sz301059,301059,sz,金三江,11.3,0.0,1.01,1.04,31.23,4.29,-2.33,-3.67,7.41,-19.63,-8.88,23370000.0,2612000000.0,2334000000.0
sh603309,603309,sh,维力医疗,11.3,-2.25,1.5,0.73,57.61,1.85,-5.2,-4.4,-2.67,-9.16,-13.67,49670000.0,3297999999.9999995,3297999999.9999995
sh603967,603967,sh,中创物流,11.29,-3.59,1.64,2.73,13.47,1.73,-2.08,-3.17,2.82,-5.52,-13.69,64160000.0,3914000000.0,3914000000.0
sz300434,300434,sz,金石亚药,11.27,-4.81,5.34,0.61,24.5,1.72,-9.62,-2.84,8.47,15.14,10.51,208770000.0,4528000000.0,3856000000.0
sh603682,603682,sh,锦和商管,11.27,-1.31,3.76,0.74,-31.06,8.02,-6.16,-2.68,36.77,26.35,76.92,201710000.0,5325000000.0,5325000000.0
sz002745,002745,sz,木林森,11.25,-0.97,4.57,0.98,-13.9,1.41,-5.62,0.72,2.55,8.28,17.55,547030000.0,16697000000.0,11971000000.0
sz300018,300018,sz,中元股份,11.24,-3.52,3.18,0.83,39.7,3.83,-8.02,-6.8,-4.01,-15.49,3.12,131410000.0,5493000000.0,4083000000.0
sh603768,603768,sh,常青股份,11.24,0.45,1.02,1.2,-13.09,1.22,-0.44,-0.97,8.39,-3.77,-3.1,27240000.0,2675000000.0,2675000000.0
sz300869,300869,sz,康泰医学,11.23,-2.52,1.19,0.66,-91.9,2.66,-3.44,-2.01,5.55,-2.09,-25.13,35570000.0,4512000000.0,2962000000.0
sz002987,002987,sz,京北方,11.23,1.35,2.21,1.46,38.21,4.14,2.93,-0.62,5.55,-1.92,-36.79,250060000.0,11684000000.0,11386000000.0
sh603517,603517,sh,ST绝味,11.23,-0.88,0.5,0.76,-29.38,1.12,0.54,-0.71,10.86,-13.62,-11.99,33720000.0,6805000000.0,6805000000.0
sz300771,300771,sz,智莱科技,11.21,-0.53,1.19,0.66,29.34,1.38,-5.64,-7.36,6.66,-3.78,-26.75,25030000.0,2690000000.0,2120000000.0
sz002412,002412,sz,汉森制药,11.21,10.01,7.33,1.45,25.04,2.48,49.27,54.2,53.56,75.43,83.47,403950000.0,5641000000.0,5581000000.0
sh603208,603208,sh,江山欧派,11.21,-1.67,0.74,0.59,-6.63,2.06,-2.18,-0.53,14.97,-14.69,-22.96,14570000.0,1972000000.0,1972000000.0
sh601963,601963,sh,重庆银行,11.21,1.08,0.86,1.27,6.79,0.68,3.32,2.19,2.09,-4.51,7.98,195590000.0,40645000000.0,22802000000.0
sz002695,002695,sz,煌上煌,11.2,0.45,1.93,1.11,68.92,2.24,-1.93,-0.8,30.84,-2.35,-3.78,110260000.0,6267000000.0,5728000000.0
sz002507,002507,sz,涪陵榨菜,11.19,0.0,0.77,0.89,16.81,1.47,-1.32,-3.53,-2.01,-4.6,-10.41,99170000.0,12912000000.0,12877000000.000002
sh603693,603693,sh,江苏新能,11.19,0.0,0.52,0.9,22.01,1.42,-5.09,-10.41,-8.13,-36.49,-4.44,51620000.0,9976000000.0,9976000000.0
sz301136,301136,sz,招标股份,11.17,-1.76,1.32,0.71,2408.33,2.12,-4.45,-4.61,6.89,-17.07,-44.87,40780000.0,3074000000.0,3071000000.0
sz002569,002569,sz,*ST步森,11.17,-9.7,3.22,4.62,276.52,52.62,-10.28,-11.7,-21.12,-29.57,-10.28,51840000.0,1609000000.0,1564000000.0
sh601857,601857,sh,中国石油,11.17,-0.27,0.06,0.73,12.92,1.29,4.69,2.95,2.48,5.18,9.94,1123470000.0,2044343999999.9998,1808670000000.0
sz300730,300730,sz,科创信息,11.16,-1.67,1.21,0.63,-21.56,16.93,-5.98,-7.77,-1.15,-24.49,-16.59,27920000.0,2691000000.0,2307000000.0
sz002452,002452,sz,长高电气,11.16,-0.53,1.66,0.78,18.93,2.55,-5.42,-3.71,2.48,-3.54,37.1,96480000.0,6923000000.0,5780000000.0
sh603898,603898,sh,好莱客,11.16,-0.62,0.65,0.5,-347.63,1.12,-4.37,2.01,4.49,-10.56,-15.88,21700000.0,3351000000.0,3351000000.0
sz002533,002533,sz,金杯电工,11.15,-0.62,0.63,0.76,13.19,1.83,-3.63,-3.71,2.11,-9.05,-7.35,45120000.0,8183000000.0,7205000000.0
sz300774,300774,sz,倍杰特,11.13,-0.27,5.8,1.66,120.05,3.15,-0.89,1.18,17.28,-14.81,-41.34,131450000.0,4550000000.0,2271000000.0
sh603803,603803,sh,瑞斯康达,11.13,-1.68,14.11,2.42,-256.92,3.08,0.09,7.23,12.65,-17.56,0.36,680150000.0,4729000000.0,4729000000.0
bj920992,920992,bj,中科美菱,11.13,-2.02,0.99,0.54,60.19,1.72,-5.12,-8.02,-0.71,-14.78,-35.66,5440000.0,1077000000.0,546000000.0
sz002170,002170,sz,芭田股份,11.12,-0.98,1.74,0.8,10.64,3.09,-1.68,-4.88,-0.63,-3.22,-4.22,152900000.0,10791000000.0,8772000000.0
sz000532,000532,sz,华金资本,11.12,1.28,1.96,1.02,21.38,2.33,-1.16,2.3,9.66,-7.41,-30.59,74870000.0,3833000000.0,3820000000.0000005
sz300963,300963,sz,中洲特材,11.11,-0.8,1.36,0.7,84.47,4.59,-7.88,-9.53,0.73,-24.03,-46.47,51510000.0,5095000000.0,3784000000.0000005
sz000801,000801,sz,四川九洲,11.11,0.09,0.74,0.78,65.6,3.65,-4.06,-4.31,0.91,-10.69,-34.42,83520000.0,11291000000.0,11287000000.0
sz000685,000685,sz,中山公用,11.11,1.18,1.14,1.36,7.56,0.88,0.0,-1.33,1.55,0.32,-1.38,157220000.0,16306000000.0,13850000000.0
sz000612,000612,sz,焦作万方,11.11,-0.18,2.35,0.95,9.32,1.81,-2.11,-4.88,4.61,-3.89,3.88,308820000.0,13244999999.999998,13244999999.999998
sh603006,603006,sh,联明股份,11.11,-2.29,0.99,1.09,27.19,2.21,-2.54,-1.24,12.22,-17.64,-13.2,28140000.0,2825000000.0,2825000000.0
sz300755,300755,sz,华致酒行,11.1,-0.09,0.72,0.87,-11.53,1.65,-4.39,-6.64,4.91,-29.3,-37.0,33230000.0,4626000000.0,4624000000.0
sh603729,603729,sh,ST龙韵,11.1,-1.25,0.84,0.78,-9.95,3.93,-3.14,-2.97,9.79,-15.01,-31.01,8590000.0,1023000000.0,1023000000.0
sh600054,600054,sh,黄山旅游,11.1,-0.45,1.22,1.27,27.9,1.7,-0.45,-2.29,1.56,1.29,-0.71,69800000.0,8095999999.999999,5698000000.0
bj920223,920223,bj,荣亿精密,11.09,-0.09,2.42,1.5,-87.45,7.31,-0.54,-3.14,4.13,-21.07,-50.47,22220000.0,1744000000.0000002,906000000.0
sh603305,603305,sh,旭升集团,11.08,-1.34,0.95,0.66,32.45,1.4,-6.66,-6.89,3.55,-25.19,-30.84,121300000.0,12805000000.000002,12805000000.000002
sh600288,600288,sh,大恒科技,11.07,-3.32,5.24,0.46,29.57,2.44,-16.11,-1.74,10.3,-16.43,-25.98,255050000.0,4835000000.0,4835000000.0
sh600110,600110,sh,诺德股份,11.07,3.07,17.06,1.93,-155.96,3.2,2.22,6.34,18.14,-12.56,56.14,3254410000.0,19208000000.0,19208000000.0
sz300582,300582,sz,英飞特,11.06,-1.51,2.25,1.15,-6.72,3.76,-4.9,-1.69,10.38,-24.4,-30.75,54950000.0,3302000000.0000005,2451000000.0
sz002348,002348,sz,高乐股份,11.06,-2.38,1.64,0.73,-247.85,18.11,-10.45,-12.01,4.83,-28.04,92.35,164010000.0,10984000000.0,9993000000.0
sh688586,688586,sh,江航装备,11.06,7.07,2.0,3.31,171.88,3.54,2.03,1.37,10.05,-15.89,-15.01,171640000.0,8752000000.0,8752000000.0
sz002911,002911,sz,佛燃能源,11.05,3.17,0.66,1.89,13.65,3.24,2.6,-0.72,-3.66,-2.73,-4.74,91440000.0,14344999999.999998,14001000000.0
sz002725,002725,sz,跃岭股份,11.05,-2.13,1.36,0.59,1278.17,2.91,-8.45,-5.07,-2.9,-28.8,-34.55,37390000.0,2829000000.0,2751000000.0
sz002705,002705,sz,新宝股份,11.03,-1.52,0.5,0.8,10.77,1.06,-5.57,-8.31,-2.04,-12.41,-21.01,44960000.0,8955000000.0,8913000000.0
sh603035,603035,sh,常熟汽饰,11.03,0.09,0.87,0.95,12.24,0.76,-0.54,-1.08,4.06,-7.75,-27.94,35360000.0,4040999999.9999995,4040999999.9999995
sz300224,300224,sz,正海磁材,11.02,-0.27,0.96,0.82,36.0,2.05,-4.59,-5.65,2.42,-10.48,-27.79,98940000.0,10256000000.0,10219000000.0
sz003003,003003,sz,天元股份,11.02,-0.45,2.26,0.95,32.68,1.52,-1.34,0.27,16.0,-5.67,-15.38,29250000.0,1947000000.0,1298000000.0
sz002527,002527,sz,新时达,11.02,-1.87,1.13,0.91,1192.59,5.87,-7.0,-6.21,6.06,-21.57,-37.88,65670000.0,7306999999.999999,5828000000.0
sh603758,603758,sh,秦安股份,11.02,-6.29,6.6,0.8,40.68,1.85,-22.5,-4.42,24.24,1.1,-36.63,319810000.0,4773000000.0,4773000000.0
sh603466,603466,sh,风语筑,11.02,-2.56,5.88,0.65,-408.63,3.17,-12.19,-2.3,13.84,3.96,17.99,386890000.0,6555000000.0,6555000000.0
sz002818,002818,sz,富森美,11.01,1.19,1.51,1.53,10.37,1.43,1.1,0.73,3.48,-0.45,1.94,49460000.0,8241000000.0,3285000000.0
sh688565,688565,sh,力源科技,11.01,-1.34,1.1,1.09,249.4,3.35,-2.05,-1.78,10.43,-1.52,-1.34,18140000.0,1648999999.9999998,1648999999.9999998
sh603166,603166,sh,福达股份,11.0,0.27,1.39,0.82,21.7,2.6,-4.18,-3.34,11.9,-12.84,-29.03,98600000.0,7102000000.0,7048000000.0
sh600560,600560,sh,金自天正,11.0,-0.99,0.75,0.89,48.68,2.53,-2.57,-1.7,5.87,-13.85,-32.39,18380000.0,2460000000.0,2460000000.0
bj920932,920932,bj,科达自控,11.0,-1.26,1.48,0.5,-8.62,2.04,-11.36,-12.97,2.52,-26.47,-48.93,14240000.0,1159000000.0,958000000.0
sz300956,300956,sz,英力股份,10.99,-1.52,1.46,0.67,552.35,1.76,-3.68,-1.87,12.6,-22.17,-33.56,33700000.0,2368000000.0,2313000000.0
sz300462,300462,sz,ST华铭,10.99,-1.88,0.45,1.23,-26.65,1.47,-3.43,-3.85,6.29,-9.02,-6.86,6890000.0,1992000000.0000002,1517000000.0
sh601966,601966,sh,玲珑轮胎,10.99,0.83,0.47,0.87,15.39,0.71,-0.45,-3.09,-0.18,-8.17,-24.14,76190000.0,16084000000.0,16084000000.0
sz300417,300417,sz,南华仪器,10.97,-1.17,2.67,0.9,-885.62,3.32,-1.88,0.27,17.2,-15.81,-21.19,24530000.0,1476000000.0,917000000.0
sh603330,603330,sh,天洋新材,10.97,10.03,27.02,1.29,-19.92,3.64,-6.64,37.99,65.96,70.87,51.52,1233970000.0,4746000000.0,4746000000.0
sz300138,300138,sz,晨光生物,10.96,-0.18,0.87,0.47,14.87,1.59,-1.53,-6.32,5.59,4.18,-9.5,37760000.0,5295000000.0,4366000000.0
sz002014,002014,sz,永新股份,10.96,0.92,0.65,1.15,15.29,2.69,2.33,0.46,1.58,3.4,-5.92,43250000.0,6713000000.0,6691000000.0
sh603187,603187,sh,海容冷链,10.96,-0.09,1.1,0.29,13.04,1.0,-4.61,-14.17,-8.97,-13.97,-27.61,46120000.0,4235000000.0,4190999999.9999995
sh603660,603660,sh,苏州科达,10.95,-4.03,3.37,0.74,-10.61,8.97,-13.58,-10.61,29.13,-7.83,-0.73,212020000.0,6258000000.0,6258000000.0
sz300772,300772,sz,运达股份,10.94,-3.44,1.75,1.17,26.17,1.29,-10.47,-12.34,-5.53,-27.26,-42.42,134630000.0,8608000000.0,7634999999.999999
sz001318,001318,sz,阳光乳业,10.93,-1.35,1.06,0.37,33.94,2.14,-11.5,-2.76,12.1,-7.37,-28.79,32860000.0,3089000000.0,3089000000.0
sh688184,688184,sh,ST帕瓦,10.93,-1.26,0.49,0.89,-3.46,1.56,-5.2,-8.69,7.37,-14.41,17.78,5220000.0,1713000000.0,1073000000.0
sh603041,603041,sh,美思德,10.93,-1.89,1.57,1.57,34.03,1.33,-3.02,-0.91,12.33,-11.28,-8.38,31370000.0,2002000000.0,2002000000.0
sh600191,600191,sh,华资实业,10.93,2.92,3.0,1.21,77.13,3.11,0.74,3.8,27.09,2.55,-14.8,158230000.0,5300000000.0,5300000000.0
bj920001,920001,bj,纬达光电,10.93,-7.76,3.84,1.83,-53.77,2.37,-5.94,-8.54,-1.8,-28.66,-43.89,38660000.0,1679000000.0,984000000.0
sz300705,300705,sz,九典制药,10.92,-5.62,4.86,0.66,16.02,2.14,-10.78,-3.79,3.8,-7.06,-25.13,200040000.0,5463000000.0,4040000000.0
sz300437,300437,sz,清水源,10.92,-0.82,2.7,0.79,-161.55,1.94,-4.29,-3.62,8.23,-11.15,-31.62,51470000.0,2678000000.0,1897000000.0
sz002164,002164,sz,宁波东力,10.92,-1.8,1.54,0.49,26.59,3.77,-9.0,-6.59,4.7,-13.26,-31.79,80540000.0,5811000000.0,5239000000.0
sh601918,601918,sh,新集能源,10.92,8.12,3.6,2.98,11.63,1.58,8.76,7.06,11.43,7.8,69.57,1003780000.0,28289000000.0,28289000000.0
sh600550,600550,sh,保变电气,10.91,-1.09,0.85,0.57,78.69,20.49,-8.47,-9.08,-6.19,-18.52,3.41,169900000.0,20091000000.0,20091000000.0
sz300036,300036,sz,超图软件,10.9,-1.09,1.37,0.71,111.0,2.05,-5.05,-7.0,2.83,-16.55,-39.88,66780000.0,5371000000.0,4851000000.0
sz002319,002319,sz,乐通股份,10.9,-3.45,6.55,1.2,-592.63,12.78,-3.28,-11.17,2.35,-2.5,-9.47,151990000.0,2283000000.0,2283000000.0
sz000995,000995,sz,皇台酒业,10.9,2.35,8.39,1.98,329.89,11.7,-0.18,-0.91,14.5,-18.6,-12.87,163860000.0,1934000000.0,1934000000.0
sh600967,600967,sh,内蒙一机,10.9,0.83,0.76,0.71,64.67,1.57,-6.03,-10.66,-8.4,-13.29,-34.73,140080000.0,18550000000.0,18550000000.0
sz002357,002357,sz,富临运业,10.89,-0.55,3.42,0.82,20.0,1.93,0.09,20.2,30.73,6.14,2.06,117450000.0,3414000000.0,3414000000.0
sz002923,002923,sz,润都股份,10.88,-3.55,3.83,1.09,270.46,3.38,-7.4,-5.31,1.4,1.02,-10.45,109460000.0,3644000000.0,2808000000.0
bj920871,920871,bj,派特尔,10.88,0.09,1.05,0.76,68.11,3.56,-3.12,-3.46,8.47,-13.44,-27.47,5390000.0,923000000.0,512000000.0
sz301339,301339,sz,通行宝,10.87,-0.73,0.39,0.65,27.89,2.29,-4.57,-8.35,0.28,-4.98,-24.72,24400000.0,6307000000.0,6231000000.0
sh688410,688410,sh,山外山,10.87,-0.37,2.54,1.4,29.77,2.75,-3.63,-3.63,12.76,-8.88,3.03,125810000.0,4864000000.0,4864000000.0
sz300894,300894,sz,火星人,10.86,-2.6,1.98,0.78,-14.9,4.62,-7.02,-9.88,13.36,19.6,-7.89,63340000.0,4398000000.0,3194000000.0
sh601155,601155,sh,新城控股,10.85,-0.82,0.69,0.57,35.61,0.4,-2.43,-3.64,-1.99,-17.3,-22.22,169500000.0,24474000000.0,24474000000.0
bj920163,920163,bj,方大新材,10.85,-1.36,0.44,0.36,28.49,2.77,-4.32,-3.56,-8.44,0.37,-24.5,2910000.0,1396000000.0,658000000.0
sz000559,000559,sz,万向钱潮,10.84,-1.09,0.61,0.54,36.33,4.43,-8.98,-8.14,1.98,-26.66,-36.24,218470000.0,35938000000.0,35928000000.0
sh600483,600483,sh,福能股份,10.83,5.45,1.32,3.3,10.21,1.09,4.74,3.04,0.0,-2.76,18.79,394520000.0,30108999999.999996,30108999999.999996
sh600078,600078,sh,澄星股份,10.83,2.36,3.77,1.01,68.44,4.07,-2.61,-5.99,14.6,-11.59,12.93,265630000.0,7361000000.0,7176000000.000001
sz002624,002624,sz,完美世界,10.82,-0.55,1.81,0.84,192.19,3.22,-5.34,-7.76,7.23,-20.91,-32.63,357910000.0,20990000000.0,19776000000.0
sz002271,002271,sz,东方雨虹,10.82,-2.87,2.86,0.87,159.33,1.26,-5.67,-8.23,-4.5,-20.62,-20.38,609740000.0,25845999999.999996,21106000000.0
sz002115,002115,sz,三维通信,10.82,4.04,12.63,1.59,251.81,4.2,-10.43,-9.08,1.31,-11.31,-15.07,1021470000.0,8711000000.0,8075000000.0
sh600372,600372,sh,中航机载,10.82,0.09,0.36,0.87,45.67,1.39,-4.08,-6.24,-3.99,-2.47,-19.1,189360000.0,52357000000.00001,52357000000.00001
sz300793,300793,sz,佳禾智能,10.81,-1.73,0.88,0.67,-22.96,1.47,-4.42,-4.67,3.05,-20.4,-33.72,35630000.0,4114000000.0,4022000000.0
sh600055,600055,sh,万东医疗,10.81,-3.05,0.99,1.03,-27.26,1.71,-5.09,-6.08,1.6,-14.27,-30.62,75560000.0,7600000000.0,7600000000.0
sh688389,688389,sh,普门科技,10.8,-3.23,0.58,1.03,32.61,2.23,-5.1,-4.76,2.56,-8.16,-14.95,27090000.0,4628000000.0,4628000000.0
sh605169,605169,sh,洪通燃气,10.79,-2.53,1.5,0.67,29.51,1.56,5.58,5.78,12.4,-3.61,-16.9,45970000.0,3052000000.0,3052000000.0
sh600773,600773,sh,西藏城投,10.79,-3.66,3.86,1.79,-18.42,2.44,-4.68,-5.18,4.35,-35.85,-12.91,403170000.0,10268000000.0,10268000000.0
sz300856,300856,sz,科思股份,10.78,-1.37,0.84,0.47,50.87,1.9,-3.32,-3.23,2.47,-14.78,-19.61,41500000.0,5128000000.0,4956000000.0
sh688616,688616,sh,西力科技,10.78,-0.92,0.75,0.76,19.03,2.25,-2.27,0.09,12.53,-9.83,-9.68,14470000.0,1934000000.0,1934000000.0
sh605077,605077,sh,华康股份,10.78,0.0,1.18,0.86,30.06,1.1,-2.62,-4.09,4.97,-37.65,-25.55,37920000.0,3263000000.0000005,3228000000.0
sh603712,603712,sh,七一二,10.78,-3.41,1.56,1.26,-16.54,2.18,-9.94,-13.2,-4.18,-26.67,-48.1,130920000.0,8322000000.0,8322000000.0
sh600697,600697,sh,欧亚集团,10.78,0.94,2.69,1.56,-33.45,0.77,0.0,0.47,13.59,-5.6,-17.65,45210000.0,1714999999.9999998,1675000000.0
sh603408,603408,sh,建霖家居,10.77,4.66,1.89,4.82,11.8,1.42,4.36,1.89,10.8,4.16,-16.51,91050000.0,4820000000.0,4820000000.0
sz300251,300251,sz,光线传媒,10.76,-2.0,0.82,0.79,-98.53,3.29,-5.11,-10.48,-5.2,-15.61,-33.7,245060000.0,31564999999.999996,29863000000.0
sz300220,300220,sz,金运激光,10.76,-1.1,1.52,1.12,-414.18,26.83,-2.09,0.0,14.83,-14.19,-25.02,24670000.0,1627000000.0,1625000000.0
sh605336,605336,sh,*ST帅电,10.76,0.84,0.64,0.57,-31.66,1.09,-1.91,-16.91,12.08,-32.33,-31.64,12680000.0,1973999999.9999998,1973999999.9999998
sz300429,300429,sz,强力新材,10.75,1.51,5.92,1.57,-39.66,3.2,-2.98,1.03,11.86,-22.1,-19.35,267480000.0,5971000000.0,4491000000.0
sz003038,003038,sz,鑫铂股份,10.75,-0.09,1.64,0.65,-11.13,0.93,-2.09,-3.5,9.81,-12.96,-31.96,28490000.0,2616000000.0,1742000000.0000002
sz002144,002144,sz,宏达高科,10.75,-2.27,3.03,1.37,73.61,0.89,-2.18,-2.54,13.04,-10.19,-14.95,44780000.0,1900000000.0,1480000000.0
sz002003,002003,sz,伟星股份,10.75,2.87,2.26,1.71,20.05,3.04,6.86,3.86,3.86,16.97,5.39,245660000.0,12781000000.0,10988000000.0
sz300752,300752,sz,隆利科技,10.74,-4.11,3.86,0.54,75.62,2.75,-1.92,3.87,11.07,-20.87,-17.16,92980000.0,3468000000.0,2397000000.0
sz000700,000700,sz,模塑科技,10.74,-1.65,2.43,0.62,19.83,2.49,-11.6,-6.53,-1.2,-24.26,-23.58,239720000.0,9859000000.0,9859000000.0
sh600350,600350,sh,山东高速,10.73,1.61,0.29,1.24,16.04,1.81,1.04,0.28,-7.74,-9.3,15.01,148830000.0,51875000000.0,51875000000.0
sz300590,300590,sz,移为通信,10.72,-1.92,2.91,0.78,42.46,2.68,-7.27,-2.9,5.2,-26.47,-14.65,111850000.0,4955000000.0,3836000000.0
sh600686,600686,sh,金龙汽车,10.72,-2.81,2.06,1.17,13.45,2.2,-7.27,-11.55,-0.09,-18.97,-38.88,159440000.0,7687000000.0,7687000000.0
sz300595,300595,sz,欧普康视,10.71,-2.64,1.76,1.0,20.58,1.95,-6.71,-8.93,-1.65,-11.34,-26.43,126740000.0,9579000000.0,7159999999.999999
sh605399,605399,sh,晨光新材,10.71,-0.83,0.84,0.88,-30.55,1.62,-3.43,-2.55,9.4,-24.84,-20.78,28060000.0,3335000000.0,3331000000.0
sh600785,600785,sh,新华百货,10.71,9.96,5.02,1.77,59.28,1.48,17.43,19.53,34.55,-7.5,11.48,169640000.0,3383000000.0,3383000000.0
bj920580,920580,bj,科创新材,10.71,-0.46,1.14,0.55,35.66,2.62,-5.89,-6.95,3.78,-13.91,-27.49,6740000.0,921000000.0000001,587000000.0
sz002457,002457,sz,青龙管业,10.7,0.85,4.49,0.97,27.31,1.42,-1.29,-7.12,7.75,-12.65,-1.03,161380000.0,3568000000.0,3568000000.0
sz002670,002670,sz,国盛证券,10.69,0.09,0.9,0.97,101.38,1.82,-4.72,-4.81,-8.32,-7.37,-36.52,154270000.0,20686000000.0,17354000000.0
bj920478,920478,bj,峆一药业,10.69,-6.64,6.74,0.8,163.41,2.33,-12.23,-9.33,2.39,9.08,-18.71,49290000.0,1178000000.0,716000000.0
sz300822,300822,sz,贝仕达克,10.68,-6.48,1.85,1.56,327.45,2.7,-9.87,-11.52,0.95,-22.55,-33.37,57680000.0,3327000000.0000005,3086000000.0
sz300333,300333,sz,兆日科技,10.67,-3.44,7.76,0.5,-167.74,6.36,-12.18,20.29,50.92,3.09,-7.22,278160000.0,3585000000.0,3572000000.0
sz002229,002229,sz,鸿博股份,10.67,-2.91,8.41,0.49,-20.2,4.94,-22.79,0.0,8.88,-17.99,-30.94,443870000.0,5294000000.0,5262000000.0
sh601939,601939,sh,建设银行,10.66,1.23,1.13,0.89,8.16,0.8,3.5,5.23,2.9,9.25,17.44,1154720000.0,2788660000000.0,102268000000.0
bj920184,920184,bj,国源科技,10.65,-2.83,1.04,0.75,65.3,2.28,-5.67,-9.44,-0.75,-15.61,-38.86,10000000.0,1403000000.0,952000000.0
sh603639,603639,sh,海利尔,10.64,0.76,0.57,0.94,24.42,1.09,0.76,-0.93,4.21,-0.93,-14.19,20650000.0,3720000000.0000005,3615999999.9999995
sh603328,603328,sh,依顿电子,10.64,-3.88,1.82,0.69,27.44,2.55,-5.76,-6.83,20.23,-14.62,-1.41,193970000.0,10623000000.0,10623000000.0
sh600739,600739,sh,辽宁成大,10.64,-0.19,1.08,0.83,17.23,0.56,-1.21,-1.02,1.04,0.28,-3.54,174700000.0,16197000000.0,16197000000.0
sh600689,600689,sh,上海三毛,10.63,-1.48,1.67,1.08,183.77,4.54,0.09,0.66,13.21,-8.3,-20.8,27020000.0,2137000000.0,1618000000.0
sh600446,600446,sh,金证股份,10.62,-0.56,1.25,0.87,-81.86,2.83,-2.93,-5.68,4.84,-18.81,-33.29,124280000.0,9996000000.0,9996000000.0
sz300235,300235,sz,方直科技,10.61,-1.94,1.77,0.53,189.14,3.8,-7.01,-7.82,2.81,-20.23,-34.85,38640000.0,2671000000.0,2155000000.0
sz300041,300041,sz,回天新材,10.6,-2.21,2.95,0.81,24.21,1.95,-8.38,-3.81,4.02,-26.44,-3.02,169830000.0,5930000000.0,5771000000.0
sh603970,603970,sh,中农立华,10.6,-0.19,0.71,0.4,16.42,1.85,-0.09,-0.38,8.61,-5.19,-15.47,20230000.0,2849000000.0,2849000000.0
sh601615,601615,sh,明阳智能,10.6,-3.2,1.67,0.89,62.68,0.92,-8.93,-9.32,-5.36,-35.18,-25.89,401520000.0,23972000000.0,23972000000.0
sz300374,300374,sz,中铁装配,10.59,-0.66,0.75,0.77,-21.21,3.67,-3.73,-5.36,2.22,-14.11,-32.42,19530000.0,2604000000.0,2604000000.0
sz300075,300075,sz,数字政通,10.59,-1.49,1.57,0.53,-17.54,2.08,-6.28,-5.7,0.47,-16.48,-30.96,85960000.0,6578000000.0,5458000000.0
sz300614,300614,sz,百川畅银,10.58,-1.58,1.34,0.86,-4.15,2.35,-2.04,-1.21,17.29,-10.49,-16.56,22710000.0,1697000000.0,1697000000.0
sz000533,000533,sz,顺钠股份,10.58,-1.31,4.81,0.46,64.53,7.16,-12.63,-16.36,0.67,-8.32,27.01,347320000.0,7309000000.0,7245999999.999999
sh603730,603730,sh,岱美股份,10.58,5.59,1.58,3.01,35.68,5.12,2.92,2.32,8.85,-16.23,24.32,358800000.0,22732000000.0,22732000000.0
sh603506,603506,sh,南都物业,10.58,-2.31,4.32,0.83,16.91,1.66,-2.22,-3.56,16.52,-6.02,-17.65,86760000.0,1987000000.0,1987000000.0
sz002788,002788,sz,鹭燕医药,10.56,-3.3,3.19,0.8,15.23,1.24,-9.59,-8.17,6.13,-8.17,-49.3,130360000.0,4103000000.0,4032000000.0
sz002571,002571,sz,德力股份,10.56,-3.21,1.63,0.83,-16.56,5.2,-6.13,-3.47,0.19,-12.73,-10.2,51740000.0,4139000000.0,3150000000.0
sh601611,601611,sh,中国核建,10.56,-1.4,0.73,0.78,27.19,1.42,-6.71,-11.34,2.82,-11.85,-21.37,233150000.0,31826000000.0,31826000000.0
sz000045,000045,sz,深纺织Ａ,10.55,1.74,2.24,1.66,76.6,1.79,4.87,5.18,16.57,-6.07,-13.33,108060000.0,5344000000.0,4822000000.0
bj920454,920454,bj,同心传动,10.55,-2.31,0.46,0.37,40.8,3.4,-4.09,-5.21,2.13,-17.9,-35.87,2400000.0,1109000000.0,519000000.00000006
sz002941,002941,sz,新疆交建,10.54,2.43,1.95,1.94,19.24,1.63,-1.31,-3.21,7.22,-11.73,-32.65,151210000.0,7692000000.0,7692000000.0
sh688707,688707,sh,振华新材,10.54,1.25,1.78,1.56,-13.78,1.41,-1.59,-2.95,3.43,-27.11,-23.9,95840000.0,5362000000.0,5362000000.0
sh603015,603015,sh,弘讯科技,10.54,-2.77,1.36,0.71,107.0,3.08,-3.83,-3.13,11.89,-2.04,-15.48,58250000.0,4260000000.0,4260000000.0
sz300932,300932,sz,三友联众,10.53,1.06,4.17,1.06,61.05,2.75,-4.27,2.33,18.31,5.41,24.93,138520000.0,4719000000.0,3361000000.0
sh688429,688429,sh,时创能源,10.53,-0.85,0.42,1.23,-15.42,3.27,-1.59,-5.65,16.1,-12.32,-19.56,18070000.0,4211999999.9999995,4211999999.9999995
sh603089,603089,sh,正裕工业,10.53,10.03,4.49,1.07,50.63,1.56,-1.86,16.87,30.48,3.54,-16.23,111100000.0,2903000000.0,2528000000.0
sh600888,600888,sh,新疆众和,10.53,2.73,5.83,1.74,20.62,1.26,1.15,3.64,15.71,-8.03,30.65,955720000.0,16354000000.0,16354000000.0
bj920339,920339,bj,恒太照明,10.53,-4.62,0.71,0.9,109.54,4.01,-8.36,-9.07,-0.57,-6.81,7.45,11410000.0,2319000000.0,1592000000.0
sz002953,002953,sz,日丰股份,10.5,-2.96,9.09,1.06,32.94,2.36,8.36,5.74,8.92,0.57,-7.74,266250000.0,5162000000.0,2849000000.0
sz002846,002846,sz,英联股份,10.49,1.65,2.06,1.06,103.74,3.07,-3.05,-3.76,9.73,-14.92,-34.91,58340000.0,4406000000.0,2847000000.0
sz002205,002205,sz,国统股份,10.49,-1.59,0.81,0.67,-20.98,7.6,-2.15,-0.94,11.36,-19.25,-23.88,15880000.0,1948999999.9999998,1948999999.9999998
sh600268,600268,sh,国电南自,10.49,-0.19,1.01,0.69,20.68,2.85,-6.84,-6.76,-5.41,-22.12,2.04,107590000.0,10654000000.0,10653000000.0
sz300414,300414,sz,中光防雷,10.48,-2.96,1.58,0.61,182.19,3.42,-11.11,-11.56,-13.74,-12.11,-29.82,52650000.0,3417000000.0,3308000000.0
sh688659,688659,sh,元琛科技,10.46,-2.15,1.73,0.84,-57.71,3.23,-1.6,4.18,25.72,-0.57,10.69,29040000.0,1673999999.9999998,1673999999.9999998
sh600833,600833,sh,第一医药,10.46,-1.13,2.96,0.43,30.59,2.0,-11.13,-5.0,11.16,-0.3,-18.61,69270000.0,2333000000.0,2333000000.0
sh600360,600360,sh,华微电子,10.46,-2.43,5.06,0.68,57.12,2.87,-5.25,-2.24,2.25,-12.68,31.75,509920000.0,10045000000.0,10045000000.0
bj920407,920407,bj,驰诚股份,10.46,-3.77,1.62,0.59,60.89,4.2,-2.79,-4.04,2.95,-10.6,-45.59,7780000.0,1161000000.0,473000000.00000006
sh600650,600650,sh,锦江在线,10.45,1.06,0.95,1.18,40.42,1.38,-3.69,-2.61,6.09,-8.01,-30.75,39070000.0,5764000000.0,4081000000.0
sh600505,600505,sh,西昌电力,10.45,0.19,1.29,0.83,249.96,3.12,-4.39,-8.33,-2.43,-21.99,-19.89,48870000.0,3810000000.0,3810000000.0
sz002208,002208,sz,合肥城建,10.44,-3.42,3.64,0.91,-11.56,1.46,-10.39,-8.42,-20.06,-38.8,-15.67,306000000.0,8386000000.0,8384000000.0
sh605069,605069,sh,正和生态,10.44,-0.29,2.99,1.93,-10.42,3.22,-4.83,-6.2,6.97,-11.97,-28.98,66620000.0,2210000000.0,2210000000.0
sh603329,603329,sh,上海雅仕,10.44,0.0,1.99,1.26,38.1,1.78,-0.48,1.36,13.73,-2.19,-4.69,43180000.0,2611000000.0,2155000000.0
sh600640,600640,sh,国脉文化,10.44,-1.79,1.49,1.51,353.88,2.1,-4.48,-2.88,3.24,-9.78,-16.76,126450000.0,8264000000.0,8264000000.0
sh600710,600710,sh,苏美达,10.43,2.66,0.85,1.71,9.71,1.62,0.0,-2.07,-1.7,-7.58,0.34,115270000.0,13629000000.0,13629000000.0
bj920419,920419,bj,路斯股份,10.43,-3.6,1.07,0.66,19.84,1.77,-1.32,-3.87,10.96,-7.29,-34.15,10850000.0,1077000000.0,1008000000.0
sz300052,300052,sz,中青宝,10.42,-1.33,2.62,0.48,-47.3,7.92,-9.55,-7.62,11.8,-12.66,-17.04,71300000.0,2729000000.0,2728000000.0
sz000582,000582,sz,北部湾港,10.42,-4.49,2.13,1.06,24.63,1.28,-5.01,-21.54,-16.31,-23.21,12.04,483940000.0,26227999999.999996,22474000000.0
sh603885,603885,sh,吉祥航空,10.42,0.39,0.32,0.82,19.91,2.28,-2.8,-5.87,-3.79,-11.02,-29.07,72970000.0,22601000000.0,22601000000.0
sz300694,300694,sz,蠡湖股份,10.41,-1.14,1.55,1.06,16.57,1.5,-5.54,-4.5,7.76,0.77,-13.21,35180000.0,2260000000.0,2257000000.0
sz300616,300616,sz,尚品宅配,10.4,-1.52,2.45,0.67,-7.62,0.82,-3.61,-0.95,10.99,-31.13,-24.34,39980000.0,2335000000.0,1614000000.0
sz300188,300188,sz,国投智能,10.4,2.36,1.29,1.19,-10.79,3.76,-2.35,-6.39,4.42,-8.21,-28.82,112690000.0,8939000000.0,8897000000.0
sz300005,300005,sz,探路者,10.39,-4.24,5.15,0.79,83.36,4.28,-13.92,-6.06,7.56,-31.24,-3.97,472110000.0,9182000000.0,9107000000.0
sz002083,002083,sz,孚日股份,10.39,-1.33,3.78,0.56,16.79,2.03,-13.7,-14.27,-13.42,6.65,-10.53,374040000.0,9836000000.0,9832000000.0
sh603177,603177,sh,德创环保,10.39,-0.29,3.83,0.54,-40.06,6.57,2.57,11.12,24.88,0.97,-6.65,81300000.0,2122000000.0,2122000000.0
sz300658,300658,sz,延江股份,10.38,-1.89,2.68,0.87,56.78,2.59,-6.99,-6.23,4.32,-13.72,-29.68,61970000.0,3454000000.0,2292000000.0
sh600596,600596,sh,新安股份,10.38,-2.26,2.29,0.94,66.71,1.13,-7.32,-6.99,3.18,-13.14,-8.71,323520000.0,14009000000.0,14009000000.0
sh603968,603968,sh,醋化股份,10.37,-0.29,0.81,0.82,-30.27,1.21,-0.86,0.0,12.72,-16.37,-7.16,17210000.0,2120000000.0,2120000000.0
bj920429,920429,bj,康比特,10.37,-6.24,2.7,0.59,26.86,1.55,6.47,11.39,24.19,-7.27,-31.56,32660000.0,1291000000.0,1177000000.0
sh600571,600571,sh,信雅达,10.36,0.1,1.42,0.89,137.35,4.25,-1.52,-1.8,7.14,-10.97,-34.58,67520000.0,4831000000.0,4742000000.0
sz000957,000957,sz,中通客车,10.34,0.68,1.03,0.8,16.02,1.92,-1.05,-0.19,4.76,1.36,-9.07,62690000.0,6131000000.0,6131000000.0
sh603918,603918,sh,金桥信息,10.34,1.37,3.01,0.78,-58.56,3.86,-5.31,-8.74,9.19,-8.09,-34.1,113000000.0,3775000000.0,3775000000.0
sh603223,603223,sh,恒通股份,10.33,-1.24,0.89,0.82,23.01,1.81,-6.26,-4.35,0.29,4.98,11.92,64850000.0,7291000000.0,7291000000.0
sh601116,601116,sh,三江购物,10.33,-1.24,2.05,0.49,32.0,1.72,-3.46,-3.64,7.94,-19.92,-24.43,116170000.0,5658000000.0,5658000000.0
sz300371,300371,sz,汇中股份,10.32,-1.9,1.89,1.36,31.21,1.79,-1.71,-0.67,12.54,-8.27,-17.25,27330000.0,2077000000.0,1445000000.0
sz001376,001376,sz,百通能源,10.32,0.1,3.5,0.61,26.24,3.44,-9.31,-14.92,1.78,-28.63,-38.35,77500000.0,5042000000.0,2219000000.0
sh600435,600435,sh,北方导航,10.32,-1.62,0.89,0.39,128.3,5.44,-8.19,-5.15,-0.77,-13.13,-32.97,138670000.0,15608000000.000002,15608000000.000002
bj920230,920230,bj,欧康医药,10.31,-4.27,3.59,0.59,86.14,2.55,-6.1,-7.2,7.17,-3.82,-13.51,17830000.0,1036000000.0,487000000.0
sz300610,300610,sz,晨化股份,10.3,-1.15,2.01,0.86,31.48,1.85,1.18,2.28,16.25,-2.83,-10.12,34220000.0,2184000000.0,1705000000.0
bj920802,920802,bj,保丽洁,10.3,-0.29,1.81,0.45,31.79,1.92,-4.19,-3.92,3.94,-13.66,-32.64,6770000.0,844999999.9999999,373000000.0
sz002772,002772,sz,众兴菌业,10.28,-1.44,3.21,0.57,8.43,1.08,-4.55,-5.95,6.2,-23.51,-27.33,122510000.0,3852000000.0000005,3820000000.0000005
sh605228,605228,sh,神通科技,10.28,-2.37,0.81,0.97,30.58,2.15,-8.13,-6.29,-3.66,-20.56,-30.61,39880000.0,4931000000.0,4905000000.0
sh601865,601865,sh,福莱特,10.28,-2.65,0.8,0.74,26.39,1.11,-3.56,-8.05,7.98,-10.69,-33.76,159120000.0,24085000000.0,19543000000.0
sz300183,300183,sz,东软载波,10.27,-1.63,0.84,0.8,-295.98,1.54,-4.47,-4.2,2.29,-16.37,-30.73,32060000.0,4751000000.0,3810000000.0
sz002196,002196,sz,方正电机,10.26,-1.54,2.69,0.6,96.76,3.54,-9.36,-8.23,2.4,-24.17,-35.35,135400000.0,5088000000.0,5029000000.0
sz000403,000403,sz,派林生物,10.26,-3.48,1.05,0.72,36.42,1.21,-5.79,-3.84,6.1,-20.47,-25.05,103140000.0,9751000000.0,9651000000.0
sz000680,000680,sz,山推股份,10.25,0.59,0.95,0.76,11.65,2.31,-1.16,-10.09,-3.3,-3.86,-13.66,128780000.0,15376000000.0,13474000000.0
sh688472,688472,sh,阿特斯,10.25,-2.1,1.14,1.24,25.1,1.6,-1.63,-1.73,6.55,-22.07,-30.8,434340000.0,37342000000.0,37342000000.0
sh688219,688219,sh,会通股份,10.25,-1.06,0.88,1.03,28.61,1.87,-4.03,-4.92,0.69,-6.4,-16.47,49390000.0,5633000000.0,5633000000.0
sz301277,301277,sz,新天地,10.23,-3.4,1.5,0.48,39.8,2.66,-6.49,-4.84,4.18,3.23,-11.73,60530000.0,4011000000.0,4011000000.0
sz002026,002026,sz,山东威达,10.23,-0.68,0.94,0.87,21.06,1.16,-3.58,-4.66,7.23,-16.56,-31.94,42380000.0,4507000000.0,4506000000.0
sh600058,600058,sh,五矿发展,10.23,-0.2,0.77,0.83,-353.62,2.27,-4.03,-9.47,14.69,2.1,-10.94,85780000.0,10966000000.0,10966000000.0
sz300778,300778,sz,新城市,10.22,-1.35,1.39,1.1,-40.29,1.73,-2.57,-4.31,10.73,-15.47,-26.37,28960000.0,2080999999.9999998,2080999999.9999998
sz300559,300559,sz,佳发教育,10.22,-1.26,1.35,0.7,296.64,3.48,-7.26,-10.51,1.19,-11.44,-18.5,42840000.0,4083000000.0,3180000000.0
sh603566,603566,sh,普莱柯,10.22,-0.68,0.69,0.63,20.46,1.41,-2.57,-3.22,1.19,0.0,-15.05,24440000.0,3536999999.9999995,3536999999.9999995
sh601098,601098,sh,中南传媒,10.21,0.59,0.56,1.42,11.42,1.16,-0.1,-2.67,0.1,-2.2,-5.55,103390000.0,18337000000.0,18337000000.0
sz300825,300825,sz,阿尔特,10.2,-3.5,3.83,0.94,-20.38,2.51,-10.6,-8.03,-8.85,-22.79,5.37,189250000.0,5048000000.0,4942000000.0
sz000555,000555,sz,神州信息,10.2,-1.35,1.59,0.81,174.93,1.75,-4.76,-6.16,-1.54,-20.19,-38.33,159810000.0,9953000000.0,9941000000.0
sh603577,603577,sh,汇金通,10.2,0.29,0.93,0.83,34.02,1.77,-2.3,-2.39,14.35,-1.92,-2.48,32210000.0,3459000000.0000005,3459000000.0000005
sz300918,300918,sz,南山智尚,10.19,-0.78,1.0,1.01,42.42,1.34,-5.3,-4.59,5.49,-17.58,-45.08,51690000.0,5158000000.0,5158000000.0
sz300263,300263,sz,隆华科技,10.19,2.31,7.63,1.54,50.33,2.55,-2.95,0.3,11.86,-15.01,16.05,774390000.0,10547000000.0,9941000000.0
sz002041,002041,sz,登海种业,10.19,10.04,5.16,0.73,88.97,2.43,14.37,13.73,20.88,17.26,6.81,450440000.0,8967000000.0,8967000000.0
sh600497,600497,sh,驰宏锌锗,10.19,0.69,3.35,1.36,42.7,3.05,-1.36,-5.03,10.76,7.04,40.75,1715850000.0,51361000000.0,51361000000.0
sh600104,600104,sh,上汽集团,10.19,0.49,0.27,0.89,11.59,0.39,1.19,-2.77,0.14,-15.48,-31.87,320210000.0,117136999999.99998,117136999999.99998
bj920123,920123,bj,芭薇股份,10.19,-2.11,0.93,0.66,28.39,2.81,-3.04,-8.2,-1.74,-9.5,-31.24,6220000.0,1137000000.0,662000000.0
sz300517,300517,sz,海波重科,10.18,0.89,3.19,1.31,440.69,1.99,0.2,0.89,18.51,-13.36,-7.12,41050000.0,2039999999.9999998,1285000000.0
sz000860,000860,sz,顺鑫农业,10.18,-0.68,0.9,0.69,-26.51,1.11,-3.14,-7.29,-3.23,-11.48,-30.51,68250000.0,7551000000.000001,7551000000.000001
sz000691,000691,sz,亚太实业,10.18,-3.14,2.53,0.88,-357.14,10.98,-0.88,1.5,7.16,18.51,44.4,83510000.0,4936000000.0,3290999999.9999995
sh603680,603680,sh,今创集团,10.18,-0.49,0.42,0.65,12.13,1.33,-1.07,-4.41,6.93,-13.21,-33.29,33730000.0,7978000000.0,7978000000.0
sz002085,002085,sz,万丰奥威,10.17,-0.59,0.58,0.63,22.61,2.87,-4.86,-6.18,0.39,-13.89,-36.28,124640000.0,21594000000.0,21594000000.0
sh600251,600251,sh,冠农股份,10.17,-1.36,2.21,0.81,17.38,1.98,2.62,4.52,10.91,3.46,10.91,176820000.0,7902000000.0,7902000000.0
sz002917,002917,sz,金奥博,10.16,-0.97,0.83,0.74,19.93,2.08,-3.61,-6.27,3.25,-24.18,-23.21,22100000.0,3532000000.0,2647000000.0
sz002106,002106,sz,莱宝高科,10.16,-0.59,1.94,0.72,34.99,1.29,-5.05,-3.05,5.18,-12.03,-6.45,137710000.0,7170999999.999999,7162000000.0
sz300729,300729,sz,乐歌股份,10.15,0.5,0.47,0.82,16.63,0.97,-1.26,-2.31,4.21,-11.2,-23.74,15520000.0,3467000000.0,3329999999.9999995
sh605050,605050,sh,福然德,10.15,-1.74,0.32,0.76,13.48,1.15,-5.41,-7.22,-1.36,-4.43,-22.35,16270000.0,5002000000.0,5002000000.0
sh600618,600618,sh,氯碱化工,10.14,0.3,0.71,0.96,14.01,1.27,-0.69,-4.07,2.53,-0.1,-12.89,54120000.0,11726000000.0,7603000000.0
sh603787,603787,sh,新日股份,10.13,-0.39,0.7,0.68,50.84,1.53,-1.46,-0.2,7.54,-0.49,-27.44,16200000.0,2331000000.0,2331000000.0
sh603098,603098,sh,森特股份,10.13,0.8,0.72,0.7,60.39,1.95,-2.5,-1.36,5.08,-19.02,-26.65,38750000.0,5465000000.0,5458000000.0
sh600588,600588,sh,用友网络,10.13,-5.77,1.5,1.04,-25.21,5.15,-12.82,-14.59,8.69,-2.31,-23.6,528490000.0,34614000000.0,34614000000.0
sz300084,300084,sz,海默科技,10.11,-3.44,1.81,0.81,-165.55,3.81,-8.75,-15.75,-1.08,-15.89,1.2,86770000.0,5548000000.0,4761000000.0
bj920806,920806,bj,云星宇,10.11,0.1,0.4,0.65,41.18,1.98,-1.56,-3.81,5.75,0.3,-26.1,12320000.0,3040000000.0,3040000000.0
sz002361,002361,sz,神剑股份,10.1,-3.44,10.76,0.64,-231.44,4.44,-17.89,-19.14,4.77,-33.68,-29.57,915860000.0,9605000000.0,8530000000.0
sz300659,300659,sz,中孚信息,10.08,-1.18,1.56,0.81,-26.86,2.25,-2.98,-4.0,8.97,-8.53,-34.37,29660000.0,2625000000.0,1907999999.9999998
sz300306,300306,sz,远方信息,10.06,-1.18,1.7,0.96,38.35,1.89,-1.28,1.93,12.78,-5.63,-25.43,26890000.0,2706000000.0,1585000000.0
sz300222,300222,sz,科大智能,10.05,-1.47,1.9,0.66,80.4,4.29,-7.29,-8.05,6.8,-41.02,-7.8,124300000.0,7861000000.0,6554000000.000001
bj920931,920931,bj,无锡鼎邦,10.05,-7.8,9.37,1.08,438.78,2.41,-5.55,2.13,9.36,-4.38,-29.42,28370000.0,944000000.0,289000000.0
sh603037,603037,sh,凯众股份,10.04,-1.47,0.83,0.61,37.91,2.85,-4.47,-3.55,9.01,-22.59,-29.59,22280000.0,2676000000.0,2672000000.0
sh600081,600081,sh,东风科技,10.03,-0.69,0.4,0.64,242.71,1.2,-5.19,0.01,4.49,-5.9,-15.14,21990000.0,5547000000.0,5547000000.0
sz301256,301256,sz,华融化学,10.02,-0.69,0.75,0.88,68.83,2.82,-6.18,-7.56,7.05,-12.87,-25.72,35890000.0,4810000000.0,4810000000.0
sz300605,300605,sz,恒锋信息,10.02,-1.96,4.2,0.76,-42.94,3.79,-6.0,-8.74,13.86,-8.16,-35.97,53100000.0,1655000000.0,1266000000.0
sz002582,002582,sz,好想你,10.02,-3.19,7.63,0.62,2.75,1.0,-9.81,-3.93,11.09,-5.37,-4.2,262620000.0,4486000000.0,3449000000.0
sh603599,603599,sh,广信股份,10.01,-0.99,0.77,0.75,13.95,0.91,-1.67,-4.85,-3.0,-8.75,-11.1,69970000.0,9112000000.0,9112000000.0
sh603158,603158,sh,腾龙股份,10.01,-0.6,2.47,0.64,82.27,2.19,-7.23,-9.66,11.97,-31.16,-5.03,121300000.0,4913000000.0,4913000000.0
sz301126,301126,sz,达嘉维康,10.0,-1.67,3.05,0.84,-8.57,1.37,-3.66,1.32,16.82,-2.06,-18.63,42150000.0,2054000000.0,1379000000.0
sz002855,002855,sz,捷荣技术,10.0,-1.48,1.29,1.23,-5.85,11.9,-1.38,-1.09,11.61,-13.57,-38.95,31820000.0,2464000000.0,2462000000.0
sz002399,002399,sz,海普瑞,10.0,-4.49,1.0,1.3,38.57,1.23,-5.3,-8.76,4.82,2.09,-14.13,127330000.0,14672999999.999998,12472000000.0
bj920436,920436,bj,大地电气,10.0,-1.48,0.47,0.74,868.52,2.43,-3.38,-6.1,1.32,-19.81,-42.33,4260000.0,952000000.0,894000000.0
sz003032,003032,sz,传智教育,9.99,-7.16,28.48,1.09,-48.08,3.44,-20.14,-16.96,65.95,43.33,56.83,813530000.0,4020000000.0000005,2842000000.0
sz002276,002276,sz,万马股份,9.99,-0.6,1.17,0.77,33.01,1.62,-3.76,-4.95,2.57,-15.37,-40.73,117120000.0,10101000000.0,10063000000.0
sz000609,000609,sz,*ST中迪,9.99,-6.02,2.04,1.25,-6.82,-19.82,-8.01,-1.96,8.82,-23.97,12.25,60320000.0,2990000000.0,2904000000.0
bj920833,920833,bj,美心翼申,9.99,2.36,1.6,1.12,52.79,1.88,0.5,13.52,22.28,-0.1,-14.49,13840000.0,1144000000.0,865000000.0
sz000065,000065,sz,北方国际,9.98,10.03,7.8,6.04,15.65,1.04,8.71,8.24,8.71,-17.68,-19.01,825800000.0,11591000000.0,10629000000.0
sh603585,603585,sh,苏利股份,9.98,-0.5,1.21,0.98,16.47,0.99,-3.01,-3.48,5.39,-10.46,-24.49,32810000.0,2748000000.0,2703000000.0
sz301355,301355,sz,南王科技,9.97,-1.19,1.5,0.97,-61.38,1.32,-2.73,-1.58,11.52,-9.28,-25.15,20850000.0,1945000000.0,1393000000.0
sz001217,001217,sz,华尔泰,9.96,-0.5,0.78,0.74,-75.42,1.52,-0.3,-0.5,10.91,1.43,-27.83,25280000.0,3304999999.9999995,3272999999.9999995
sh603668,603668,sh,天马科技,9.96,-1.97,0.77,0.43,-26.51,2.38,-5.77,-8.79,-7.35,-11.86,-40.22,38710000.0,5038000000.0,5038000000.0
sh603527,603527,sh,众源新材,9.96,-0.4,1.6,0.99,107.29,1.51,-1.68,-4.32,10.67,-26.28,-9.37,50610000.0,3157000000.0,3157000000.0
sh600753,600753,sh,ST海钦,9.96,-0.4,0.5,0.87,47.19,26.53,-0.6,0.2,-2.06,-24.26,17.31,11600000.0,2294000000.0,2294000000.0
sh600633,600633,sh,浙数文化,9.96,-1.97,1.25,0.87,25.43,1.22,-7.26,-11.23,-3.21,-17.21,-21.51,158600000.0,12630000000.0,12630000000.0
sz300349,300349,sz,金卡智能,9.95,-3.4,1.88,1.01,19.53,0.93,-7.18,-7.18,2.47,-23.52,-35.31,69610000.0,4151000000.0,3679000000.0
sz003000,003000,sz,劲仔食品,9.95,-2.16,1.83,1.41,18.21,3.35,-4.33,-8.29,-1.19,-5.45,-10.31,56550000.0,4486000000.0,3065000000.0
sz000014,000014,sz,沙河股份,9.95,-1.39,1.69,0.93,-15.81,1.74,-2.16,-2.36,6.19,-6.75,-26.02,40890000.0,2408000000.0,2408000000.0
sh688007,688007,sh,光峰科技,9.94,-6.58,1.83,1.77,-19.44,1.94,-10.85,-9.55,-4.15,-28.02,-46.47,85310000.0,4569000000.0,4569000000.0
sh603390,603390,sh,通达电气,9.94,-1.78,1.55,1.11,26.82,2.07,-5.15,-2.36,7.69,-20.73,-23.6,54280000.0,3495000000.0000005,3490000000.0
sh600197,600197,sh,伊力特,9.94,1.02,0.94,0.74,26.56,1.25,-0.8,-1.97,3.22,-21.42,-25.88,44170000.0,4703000000.0,4703000000.0
bj920892,920892,bj,广咨国际,9.94,-1.88,0.42,1.12,15.63,4.91,-4.05,-5.42,-1.68,-24.35,-34.22,6320000.0,1693000000.0,1499000000.0
sz002194,002194,sz,武汉凡谷,9.93,-1.19,4.74,0.73,-326.52,2.74,-5.97,-0.7,19.35,-12.28,-23.91,241800000.0,6784999999.999999,5073000000.0
sz001299,001299,sz,美能能源,9.93,-1.97,1.12,1.03,30.1,2.78,-0.2,-1.39,5.08,-21.63,-9.55,31490000.0,3120000000.0,2809000000.0
sz000828,000828,sz,东莞控股,9.93,4.64,1.97,3.34,12.27,1.0,1.22,-0.6,1.02,-1.88,-4.84,202970000.0,10322000000.0,10322000000.0
sh603123,603123,sh,翠微股份,9.93,4.97,12.33,2.06,-18.48,4.87,10.09,0.71,14.14,-1.59,-40.93,788290000.0,7931000000.0,6477000000.0
sz301032,301032,sz,新柴股份,9.92,-1.2,1.76,0.98,21.31,1.92,-2.65,-2.46,7.48,-9.49,-16.64,27870000.0,2392000000.0,1586000000.0
bj920363,920363,bj,莱赛激光,9.92,-1.29,0.82,0.53,241.1,3.68,-5.25,-6.24,2.69,-10.55,-32.8,5740000.0,1230000000.0,699000000.0
sz300787,300787,sz,海能实业,9.91,-1.29,2.86,0.84,47.5,2.1,-5.35,11.22,27.54,4.32,-14.2,55980000.0,3106000000.0,1948000000.0
sz002351,002351,sz,漫步者,9.91,0.41,1.46,0.88,19.93,2.94,0.41,-2.65,0.51,-11.12,-16.45,75810000.0,8811000000.0,5227000000.0
bj920703,920703,bj,广厦环能,9.91,-0.8,0.58,0.56,17.54,1.31,1.12,2.38,7.95,-2.94,-31.23,3070000.0,1494000000.0,526999999.99999994
sz300514,300514,sz,友讯达,9.9,0.92,1.99,1.5,68.46,1.98,-0.4,1.75,15.12,-8.59,-24.49,31340000.0,1980000000.0,1587000000.0
sh600613,600613,sh,神奇制药,9.9,10.0,20.36,0.96,146.33,2.31,40.43,90.75,105.39,94.88,65.0,937740000.0,5287000000.0,4745000000.0
sz000524,000524,sz,岭南控股,9.89,1.44,2.99,2.1,86.82,2.91,4.77,3.67,17.32,6.01,-17.16,198170000.0,6628000000.0,6626000000.000001
sz000151,000151,sz,中成股份,9.89,-1.88,1.55,0.93,8.77,3.96,-1.98,-2.75,6.92,-25.69,-16.75,47390000.0,3470000000.0000005,3045000000.0
sh600236,600236,sh,桂冠电力,9.89,-0.1,0.09,0.56,20.24,4.31,-2.85,-9.18,-6.34,-13.22,30.35,73270000.0,77957000000.0,77957000000.0
bj920304,920304,bj,迪尔化工,9.89,4.77,3.31,1.37,34.93,3.17,14.34,10.5,18.3,1.02,-26.74,43430000.0,1677000000.0,1339000000.0
sz300968,300968,sz,格林精密,9.88,-4.17,1.83,0.79,-75.44,2.29,-8.86,-10.1,-7.4,-8.09,-33.65,75250000.0,4084000000.0000005,4084000000.0000005
sz300800,300800,sz,力合科技,9.88,-1.2,1.51,1.33,48.25,1.14,-2.66,-1.2,12.27,-7.32,-14.33,34940000.0,2339000000.0,2315000000.0
sh600508,600508,sh,上海能源,9.88,10.02,3.54,3.62,33.49,0.78,14.22,13.04,17.76,-1.9,19.66,346730000.0,9997000000.0,9997000000.0
bj920926,920926,bj,鸿智科技,9.88,-0.8,0.25,0.45,41.72,3.43,-4.73,-7.23,-0.5,-18.68,-41.5,2020000.0,873000000.0,792000000.0
sh601229,601229,sh,上海银行,9.87,1.33,0.51,0.98,5.79,0.56,4.67,6.47,7.75,12.03,-0.1,717620000.0,140243000000.0,140243000000.0
bj920126,920126,bj,永大股份,9.87,-1.4,2.69,0.5,17.54,1.62,-2.95,-6.89,-5.82,26.7,26.7,11930000.0,1837000000.0,441000000.0
sh603020,603020,sh,爱普股份,9.86,-1.99,1.06,0.79,42.32,1.16,-5.19,-10.45,4.23,1.96,-1.79,39230000.0,3704000000.0,3704000000.0
sh600203,600203,sh,福日电子,9.86,-2.09,2.31,0.76,458.23,3.4,-3.62,-4.36,6.02,-23.09,-26.09,135560000.0,5847000000.0,5847000000.0
sh600683,600683,sh,京投发展,9.85,-1.6,5.09,0.56,-5.76,-4.98,-15.88,1.44,19.11,-35.2,130.68,375760000.0,7297000000.0,7297000000.0
sz002019,002019,sz,亿帆医药,9.84,-2.86,1.98,0.76,33.65,1.36,-5.93,-4.93,-2.09,-6.11,-17.03,165660000.0,11969000000.0,8290000000.000001
sz002893,002893,sz,京能热力,9.83,0.0,3.08,1.01,39.88,1.87,0.82,-0.61,4.8,-21.04,-11.43,61630000.0,2592000000.0,1993000000.0
sz002736,002736,sz,国信证券,9.83,0.1,0.18,1.1,9.28,1.04,-2.09,-3.25,-2.96,0.61,-22.42,169840000.0,100676000000.0,94490000000.0
sz300106,300106,sz,西部牧业,9.82,-0.51,3.95,0.41,-57.81,5.51,-4.66,0.41,17.18,-32.83,-8.65,81420000.0,2075000000.0,2075000000.0
sz002585,002585,sz,双星新材,9.82,-2.09,5.72,0.61,-23.32,1.35,-12.16,2.72,23.06,-4.01,46.35,497290000.0,11208000000.0,8708000000.0
sz002465,002465,sz,海格通信,9.82,-0.71,1.64,0.81,-29.5,2.16,-8.65,-10.07,0.72,-38.01,-37.42,401320000.0,24372000000.0,24333000000.0
sz300600,300600,sz,国瑞科技,9.81,-1.51,1.02,0.57,-52.81,2.41,-5.22,-6.84,3.59,-10.16,-34.16,29560000.0,2886000000.0,2886000000.0
sz002918,002918,sz,蒙娜丽莎,9.81,-3.16,4.1,0.59,42.85,1.25,-6.39,-2.0,5.14,-26.68,-30.67,86880000.0,4011000000.0,2101000000.0000002
sz002836,002836,sz,新宏泽,9.81,-0.91,1.16,0.99,52.8,6.42,-3.73,-2.68,14.34,-13.49,-33.64,26300000.0,2260000000.0,2260000000.0
sz300581,300581,sz,晨曦航空,9.8,-0.71,1.21,0.55,-78.89,5.89,-6.93,-6.93,0.0,-10.58,-40.57,65360000.0,5391000000.0,5391000000.0
sz300551,300551,sz,古鳌科技,9.8,-1.31,2.6,1.05,-13.55,10.88,-4.58,-4.95,8.89,-16.95,-41.11,87470000.0,3333000000.0,3322999999.9999995
sz300471,300471,sz,厚普股份,9.8,1.03,1.41,0.6,41.61,2.79,-3.92,-0.1,10.86,-1.11,-22.22,51290000.0,4608000000.0,3672999999.9999995
sz002668,002668,sz,TCL智家,9.8,5.95,2.82,0.62,10.66,2.78,-9.43,-5.5,-7.72,4.93,-3.69,290230000.0,10624000000.0,10624000000.0
sh601666,601666,sh,平煤股份,9.8,1.98,1.83,0.99,121.2,1.11,5.26,4.81,25.8,25.64,25.48,441210000.0,24200000000.0,24200000000.0
sh600479,600479,sh,千金药业,9.8,0.41,0.98,0.61,15.65,1.65,-1.8,-1.11,2.83,-2.0,0.2,39880000.0,4824000000.0,4101000000.0
sz002023,002023,sz,海特高新,9.79,-3.36,2.18,0.71,-13.26,1.94,-9.27,-6.85,8.06,-10.27,-27.7,158140000.0,7253000000.0,7253000000.0
sz002011,002011,sz,盾安环境,9.79,-0.91,0.71,0.89,9.96,1.57,-3.45,-5.14,-4.21,-20.86,-22.18,74060000.0,10519000000.0,10392000000.0
sz000888,000888,sz,峨眉山Ａ,9.78,0.1,1.28,0.88,23.39,1.95,0.72,-0.71,4.82,-4.31,-24.6,66440000.0,5153000000.0,5153000000.0
sz000837,000837,sz,秦川机床,9.78,-2.69,1.97,0.45,201.44,2.03,-8.77,-6.68,10.26,-15.69,-24.07,194580000.0,10006000000.0,9852000000.0
sh603085,603085,sh,天成自控,9.78,-1.51,1.05,0.84,43.59,4.01,-4.49,-2.0,6.42,-26.85,-17.47,40940000.0,3884000000.0000005,3884000000.0000005
sh600151,600151,sh,航天机电,9.78,-3.74,1.96,0.87,-31.13,3.18,-10.03,-11.33,6.77,-28.98,-44.27,277940000.0,14027000000.000002,14027000000.000002
sz300654,300654,sz,世纪天鸿,9.77,-3.93,3.37,0.93,141.98,4.26,-6.51,-14.52,-15.48,5.39,-0.91,117190000.0,3577000000.0000005,3445000000.0000005
sz002171,002171,sz,楚江新材,9.77,1.24,3.82,1.47,40.49,1.81,-4.12,-2.1,6.2,-17.48,-25.87,611080000.0,15856000000.0,15766000000.0
bj920089,920089,bj,禾昌聚合,9.77,-2.2,0.88,1.24,12.36,1.46,-4.31,-6.95,-1.11,-19.16,-35.59,9710000.0,1914000000.0,1090000000.0
sz300993,300993,sz,玉马科技,9.76,-1.81,0.97,1.05,20.53,1.96,-2.98,-4.13,5.17,-8.01,-32.8,22840000.0,3007000000.0,2361000000.0
sz300337,300337,sz,银邦股份,9.76,0.41,1.85,0.89,92.95,4.56,-4.97,-7.58,7.14,-21.29,-37.03,128400000.0,8022000000.0,6943000000.000001
sh600573,600573,sh,惠泉啤酒,9.76,0.21,1.66,0.61,27.36,1.77,0.1,-1.41,4.72,-26.23,-17.5,40280000.0,2440000000.0,2440000000.0
sz300444,300444,sz,双杰电气,9.75,-1.02,2.95,0.55,16.84,3.78,-11.04,-14.62,-8.79,-33.13,1.88,180530000.0,7845000000.0,6118000000.0
sz002184,002184,sz,海得控制,9.75,-2.6,2.24,1.02,-46.52,2.68,-3.37,-2.69,5.18,-19.42,-25.52,54310000.0,3431000000.0,2421000000.0
sz000993,000993,sz,闽东电力,9.75,0.41,1.09,0.88,261.06,1.77,-2.89,-6.88,-1.91,-33.67,-17.37,48400000.0,4465000000.0,4465000000.0
sh603398,603398,sh,*ST沐邦,9.75,-9.89,2.38,1.47,-5.11,-56.56,-12.48,-5.61,4.95,-32.29,17.9,103790000.0,4228000000.0,4228000000.0
sz300141,300141,sz,和顺电气,9.74,-1.02,1.67,0.66,-62.25,4.05,-7.59,-12.09,-4.23,-14.11,-22.51,41400000.0,2511000000.0,2480000000.0
sz300016,300016,sz,北陆药业,9.74,-6.7,20.18,2.65,46.0,2.3,11.83,14.05,24.23,18.78,22.67,1134990000.0,5666000000.0,5475000000.0
sh605055,605055,sh,迎丰股份,9.74,1.04,0.84,1.24,-67.59,4.48,0.21,4.96,15.81,-32.08,0.93,36030000.0,4286000000.0,4286000000.0
bj920792,920792,bj,东和新材,9.74,-1.02,0.24,0.54,20.02,1.53,-0.61,-3.08,3.84,-3.37,-18.43,2420000.0,1612000000.0,990000000.0
sz300541,300541,sz,先进数通,9.72,-0.61,1.69,0.76,99.67,2.48,-4.33,-9.92,-2.99,-9.67,-35.16,63790000.0,4179999999.9999995,3772000000.0
sz300453,300453,sz,三鑫医疗,9.72,-1.72,3.47,0.75,18.15,3.56,-2.8,0.1,3.08,6.7,14.08,121610000.0,5075000000.0,3497999999.9999995
bj920770,920770,bj,艾能聚,9.72,-1.92,1.31,0.73,29.22,2.11,-6.09,-9.5,-3.48,-19.67,-42.52,10520000.0,1265000000.0,796000000.0
sz300288,300288,sz,朗玛信息,9.71,-1.22,1.25,0.71,-2484.1,3.05,-3.67,-4.99,5.89,-4.9,-27.81,31140000.0,3281000000.0,2491000000.0
sz002762,002762,sz,金发拉比,9.71,-5.08,4.12,0.7,-18.62,5.28,-7.7,3.63,21.22,4.86,42.17,85820000.0,3438000000.0000005,2052000000.0
sz300149,300149,sz,睿智医药,9.7,-6.55,7.03,0.73,-430.2,3.76,-12.45,-7.44,3.85,11.24,1.46,336380000.0,4898000000.0,4671000000.0
sz000710,000710,sz,贝瑞基因,9.7,-5.92,18.01,2.66,-16.06,2.41,7.06,-2.9,22.94,9.98,-14.08,588700000.0,3429000000.0,3254999999.9999995
sh605577,605577,sh,龙版传媒,9.7,-0.31,1.25,0.55,18.06,1.09,-0.82,-0.72,6.36,-4.72,-24.86,54200000.0,4311000000.0,4311000000.0
sh603998,603998,sh,方盛制药,9.7,-2.32,2.9,0.57,13.89,2.55,-7.62,-0.41,6.13,-2.02,-11.33,123840000.0,4259000000.0000005,4259000000.0000005
bj920946,920946,bj,森萱医药,9.7,-4.81,2.7,0.77,27.7,3.32,-2.22,3.08,6.83,0.73,-6.64,115520000.0,4140999999.9999995,4140000000.0
bj920566,920566,bj,梓橦宫,9.7,-1.92,1.59,0.54,15.36,1.69,-3.48,-3.39,2.75,-1.02,-11.17,17410000.0,1401000000.0,1090000000.0
sh600859,600859,sh,王府井,9.69,0.1,0.83,0.73,-248.24,0.56,-2.71,-5.65,-0.62,-13.33,-37.6,90870000.0,10891000000.0,10890000000.0
sh600730,600730,sh,*ST高科,9.69,-6.2,2.25,1.04,-44.18,3.39,-6.74,-14.32,12.41,-34.31,-11.43,127680000.0,5685000000.0,5685000000.0
sz002789,002789,sz,*ST建艺,9.68,-4.72,1.65,1.63,-2.0,10.16,-5.28,-0.72,8.28,-26.89,-7.63,25260000.0,1545000000.0,1515000000.0
sh601577,601577,sh,长沙银行,9.68,1.68,0.46,1.06,4.73,0.53,4.99,4.99,4.65,4.42,2.22,176570000.0,38929000000.0,38920000000.0
sh600025,600025,sh,华能水电,9.68,1.04,0.15,1.09,21.12,2.69,1.26,-0.62,-2.12,-0.15,9.07,271560000.0,180349000000.0,180349000000.0
bj920519,920519,bj,万德股份,9.67,-0.51,0.45,0.6,33.58,1.67,-2.81,-4.45,-1.12,-8.01,-18.62,3410000.0,863000000.0000001,767000000.0
sz300258,300258,sz,精锻科技,9.66,-2.03,1.29,0.74,61.9,1.21,-6.67,-6.03,2.22,-24.09,-32.33,71050000.0,5652000000.0,5505000000.0
bj920541,920541,bj,铁大科技,9.66,0.52,0.56,0.97,17.89,2.88,-0.62,-1.83,4.32,-8.09,-25.75,4900000.0,1321000000.0,869999999.9999999
sz300501,300501,sz,海顺新材,9.65,-4.83,2.17,2.06,-52.26,2.1,-7.12,-6.13,-0.92,-30.22,-5.96,58360000.0,2684000000.0,2675000000.0
sz300118,300118,sz,东方日升,9.65,-1.33,2.74,0.88,-3.77,1.33,-7.74,-8.27,3.65,-31.07,-34.17,247620000.0,11001000000.0,8944000000.0
sz002706,002706,sz,良信股份,9.65,-3.5,4.63,0.67,62.73,2.57,-4.36,6.87,7.94,-34.13,-8.82,414550000.0,10838000000.0,8830000000.0
sh688528,688528,sh,秦川物联,9.65,-2.03,1.36,1.2,-14.8,3.64,-2.13,0.21,20.47,-15.05,-10.4,22160000.0,1621000000.0,1621000000.0
sh688327,688327,sh,云从科技-UW,9.65,-5.02,2.77,1.4,-24.81,13.88,-11.47,-12.51,-5.21,-30.63,-32.85,226260000.0,10036000000.0,8056000000.0
sz300608,300608,sz,思特奇,9.63,-5.12,2.95,1.16,-17.23,2.32,-9.41,-8.98,-0.62,-19.48,-13.01,87080000.0,3352000000.0000005,2931000000.0
sz002345,002345,sz,潮宏基,9.63,-3.41,2.88,0.93,14.97,2.31,-6.5,-17.34,-7.31,4.56,-20.74,244360000.0,8556000000.0,8351000000.000001
bj920145,920145,bj,恒合股份,9.63,-3.31,0.82,0.86,-49.04,2.7,-3.51,-5.22,5.48,-19.75,-61.94,3940000.0,679000000.0,470000000.0
sh603703,603703,sh,盛洋科技,9.62,-0.52,2.78,0.51,-169.71,4.83,-10.34,2.67,12.25,-23.1,-34.02,110620000.0,3992000000.0,3992000000.0
sz300345,300345,sz,华民股份,9.6,2.45,23.53,1.07,-28.73,13.86,7.87,50.71,79.44,58.15,53.11,1099810000.0,5581000000.0,4612000000.0
sz002394,002394,sz,联发股份,9.6,1.16,1.13,1.11,22.38,0.75,-2.34,-3.81,14.29,-3.42,-37.5,34860000.0,3108000000.0,3105000000.0
sz300146,300146,sz,汤臣倍健,9.59,-1.34,0.81,0.72,25.01,1.49,-4.1,-5.14,-3.91,-1.84,-17.07,87340000.0,16222999999.999998,10749000000.0
sz002248,002248,sz,华东数控,9.58,-3.91,13.39,0.67,89.26,24.59,-18.81,-4.68,18.71,-5.89,-16.91,396010000.0,2946000000.0,2946000000.0
sz000411,000411,sz,英特集团,9.58,-0.93,0.53,0.61,11.26,1.04,-4.01,-2.54,3.01,-15.42,-22.72,28690000.0,5411000000.0,5401000000.0
sh603327,603327,sh,福蓉科技,9.58,2.68,5.11,1.81,68.6,4.19,6.8,4.93,9.49,-4.87,-10.88,510370000.0,10016000000.0,10016000000.0
sh603218,603218,sh,日月股份,9.58,-0.62,0.46,0.98,19.07,0.98,-3.04,-4.96,0.0,-16.04,-25.56,45860000.0,9866000000.0,9857000000.0
sz300121,300121,sz,阳谷华泰,9.57,-0.42,1.53,0.59,21.87,1.2,-4.49,-2.25,4.82,-13.24,-23.69,62700000.0,4261000000.0,4109000000.0000005
sz300096,300096,sz,ST易联众,9.57,-0.42,0.51,0.47,86.19,12.34,-0.83,4.59,18.73,10.51,28.8,20860000.0,4115000000.0,4115000000.0
sh603909,603909,sh,建发合诚,9.57,-0.1,0.8,1.0,21.47,2.13,-0.93,1.7,16.71,-7.45,-14.09,19800000.0,2495000000.0,2495000000.0
bj920642,920642,bj,通易航天,9.57,-2.84,2.14,0.87,-37.7,4.35,-8.86,-12.36,-4.2,-12.52,-43.2,20610000.0,992000000.0,957000000.0
bj920300,920300,bj,辰光医疗,9.57,2.68,2.52,1.57,-13.89,5.12,-1.03,-2.45,4.82,-7.8,-37.74,15670000.0,822000000.0000001,637000000.0
sz300701,300701,sz,森霸传感,9.56,-1.65,1.13,0.87,35.63,2.83,-3.04,-1.95,10.39,-12.37,-25.49,27330000.0,2673000000.0,2411000000.0
sz300565,300565,sz,科信技术,9.55,-0.83,2.74,0.88,-26.09,4.57,-3.63,-2.35,10.79,-32.27,-24.27,59730000.0,2385000000.0,2179000000.0
sh605300,605300,sh,佳禾食品,9.55,-0.31,0.45,0.61,97.05,1.52,-4.21,-3.83,6.94,-10.42,-17.18,19630000.0,4340000000.0,4340000000.0
sh603628,603628,sh,清源股份,9.55,0.1,1.05,0.9,86.95,2.01,-1.34,-1.34,5.76,-10.89,-29.03,27220000.0,2604000000.0,2599000000.0
sh603600,603600,sh,永艺股份,9.55,-0.52,0.78,0.6,12.76,1.4,-0.1,-1.75,4.14,-7.82,-17.46,24530000.0,3156000000.0,3156000000.0
sh603108,603108,sh,润达医疗,9.55,-3.24,2.07,0.58,-10.84,1.57,-6.56,-13.65,2.8,-23.9,-36.12,119960000.0,5774000000.0,5774000000.0
sh600817,600817,sh,宇通重工,9.55,0.1,0.33,0.61,17.29,2.08,-0.31,1.17,6.23,-1.34,-12.94,16660000.0,5081000000.0,5057000000.0
sz300254,300254,sz,仟源医药,9.54,7.43,17.64,2.25,137.83,5.49,5.41,8.04,24.06,-12.32,-5.73,380630000.0,2454000000.0,2169000000.0
sh603088,603088,sh,宁波精达,9.54,-0.73,2.9,1.55,52.23,4.51,1.06,-0.31,7.92,-7.65,-6.1,123040000.0,4793000000.0,4177000000.0000005
sh600992,600992,sh,贵绳股份,9.54,-0.83,1.62,0.65,-794.59,1.64,-5.07,-8.62,3.36,-27.73,-29.7,38010000.0,2338000000.0,2338000000.0
sz300234,300234,sz,开尔新材,9.53,0.0,2.64,0.66,-219.46,4.26,-1.75,4.15,33.1,12.78,73.27,86280000.0,4795000000.0,3278000000.0
sh688567,688567,sh,孚能科技,9.52,-1.04,0.72,1.01,-15.85,1.27,-5.74,-7.03,-0.73,-26.83,-39.17,84800000.0,11634000000.0,11634000000.0
sz002152,002152,sz,广电运通,9.51,-0.83,0.65,0.55,27.9,1.93,-3.06,-7.04,-2.46,-8.73,-29.24,154900000.0,23617000000.0,23605000000.0
sh603333,603333,sh,福华尚纬,9.51,-3.45,10.41,3.99,-183.27,2.9,5.78,2.92,13.89,9.18,13.89,635690000.0,5911000000.0,5911000000.0
bj920957,920957,bj,汉维科技,9.51,0.32,2.25,1.11,119.74,2.64,2.26,-0.63,6.85,-5.28,-23.49,9120000.0,1019999999.9999999,405999999.99999994
bj920810,920810,bj,春光智能,9.51,-0.94,3.96,0.94,-144.71,4.0,8.93,7.82,25.3,1.06,-27.63,23490000.0,911999999.9999999,593000000.0
sz300625,300625,sz,三雄极光,9.5,-2.96,1.39,1.38,-37.88,1.45,-2.26,-1.25,9.83,-12.6,-18.1,21440000.0,2654000000.0,1539000000.0
sz002090,002090,sz,金智科技,9.5,2.7,1.63,0.99,52.43,2.46,0.11,-0.21,9.2,-9.91,-19.18,60680000.0,3804999999.9999995,3783000000.0
sh603536,603536,sh,惠发食品,9.5,0.0,2.16,1.02,-44.97,6.69,-4.62,0.21,18.6,1.17,-14.57,49170000.0,2285000000.0,2285000000.0
sh601600,601600,sh,中国铝业,9.5,0.85,1.2,0.96,11.11,2.09,-0.42,-4.07,2.89,-15.73,-21.31,1495820000.0,162972000000.0,125432000000.0
sz300164,300164,sz,通源石油,9.49,-7.14,21.23,0.85,-209.53,4.11,-10.3,-11.31,-9.53,-4.33,71.92,1167450000.0,5584000000.0,5535000000.0
sz300004,300004,sz,南风股份,9.49,-3.95,15.22,1.13,477.03,2.57,10.35,12.31,21.98,-31.13,-22.53,709350000.0,4555000000.0,4555000000.0
sh600250,600250,sh,南京商旅,9.49,3.72,15.38,2.52,298.54,4.75,11.65,10.48,21.36,2.15,-17.55,447570000.0,2968000000.0,2968000000.0
sz300348,300348,sz,长亮科技,9.48,1.07,3.21,1.36,-506.65,3.65,2.16,-0.52,8.34,-6.72,-38.73,221830000.0,7701000000.000001,6925000000.0
sh600679,600679,sh,上海凤凰,9.48,0.96,0.68,1.19,53.28,2.24,-0.42,-1.04,4.29,-2.24,-29.08,22200000.0,4695000000.0,3258000000.0
sz002215,002215,sz,诺 普 信,9.46,2.83,4.42,1.07,12.39,2.07,5.11,2.71,10.26,7.62,-8.07,335730000.0,9500000000.0,7644000000.0
sz001356,001356,sz,富岭股份,9.45,3.85,6.36,1.33,78.1,2.76,-0.74,7.39,13.58,-5.95,-26.68,125010000.0,5569000000.0,2001000000.0000002
sz000899,000899,sz,赣能股份,9.45,-5.12,2.2,2.34,11.08,1.52,-9.48,-14.4,-11.68,-29.86,1.25,202790000.0,9220000000.0,9220000000.0
sz300500,300500,sz,启迪设计,9.44,-1.97,1.88,1.2,-20.18,1.65,-0.63,0.32,15.4,-14.72,-31.84,29860000.0,1642000000.0000002,1582000000.0
sz002910,002910,sz,庄园牧场,9.44,-0.84,2.87,0.75,-23.09,1.86,-3.08,-0.42,16.69,-4.93,-15.03,46450000.0,1846000000.0,1614999999.9999998
sz002111,002111,sz,威海广泰,9.44,-0.63,1.3,0.93,30.56,1.7,-2.68,-2.38,1.18,-5.03,-8.17,59700000.0,5022000000.0,4614000000.0
sz002082,002082,sz,ST万邦,9.44,-3.77,1.42,0.71,-72.64,2.21,-11.53,-10.1,3.51,-38.74,-32.23,76740000.0,5774000000.0,5360000000.0
sh688247,688247,sh,宣泰医药,9.44,-3.28,1.79,0.56,98.25,3.28,-11.44,1.29,11.32,10.93,-2.58,77000000.0,4279999999.9999995,4279999999.9999995
sz002284,002284,sz,亚太股份,9.43,1.07,5.73,1.04,12.5,1.96,1.51,-1.15,5.25,-17.79,-36.41,399240000.0,6970000000.0,6905000000.0
sz002649,002649,sz,博彦科技,9.42,-1.05,1.77,0.44,126.42,1.35,-6.08,-12.7,9.92,0.53,-27.87,89110000.0,5571000000.0,5053000000.0
bj920212,920212,bj,智新电子,9.42,-2.48,0.72,0.59,81.99,2.35,-2.08,-1.36,3.06,-11.38,-30.19,3540000.0,999000000.0,486000000.00000006
sh603648,603648,sh,畅联股份,9.41,0.43,1.09,1.49,27.33,1.92,2.51,2.73,12.97,8.91,-11.06,37210000.0,3410000000.0,3410000000.0
sz002443,002443,sz,金洲管道,9.4,1.4,3.76,0.77,29.54,1.43,-1.98,2.96,17.06,-21.6,15.61,183170000.0,4893000000.0,4893000000.0
sz002253,002253,sz,川大智胜,9.4,-1.26,1.63,0.91,-8.54,2.5,-4.28,-5.05,8.29,-20.47,-16.52,32360000.0,2121000000.0,1973999999.9999998
sh600476,600476,sh,*ST湘邮,9.4,-2.99,0.8,1.32,-3.34,-3.43,-3.09,-0.84,14.77,-16.07,-41.29,12400000.0,1514000000.0,1514000000.0
sz002139,002139,sz,拓邦股份,9.39,-1.16,0.92,0.54,53.49,1.69,-4.77,-7.58,-1.05,-9.45,-31.51,92590000.0,11708000000.0,10058000000.0
sh603017,603017,sh,中衡设计,9.39,-0.53,1.31,0.75,53.33,1.79,-3.79,-3.2,8.43,-20.03,-14.11,33860000.0,2593000000.0,2593000000.0
sz002079,002079,sz,苏州固锝,9.38,-2.09,2.71,0.79,69.78,2.1,-7.4,-3.0,3.88,-24.56,-1.6,206410000.0,8522000000.0,7608000000.0
sz001286,001286,sz,陕西能源,9.38,-1.37,2.89,1.26,11.63,1.33,-12.25,-11.84,-9.81,-24.42,5.39,365280000.0,35175000000.0,12663000000.0
bj920837,920837,bj,华原股份,9.38,-0.64,0.3,0.68,17.85,2.56,-4.48,-5.73,2.18,-16.32,-34.5,3850000.0,1433000000.0,1283000000.0
sz301116,301116,sz,益客食品,9.37,0.43,1.73,0.51,-23.74,2.69,-2.09,2.4,13.99,-1.37,-14.27,71750000.0,4207000000.0,4207000000.0
sz300112,300112,sz,万讯自控,9.37,0.54,12.29,1.03,-45.99,2.73,-2.29,2.52,49.92,34.24,8.83,278910000.0,2698000000.0,2226000000.0
sh603081,603081,sh,大丰实业,9.37,-0.43,0.66,1.03,67.28,1.25,-1.78,-1.37,11.15,-9.03,-32.93,25970000.0,3959000000.0000005,3959000000.0000005
sh601969,601969,sh,海南矿业,9.37,-0.95,0.76,1.01,39.45,2.73,0.32,0.0,8.83,-3.0,-20.59,140570000.0,18595000000.0,18482000000.0
sh600639,600639,sh,浦东金桥,9.36,0.21,0.48,1.01,10.07,0.71,-1.58,-2.7,2.07,-2.0,-5.27,38500000.0,10506000000.0,7958000000.0
sh600615,600615,sh,鑫源智造,9.36,-0.11,0.83,1.02,-151.99,2.93,-1.16,-2.5,10.51,-9.21,-16.28,17320000.0,2112000000.0,2107999999.9999998
sz301082,301082,sz,久盛电气,9.35,-1.16,2.32,0.73,74.81,2.71,-9.92,-15.69,8.22,-10.44,-31.79,59130000.0,2751000000.0,2550000000.0
sz002129,002129,sz,TCL中环,9.35,-1.58,2.21,0.65,-4.2,1.89,-2.91,4.82,8.09,-4.1,9.1,848620000.0,37803000000.0,37770000000.0
sh605268,605268,sh,王力安防,9.35,1.08,1.04,0.65,31.51,2.58,1.19,0.21,7.22,-8.24,-10.27,42910000.0,4119000000.0,4119000000.0
sh600663,600663,sh,陆家嘴,9.35,-0.21,0.45,0.88,31.0,1.85,-1.06,-0.43,32.06,30.04,19.11,164630000.0,47079000000.0,36787000000.0
sh600380,600380,sh,健康元,9.35,-5.36,1.77,1.46,13.01,1.12,-7.79,-9.05,-8.06,-6.31,-17.48,303280000.0,17105000000.000002,17105000000.000002
sz002820,002820,sz,桂发祥,9.33,-0.74,13.61,1.25,-68.07,2.25,-16.32,-0.85,15.33,-7.11,-21.62,253180000.0,1873999999.9999998,1873999999.9999998
sz002590,002590,sz,万安科技,9.33,0.0,1.14,0.67,22.65,1.59,-2.3,-2.71,4.6,-18.87,-37.45,53050000.0,4843000000.0,4618000000.0
sz002416,002416,sz,爱施德,9.33,0.21,1.49,1.08,58.02,2.19,-4.8,-3.52,3.09,-11.48,-22.76,169890000.0,11562000000.0,11413000000.0
sz000810,000810,sz,创维数字,9.33,-0.96,1.1,0.86,41.69,1.65,-5.38,-3.12,0.97,-18.37,-20.26,113670000.0,10731000000.0,10362000000.0
sh688588,688588,sh,凌志软件,9.33,-1.69,0.48,0.68,94.83,3.57,-4.31,-6.04,9.0,-6.79,-33.92,17510000.0,3639000000.0,3639000000.0
sh603719,603719,sh,良品铺子,9.33,-2.1,0.9,0.85,-58.2,1.96,-6.7,-7.44,12.0,-10.12,-18.59,33670000.0,3713000000.0000005,3713000000.0000005
sh603318,603318,sh,水发燃气,9.31,-2.41,11.91,1.17,-55.81,2.75,2.31,0.87,6.77,4.61,38.96,509330000.0,5164000000.0,4274000000.0
sz002423,002423,sz,中粮资本,9.3,3.68,2.0,3.34,17.82,0.93,3.56,0.98,3.22,3.08,-19.49,429370000.0,21428000000.0,21428000000.0
sz001965,001965,sz,招商公路,9.29,1.31,0.25,1.16,13.63,0.93,1.64,-1.48,-6.32,-3.9,-4.3,158210000.0,63126000000.0,63126000000.0
sz000037,000037,sz,深南电A,9.29,-1.06,2.86,0.62,30.21,3.35,-4.52,-9.81,1.31,-18.99,12.63,89530000.0,5600000000.0,3148000000.0
sz002403,002403,sz,爱仕达,9.28,-2.21,1.17,0.97,-13.55,2.29,-5.21,-3.83,15.14,-10.34,-26.7,32320000.0,3161000000.0,2758000000.0
sz301102,301102,sz,兆讯传媒,9.27,-0.75,0.35,0.74,-1256.43,1.27,-5.41,-8.58,3.69,-5.5,-11.55,13290000.0,3764000000.0,3764000000.0
sh603778,603778,sh,国晟科技,9.27,-1.49,4.34,0.9,-10.81,21.67,-12.88,-15.11,3.34,-44.56,-47.33,258070000.0,6119000000.0,5959000000.0
bj920718,920718,bj,合肥高科,9.27,-1.8,1.05,0.86,103.89,1.47,-7.39,-6.46,1.64,-14.33,-38.32,4520000.0,840000000.0,430999999.99999994
sz002679,002679,sz,福建金森,9.25,0.22,1.35,0.74,251.86,2.96,1.76,2.78,14.34,-0.55,-21.15,29170000.0,2181000000.0,2181000000.0
sz000039,000039,sz,中集集团,9.25,-0.96,1.33,0.71,-437.48,1.08,2.44,4.05,14.65,-14.73,-6.74,283650000.0,49881000000.0,21288000000.0
sh603901,603901,sh,永创智能,9.25,-1.8,1.14,0.85,31.78,1.84,-5.8,-4.24,3.82,-17.41,-34.49,59720000.0,5334000000.0,5262000000.0
sz002096,002096,sz,易普力,9.24,0.22,0.25,0.58,15.6,1.47,-0.75,-4.05,1.2,-7.45,-29.27,29070000.0,11462000000.0,11462000000.0
sh603500,603500,sh,祥和实业,9.24,-2.84,1.39,0.76,22.23,3.06,-5.91,-4.64,11.59,-9.5,-21.43,42810000.0,3075000000.0,3073000000.0
sh600707,600707,sh,彩虹股份,9.24,-5.33,3.38,0.52,577.02,1.54,-5.91,-0.75,1.43,-4.74,43.93,1125450000.0,33157000000.0,33150000000.0
sz300439,300439,sz,美康生物,9.23,-1.18,1.33,0.85,53.22,1.19,-1.39,-0.11,10.67,1.24,-5.98,36050000.0,3543000000.0,2698000000.0
sh603887,603887,sh,城地香江,9.23,2.56,7.15,0.66,-56.3,1.6,-19.6,-1.6,7.33,-24.71,-31.73,394220000.0,5557000000.0,5557000000.0
sh603551,603551,sh,奥普科技,9.23,-0.43,0.58,0.56,12.34,2.86,-0.97,-3.35,2.78,-10.65,-16.39,20400000.0,3551000000.0,3519000000.0
sh600178,600178,sh,东安动力,9.23,0.33,0.62,0.66,-12835.67,1.7,-3.05,-9.06,-3.15,3.49,-27.77,26670000.0,4306000000.0,4306000000.0
sz002559,002559,sz,亚威股份,9.22,-2.54,3.04,0.77,58.08,2.48,-9.34,-5.73,0.22,-5.73,-8.22,141200000.0,5918000000.0,4647000000.0
sh603458,603458,sh,勘设股份,9.22,0.22,6.82,1.04,-7.38,1.09,-10.92,-2.43,12.3,-28.47,-7.98,186240000.0,2822000000.0,2822000000.0
sh600829,600829,sh,人民同泰,9.22,-4.16,4.19,0.46,37.58,1.73,-20.1,-12.52,-1.6,5.86,-14.71,227310000.0,5347000000.0,5347000000.0
sh600000,600000,sh,浦发银行,9.22,1.88,0.24,1.27,5.99,0.41,1.99,-0.75,1.88,3.02,-23.29,724640000.0,307080000000.0,307080000000.0
bj920834,920834,bj,三维装备,9.22,-4.16,1.08,0.49,23.79,3.75,-2.23,0.99,18.21,-7.65,-39.36,6350000.0,1106000000.0,579000000.0
bj920807,920807,bj,奔朗新材,9.22,0.0,1.3,0.58,121.53,1.83,-6.68,-8.71,6.22,-23.74,-36.24,14850000.0,1677000000.0,1139000000.0
sh600775,600775,sh,南京熊猫,9.21,-1.92,1.53,0.76,257.55,2.71,-7.9,-8.99,-2.13,-14.48,-24.57,95360000.0,8416000000.0,6188000000.0
sh688575,688575,sh,亚辉龙,9.2,-3.66,1.62,0.58,168.79,1.95,-7.91,-3.66,4.55,-10.5,-35.12,85620000.0,5257000000.0,5257000000.0
bj920571,920571,bj,国航远洋,9.2,-4.17,12.71,1.37,28.98,3.76,5.87,3.6,14.0,-4.17,-6.5,359850000.0,5110000000.0,2724000000.0
sz300682,300682,sz,朗新科技,9.19,-1.71,1.54,0.53,-95.13,1.56,-9.9,-20.78,-9.81,-26.07,-38.81,147370000.0,9909000000.0,9502000000.0
bj920422,920422,bj,润普食品,9.19,-1.39,0.73,0.42,34.38,1.91,-2.85,-3.77,5.39,-10.34,-28.09,4450000.0,813000000.0000001,609000000.0
sz002883,002883,sz,*ST中设,9.18,0.33,0.41,0.52,-72.7,3.06,0.99,4.2,9.03,-2.03,-16.09,5690000.0,1434000000.0,1407000000.0
sz002186,002186,sz,全 聚 德,9.18,-1.92,1.08,0.8,315.66,3.28,-3.16,-2.55,3.38,-4.37,-22.07,30640000.0,2818000000.0,2816000000.0
sh603697,603697,sh,有友食品,9.18,-0.86,0.78,0.45,19.51,2.16,-4.77,-9.29,-0.11,-16.47,-23.88,30620000.0,3926000000.0,3926000000.0
sh603387,603387,sh,基蛋生物,9.18,-2.55,2.19,0.89,20.01,1.69,-2.24,-1.5,6.62,4.79,11.68,101890000.0,4656000000.0,4656000000.0
bj920720,920720,bj,吉冈精密,9.18,-1.18,1.02,0.69,42.29,4.68,-3.27,-6.52,2.23,-12.15,-34.19,6980000.0,2432000000.0,679000000.0
sh600056,600056,sh,中国医药,9.17,-0.33,0.88,0.64,28.41,1.15,-3.47,-3.17,-2.34,-6.67,-10.58,120580000.0,13716999999.999998,13712000000.0
sz002053,002053,sz,云南能投,9.16,0.55,0.51,0.37,38.12,1.12,-1.72,-5.66,-2.35,-20.49,-19.58,42680000.0,8434000000.0,8434000000.0
sh603230,603230,sh,内蒙新华,9.16,0.88,0.4,0.84,39.28,1.17,-0.87,-0.43,6.02,-4.68,-24.92,13000000.0,3238000000.0000005,3238000000.0000005
sz002176,002176,sz,江特电机,9.15,1.22,3.16,1.0,-30.79,5.36,-2.03,-1.61,14.09,-22.26,-6.06,491320000.0,15576000000.0,15553000000.0
sh605337,605337,sh,李子园,9.15,-1.29,0.72,0.58,21.47,2.21,-6.25,-7.76,7.39,-5.67,-21.53,25790000.0,3547000000.0,3547000000.0
sh601878,601878,sh,浙商证券,9.15,-0.22,0.3,0.88,16.05,1.12,-2.14,-3.48,-2.35,-2.03,-14.0,126220000.0,41850000000.0,41850000000.0
sz300463,300463,sz,迈克生物,9.14,-2.35,1.56,0.61,-155.19,0.88,-4.39,-2.97,3.28,-3.28,-18.32,70540000.0,5527000000.0,4493000000.0
sz002950,002950,sz,奥美医疗,9.14,-1.83,1.36,0.82,21.33,1.6,-3.69,-4.69,4.1,-6.72,-15.2,53620000.0,5788000000.0,3927000000.0000005
sh603676,603676,sh,卫信康,9.14,-2.04,0.46,0.58,18.36,2.71,-1.93,-3.48,6.78,0.98,-11.61,18280000.0,3977000000.0000005,3977000000.0000005
sz002968,002968,sz,新大正,9.1,-1.62,1.74,1.09,21.64,1.65,-1.19,-0.76,11.25,-8.91,-25.16,33860000.0,2059000000.0,1938000000.0
sz000779,000779,sz,甘咨询,9.1,-6.47,15.73,0.78,35.19,1.05,-14.39,-21.35,-14.23,24.32,11.38,667970000.0,4229999999.9999995,4229000000.0
sz002052,002052,sz,同洲电子,9.08,10.06,4.67,2.91,111.99,24.53,0.33,-4.42,4.85,-7.91,-28.78,280640000.0,6831999999.999999,6260000000.0
sh603836,603836,sh,海程邦达,9.08,0.44,0.97,0.98,54.46,1.53,0.44,1.57,10.73,1.15,-6.61,24510000.0,2599000000.0,2533000000.0
sh600348,600348,sh,华阳股份,9.08,1.34,0.86,1.16,20.61,1.21,2.71,4.13,5.58,0.3,13.17,281390000.0,32756000000.0,32756000000.0
sh603336,603336,sh,宏辉果蔬,9.07,-1.95,2.75,0.58,338.36,3.85,-1.2,-10.2,2.49,-7.3,6.03,153310000.0,5521000000.0,5521000000.0
bj920249,920249,bj,利尔达,9.07,-1.52,3.12,0.46,48.32,4.7,-4.63,-0.98,3.07,2.37,-30.5,35550000.0,3824000000.0,1131000000.0
sz000712,000712,sz,锦龙股份,9.06,5.59,7.19,2.65,46.95,3.03,-0.55,-3.41,6.46,-19.4,-24.63,586810000.0,8118000000.000001,8115000000.000001
sh603291,603291,sh,联合水务,9.06,-3.92,1.62,1.59,36.98,2.2,0.33,-3.51,16.15,-9.76,-4.03,61650000.0,3834000000.0000005,3834000000.0000005
sz300485,300485,sz,赛升药业,9.05,-8.68,6.0,1.3,-24.64,1.36,-10.4,-7.46,0.89,1.69,-14.22,153050000.0,4359000000.0,2478000000.0
sz002887,002887,sz,绿茵生态,9.05,-1.84,2.24,0.67,25.99,1.21,-16.74,-17.73,-7.18,-30.28,-0.11,44200000.0,2769000000.0,1966000000.0
sz002713,002713,sz,东易日盛,9.05,-2.79,2.71,0.9,224.72,9.91,-11.71,-5.73,-6.41,-24.01,0.78,131430000.0,8610000000.0,4765000000.0
sz002295,002295,sz,精艺股份,9.05,0.0,1.3,1.02,-43.13,1.75,-0.11,0.67,14.7,-10.13,-32.06,29190000.0,2268000000.0,2266000000.0
sz000590,000590,sz,古汉医药,9.05,0.0,3.45,1.65,-52.76,4.01,-0.77,0.33,13.41,-10.84,-19.27,75310000.0,2167000000.0,2166000000.0
sh603708,603708,sh,家家悦,9.05,0.33,1.0,0.39,28.33,2.37,-3.1,-5.43,-0.33,-6.99,-22.52,58110000.0,5777000000.0,5777000000.0
sz301025,301025,sz,读客文化,9.04,0.33,3.59,0.61,266.82,5.78,-0.22,-0.99,16.34,-4.69,-7.33,89330000.0,3619000000.0,2505000000.0
sz300403,300403,sz,汉宇集团,9.04,-1.95,1.55,0.53,26.21,2.43,-9.96,-7.57,3.31,-13.08,-36.92,61550000.0,5451000000.0,3961000000.0
sz300340,300340,sz,科恒股份,9.04,2.61,6.21,2.96,-10.28,38.68,4.03,4.27,15.31,-6.13,-26.62,153640000.0,2491000000.0,2472000000.0
sh603559,603559,sh,中通国脉,9.04,0.22,2.89,0.47,-24.4,4.63,-4.54,-0.77,15.16,-3.21,29.33,103520000.0,3628000000.0,3628000000.0
sz300665,300665,sz,飞鹿股份,9.03,-4.14,4.53,1.53,-10.26,4.73,-7.86,-4.85,7.76,-6.33,-7.48,90710000.0,2073000000.0,1969000000.0000002
sh600452,600452,sh,涪陵电力,9.03,-0.44,1.14,0.67,32.03,2.43,-2.8,-7.19,-7.0,-34.19,-2.92,158000000.0,13875000000.0,13875000000.0
sz301048,301048,sz,金鹰重工,9.02,-4.65,1.92,1.92,22.47,1.71,-0.99,-2.17,5.25,-6.06,-20.12,93340000.0,4811000000.0,4811000000.0
sh605567,605567,sh,春雪食品,9.02,-0.88,1.21,0.92,48.82,1.65,-1.53,-1.1,14.18,-5.35,-17.25,21830000.0,1804000000.0,1804000000.0
sh600648,600648,sh,外高桥,9.02,0.33,0.16,0.93,13.49,0.79,0.22,-0.77,6.12,-3.11,-7.39,16680000.0,12266000000.0,10263000000.0
sz002244,002244,sz,滨江集团,9.01,-1.64,1.1,0.79,14.37,0.93,-0.88,3.44,4.65,-12.63,-9.74,272820000.0,28033999999.999996,24846000000.0
sh600099,600099,sh,林海股份,9.01,-0.11,1.03,0.83,78.28,3.65,-1.21,1.24,14.92,-6.49,-13.41,20250000.0,1973999999.9999998,1973999999.9999998
sh601298,601298,sh,青岛港,9.0,1.47,0.16,0.97,11.14,1.28,2.51,1.35,5.87,0.77,10.55,79440000.0,58420000000.00001,48529000000.0
sz300692,300692,sz,中赋科技,8.99,-5.86,5.06,0.98,77.11,1.63,-8.45,-5.86,6.55,10.89,7.32,234900000.0,5055000000.0,4613000000.0
sh603299,603299,sh,苏盐井神,8.98,0.0,0.48,0.69,18.25,1.08,-1.43,-1.97,-1.54,-10.36,-11.68,33760000.0,8573999999.999999,7009000000.0
sh603136,603136,sh,天目湖,8.98,-0.66,0.94,0.81,30.73,1.79,-0.33,-1.64,5.4,-3.85,-22.45,22960000.0,2426000000.0,2426000000.0
sz301098,301098,sz,金埔园林,8.97,1.01,5.96,1.36,-7.61,1.96,1.01,3.82,29.06,-9.76,4.55,104380000.0,2076000000.0000002,1730999999.9999998
sz300586,300586,sz,美联新材,8.97,-1.32,2.69,0.84,-81.37,3.46,-7.91,-4.68,12.41,-21.52,-17.63,128020000.0,6380000000.0,4795000000.0
sz000925,000925,sz,众合科技,8.97,10.06,1.76,0.36,-512.63,1.88,13.69,15.44,29.62,15.07,0.06,105720000.0,6067000000.0,6020000000.0
sz300275,300275,sz,梅安森,8.96,-1.65,1.83,0.73,72.4,2.88,-2.08,1.36,15.17,-6.96,-32.5,44720000.0,2760000000.0,2432000000.0
sz002324,002324,sz,普利特,8.95,-0.22,1.66,0.82,32.53,2.15,-5.99,-5.69,3.35,-26.91,-43.84,115230000.0,9955000000.0,6948000000.0
sz002033,002033,sz,丽江股份,8.95,0.22,2.81,0.98,19.54,1.97,-0.33,1.36,6.29,3.71,1.7,138610000.0,4918000000.0,4918000000.0
sh603066,603066,sh,音飞储存,8.95,-0.56,1.21,1.12,21.01,1.74,-2.4,-2.61,4.68,-18.01,-16.48,31990000.0,2633000000.0,2633000000.0
sz301009,301009,sz,可靠股份,8.94,-1.0,1.45,0.79,125.22,1.85,-2.83,-3.46,9.29,-5.72,-28.83,19540000.0,2430000000.0,1350000000.0
sz002825,002825,sz,纳尔股份,8.94,-1.11,1.73,1.27,42.64,1.94,-3.56,4.2,17.32,-12.02,-21.38,39430000.0,3057000000.0,2294000000.0
sz002140,002140,sz,东华科技,8.94,-1.65,0.78,0.98,11.71,1.3,-2.3,-3.14,3.35,-10.69,-19.17,48930000.0,6330000000.0,6321000000.0
sz300637,300637,sz,扬帆新材,8.93,-1.33,1.26,0.66,1061.07,3.02,-3.77,-2.08,15.37,-8.5,-23.02,26490000.0,2096000000.0,2094000000.0000002
sh605377,605377,sh,华旺科技,8.93,0.68,1.27,0.94,19.47,1.29,-2.83,-5.0,-3.56,-1.54,7.2,63700000.0,4971000000.0,4971000000.0
sh603278,603278,sh,大业股份,8.93,-1.43,2.26,0.68,-71.04,1.58,-8.03,-7.56,5.43,-26.74,-47.59,69090000.0,3052000000.0,3052000000.0
sh603135,603135,sh,中重科技,8.93,-1.33,0.81,0.82,-328.42,1.92,-6.1,-6.88,2.88,-12.88,-3.04,45440000.0,5664000000.0,5622000000.0
sh600958,600958,sh,东方证券,8.93,0.22,0.43,0.95,11.34,0.89,-1.87,-2.83,-1.65,-1.98,-16.54,289170000.0,75875000000.0,66702000000.0
sz300047,300047,sz,天源迪科,8.92,-1.55,1.59,0.63,198.06,1.72,-7.95,-12.38,-4.09,-25.94,-28.84,82250000.0,5689000000.0,5179000000.0
sh605162,605162,sh,新中港,8.92,-3.15,7.67,1.1,32.97,3.23,-6.4,-4.39,6.32,-7.47,6.44,299590000.0,3950000000.0,3950000000.0
sz300120,300120,sz,经纬辉开,8.91,-1.0,9.3,0.66,-10.36,2.04,-6.7,29.51,39.66,7.35,4.82,433090000.0,5118000000.0,4700000000.0
sz002892,002892,sz,科力尔,8.91,-1.11,0.97,0.7,343.69,3.28,-6.01,-8.05,-1.22,-16.01,-33.5,43680000.0,6620000000.0,4465000000.0
sh601825,601825,sh,沪农商行,8.91,1.71,0.31,1.05,6.96,0.66,3.36,8.13,6.83,7.27,-2.04,260380000.0,85932000000.0,84042000000.0
sh600461,600461,sh,洪城环境,8.91,0.91,0.71,1.15,9.72,1.19,0.56,-0.89,-2.3,-11.1,1.22,80450000.0,11442000000.0,11442000000.0
sz002693,002693,sz,双成药业,8.9,-5.42,5.93,0.86,72.17,8.66,-10.82,-10.55,3.85,-16.59,27.87,221460000.0,3690999999.9999995,3658000000.0
sz002410,002410,sz,广联达,8.9,-1.22,1.26,0.87,35.91,2.58,-2.41,-6.71,2.18,-10.1,-27.95,176310000.0,14702000000.000002,13974000000.0
bj920271,920271,bj,邦德股份,8.9,-1.55,0.89,0.57,13.34,1.86,-5.82,-9.37,-0.78,-17.74,-44.96,4640000.0,1164000000.0,515000000.00000006
sh603189,603189,sh,*ST网达,8.89,-1.44,0.82,0.57,-206.31,1.67,-7.88,-5.32,2.42,-24.02,-53.04,19670000.0,2396000000.0,2396000000.0
bj920108,920108,bj,宏海科技,8.89,-1.55,0.46,0.6,63.61,3.21,-3.05,-3.68,3.49,-13.68,-33.85,2980000.0,1531000000.0,649000000.0
sz000752,000752,sz,*ST西发,8.87,-1.22,0.56,1.08,16.69,3.68,-3.06,-3.38,10.6,-2.21,-19.29,13160000.0,2340000000.0,2340000000.0
sh603429,603429,sh,*ST集友,8.83,-2.43,1.09,1.54,-194.18,3.67,14.23,17.73,19.0,0.8,-10.9,51060000.0,4631000000.0,4631000000.0
sh603058,603058,sh,永吉股份,8.82,-1.34,1.47,0.9,34.01,3.25,-9.63,-14.37,-1.01,-11.18,-5.87,53640000.0,3658000000.0,3657000000.0
sh601952,601952,sh,苏垦农发,8.81,4.38,2.33,0.77,25.37,1.69,3.28,5.76,9.71,3.89,-1.78,277930000.0,12140000000.0,12140000000.0
sh601928,601928,sh,凤凰传媒,8.81,0.23,0.37,0.95,13.1,1.16,-0.34,-0.34,-2.65,3.04,-8.61,82460000.0,22421000000.0,22421000000.0
sh600356,600356,sh,恒丰纸业,8.81,-0.56,0.93,0.74,12.81,0.96,-0.9,-2.76,17.15,0.92,2.56,24260000.0,2903000000.0,2632000000.0
sz300536,300536,sz,农尚环境,8.8,-1.35,2.39,0.66,-10.95,9.16,-2.11,-2.65,10.83,-16.67,21.38,61210000.0,2581000000.0,2581000000.0
sz002045,002045,sz,国光电器,8.8,-3.4,9.33,2.18,-28.95,1.17,4.39,0.57,16.25,-3.56,-37.83,465270000.0,4950000000.0,4943000000.0
sh603055,603055,sh,台华新材,8.8,1.03,0.65,0.65,15.67,1.49,-2.11,4.27,6.8,2.8,-4.97,50270000.0,7834999999.999999,7819000000.0
sh603809,603809,sh,豪能股份,8.79,-1.24,0.77,0.65,28.77,2.17,-5.59,-7.96,3.05,-13.74,-38.1,62250000.0,8089000000.0,8089000000.0
sh600153,600153,sh,建发股份,8.79,-1.24,0.59,0.89,-2.38,0.61,0.57,1.03,0.0,-4.35,2.81,152340000.0,25487000000.0,25487000000.0
sz300509,300509,sz,新美星,8.78,-0.57,3.71,2.08,20.39,4.08,0.69,1.74,12.85,-7.29,-30.76,79900000.0,2602000000.0,2170000000.0
sz300097,300097,sz,智云股份,8.78,-17.17,18.03,1.57,-9.85,11.13,-7.87,-3.94,9.61,-5.49,21.27,441270000.0,2601000000.0,2316000000.0
sz002458,002458,sz,益生股份,8.77,-1.35,3.96,0.71,26.89,2.84,-8.47,-10.89,7.45,10.84,38.52,333680000.0,12552000000.0,8475000000.0
sh603167,603167,sh,渤海轮渡,8.77,1.04,1.04,2.06,16.53,1.24,1.15,0.11,2.1,1.86,-1.79,42650000.0,4114000000.0,4114000000.0
sh601985,601985,sh,中国核电,8.77,0.69,0.25,0.86,21.91,1.55,0.0,-0.9,-1.02,-1.24,3.54,410160000.0,180381000000.0,165606000000.0
sz000929,000929,sz,兰州黄河,8.76,-2.45,1.19,0.98,-14.17,4.67,-2.99,-2.88,11.88,-15.61,-0.57,19550000.0,1627000000.0,1627000000.0
sh600644,600644,sh,乐山电力,8.76,0.81,2.97,0.8,227.2,2.45,-5.81,-16.25,-6.61,-24.9,-10.02,139520000.0,5066000000.0,4716000000.0
sz002313,002313,sz,日海智能,8.75,-1.02,6.48,1.45,-19.28,38.06,1.74,4.92,14.38,-2.02,-14.13,212910000.0,3276000000.0,3276000000.0
sz002296,002296,sz,辉煌科技,8.75,-1.13,1.44,0.7,19.98,1.37,-3.42,-3.85,1.39,-11.44,-20.96,43720000.0,3409000000.0000005,3040000000.0
sh688609,688609,sh,九联科技,8.74,-2.46,3.04,0.72,-86.9,4.63,-8.96,-6.22,-5.51,-23.4,-14.4,133150000.0,4562000000.0,4370000000.0
sh603869,603869,sh,ST智知,8.74,-1.91,0.27,1.74,143.26,1.16,-1.47,-2.13,10.21,-15.11,-17.28,11500000.0,4271000000.0,4271000000.0
sh603289,603289,sh,泰瑞机器,8.74,1.04,1.06,0.64,32.7,1.78,-3.1,3.31,14.55,-15.96,-12.34,26990000.0,2564000000.0,2564000000.0
sh601456,601456,sh,国联民生,8.74,-0.11,0.24,0.81,23.31,0.93,-2.35,-2.56,-1.24,1.27,-13.55,92120000.0,49648000000.0,38255000000.0
sh601369,601369,sh,陕鼓动力,8.74,0.11,0.46,0.89,21.77,1.7,-2.67,-6.92,-2.89,-7.51,-11.36,68630000.0,15063000000.0,14912000000.0
sz002631,002631,sz,德尔未来,8.73,-8.49,7.65,1.91,-34.38,3.44,-4.69,-4.69,34.72,24.89,45.99,530930000.0,6959999999.999999,6928000000.0
sz002057,002057,sz,中钢天源,8.73,0.92,2.09,0.98,33.03,1.98,-2.46,-2.13,10.79,-3.24,-13.84,136510000.0,6581000000.0,6576000000.000001
sh603601,603601,sh,再升科技,8.72,-2.57,3.71,0.65,270.21,3.7,-13.92,-12.27,4.93,-58.81,-30.02,368590000.0,9961000000.0,9961000000.0
sz301370,301370,sz,国科恒泰,8.71,-1.25,0.79,0.85,52.32,1.67,-4.81,-2.02,3.81,-2.34,-24.65,32420000.0,4099000000.0,4099000000.0
sh603022,603022,sh,新通联,8.71,-1.14,1.41,1.2,29.33,2.09,-1.14,-0.23,15.21,-12.73,-14.36,24570000.0,1742000000.0000002,1742000000.0000002
sz002966,002966,sz,苏州银行,8.7,1.4,0.87,1.12,7.1,0.76,1.99,4.19,7.81,8.75,6.88,330110000.0,38895000000.0,38241000000.0
sz002040,002040,sz,南 京 港,8.7,-2.25,4.7,0.93,21.58,1.24,5.07,6.23,8.7,-1.96,-10.62,202090000.0,4229000000.0,4229000000.0
sz000798,000798,sz,中水渔业,8.7,-0.23,4.34,0.73,31.89,5.83,3.08,3.2,14.02,3.69,-17.77,137750000.0,3183000000.0,3183000000.0
sh603053,603053,sh,成都燃气,8.7,-0.11,0.2,0.81,16.97,1.59,0.12,-3.33,0.69,-4.08,-6.45,15130000.0,7733000000.0,7733000000.0
sh603520,603520,sh,司太立,8.69,-1.92,1.73,0.81,226.26,1.55,-5.03,-4.3,3.95,-13.53,-5.03,66300000.0,3810000000.0,3810000000.0
sh688469,688469,sh,芯联集成-U,8.68,-2.25,2.01,0.83,-497.62,5.45,-7.56,2.36,14.66,7.69,29.75,1030010000.0,72762000000.0,50950000000.0
sh603880,603880,sh,南卫股份,8.68,-0.23,5.43,0.68,-25.37,14.58,-1.81,12.73,37.12,5.47,39.33,136710000.0,2509000000.0,2509000000.0
sh600971,600971,sh,恒源煤电,8.68,-0.23,2.01,1.05,105.53,0.89,4.96,2.97,12.73,13.32,44.91,208310000.0,10416000000.0,10416000000.0
sz300358,300358,sz,楚天科技,8.67,-3.67,4.58,0.92,18.73,1.12,-3.88,-5.56,4.84,3.96,-10.8,281450000.0,6200000000.0,6111000000.0
sz001914,001914,sz,招商积余,8.67,0.0,0.71,0.86,13.67,0.86,0.12,-1.7,-1.03,-8.06,-16.79,65040000.0,9136000000.0,9136000000.0
sz000998,000998,sz,隆平高科,8.67,3.83,4.98,0.74,223.52,1.93,3.46,3.46,6.77,2.63,-6.95,562780000.0,12740000000.0,11401000000.0
sz000859,000859,sz,国风新材,8.67,-2.25,2.83,0.56,-120.98,2.89,-10.71,-9.02,13.04,-19.57,-14.33,220440000.0,7768000000.000001,7768000000.000001
sz000989,000989,sz,九芝堂,8.66,-4.2,4.63,0.89,22.53,2.02,-9.98,-8.84,-5.77,7.31,2.69,296650000.0,7412000000.0,6359000000.0
sh600610,600610,sh,中毅达,8.66,10.04,12.0,1.62,202.1,59.63,21.46,20.45,32.82,11.31,-12.79,696790000.0,9277000000.0,6138000000.0
sz300125,300125,sz,聆达股份,8.64,1.53,1.67,0.77,146.98,5.51,-1.93,-8.67,9.92,-18.18,13.24,51430000.0,5753000000.0,3117000000.0
sh600419,600419,sh,天润乳业,8.64,-1.26,2.05,1.06,23.18,1.1,-3.57,-3.57,12.21,0.82,-12.55,56730000.0,2726000000.0,2726000000.0
sz000783,000783,sz,长江证券,8.63,0.35,1.41,0.83,11.35,1.36,-5.58,-4.32,-0.46,10.22,9.94,673450000.0,47725000000.0,47725000000.0
sh600072,600072,sh,中船科技,8.63,-0.23,0.92,0.82,-3.95,1.7,-3.14,-4.32,0.58,-23.29,-25.73,86080000.0,12951000000.0,9349000000.0
sz301301,301301,sz,川宁生物,8.62,-4.43,2.6,0.61,32.53,2.46,-2.71,-4.65,0.82,-3.15,-13.51,140900000.0,19242000000.0,5344000000.0
bj920014,920014,bj,特瑞斯,8.62,-1.15,1.15,0.52,111.93,1.36,-1.26,-4.54,-3.58,-12.05,-24.85,6660000.0,1050000000.0,578000000.0
sz002651,002651,sz,利君股份,8.61,9.96,6.12,1.0,216.19,3.25,-6.72,8.58,14.65,5.39,-25.97,289520000.0,8898000000.0,4869000000.0
sh603012,603012,sh,创力集团,8.61,-2.05,2.95,0.62,60.73,1.47,-6.62,5.9,7.09,-8.01,44.95,164220000.0,5566000000.0,5566000000.0
sz002728,002728,sz,特一药业,8.6,-3.37,2.81,0.73,59.04,2.48,-10.04,-8.22,-2.82,-1.16,-19.63,122640000.0,4414000000.0,4311000000.0
sz001338,001338,sz,永顺泰,8.6,-2.93,2.9,0.75,21.69,1.19,0.0,-3.26,3.37,-22.94,-27.55,126760000.0,4315000000.0,4315000000.0
bj920826,920826,bj,盖世食品,8.6,-0.46,4.2,0.32,25.08,3.2,-6.01,3.61,20.96,-14.34,-35.0,23040000.0,1208000000.0,543000000.0
sz300063,300063,sz,天龙集团,8.59,-3.16,3.83,0.63,55.91,3.69,-11.08,-9.39,11.7,-18.5,0.23,206370000.0,6516000000.0,5382000000.0
sz002749,002749,sz,国光股份,8.58,-0.12,0.59,0.5,18.0,2.51,0.23,-5.82,-0.81,-7.74,-21.59,27630000.0,4775000000.0,4670000000.0
sz002283,002283,sz,天润工业,8.58,-2.83,1.53,0.7,23.57,1.63,-13.25,-5.4,1.9,-23.32,42.43,132570000.0,9777000000.0,8604000000.0
sz002461,002461,sz,珠江啤酒,8.57,1.06,0.2,0.92,20.49,1.76,-1.04,-2.72,1.66,-11.74,-5.82,38560000.0,18968000000.0,18968000000.0
sh601360,601360,sh,三六零,8.57,-2.17,0.98,0.77,78.88,2.12,-8.44,-10.82,-1.04,-14.3,-22.58,590710000.0,59986000000.0,59986000000.0
sh600860,600860,sh,京城股份,8.57,3.25,4.79,1.3,-46.68,5.91,-9.12,1.66,11.59,-7.05,-31.66,183770000.0,4692000000.0,3804999999.9999995
sz000795,000795,sz,英洛华,8.56,1.78,1.16,1.29,38.15,3.88,-0.47,-2.06,4.14,-1.71,-13.09,110650000.0,9555000000.0,9555000000.0
sh601998,601998,sh,中信银行,8.56,2.03,0.23,1.43,6.69,0.65,11.31,13.83,11.02,18.44,14.03,805940000.0,476322999999.99994,348931000000.0
sh600969,600969,sh,郴电国际,8.56,-1.38,1.68,0.72,30.94,0.87,-5.73,-0.47,5.94,-26.86,-15.28,53080000.0,3168000000.0,3168000000.0
bj920402,920402,bj,硅烷科技,8.56,-2.51,1.8,0.64,-23.79,2.46,-5.93,-6.35,-1.5,-13.71,-15.25,42550000.0,3613000000.0000005,2336000000.0
sh600577,600577,sh,精达股份,8.55,-1.27,6.13,1.47,31.26,3.11,3.64,3.51,17.45,-34.23,-30.88,1179810000.0,19082000000.0,19082000000.0
sh600039,600039,sh,四川路桥,8.55,2.52,0.18,1.11,10.59,1.52,0.94,1.18,-1.95,3.01,-9.91,135890000.0,74347000000.0,74347000000.0
bj920039,920039,bj,国义招标,8.55,-1.72,0.66,0.38,45.02,2.49,-3.06,6.21,16.96,3.26,-23.25,8650000.0,1315000000.0,1315000000.0
sz002930,002930,sz,宏川智慧,8.54,-2.06,1.49,1.04,-9.05,1.99,-5.64,-5.32,4.4,-27.32,-23.27,55250000.0,3911000000.0,3701000000.0
sz000905,000905,sz,厦门港务,8.54,-0.35,0.81,0.67,64.19,1.45,-0.23,-2.84,0.0,-7.97,-34.31,51230000.0,13171000000.0,6335000000.0
sh600097,600097,sh,开创国际,8.54,-0.35,1.23,0.64,79.73,0.92,-0.58,-1.04,10.91,-6.05,-24.16,25410000.0,2057999999.9999998,2057999999.9999998
sz300419,300419,sz,ST浩丰,8.53,-4.59,2.44,1.18,-28.85,9.42,-7.08,-10.96,12.68,26.37,35.4,78520000.0,3137000000.0,3137000000.0
sz000409,000409,sz,云鼎科技,8.53,0.83,0.59,0.94,81.76,3.52,-2.51,-3.62,1.43,-11.05,-23.43,29720000.0,5780000000.0,5037000000.0
sh688022,688022,sh,ST瀚川,8.53,2.16,2.42,1.98,102.04,2.26,-0.35,2.77,15.58,-8.28,-44.25,36880000.0,1500000000.0,1500000000.0
sh600109,600109,sh,国金证券,8.53,0.71,0.47,1.06,13.24,0.88,-1.73,-2.29,0.35,-0.7,-7.48,147120000.0,31607000000.0,31607000000.0
sz300978,300978,sz,东箭科技,8.52,-0.23,0.91,0.82,28.87,2.33,-4.05,-4.48,5.45,-10.41,-30.11,22280000.0,3601000000.0,2446000000.0
sz002101,002101,sz,广东鸿图,8.52,-0.35,0.45,0.73,18.21,0.73,-2.29,-2.63,1.07,-1.37,-29.4,25330000.0,5647000000.0,5642000000.0
sh600865,600865,sh,百大集团,8.51,-0.58,1.11,0.8,-87.66,1.4,-3.84,-5.44,7.18,-21.71,-48.11,35580000.0,3202000000.0000005,3202000000.0000005
sh600693,600693,sh,东百集团,8.51,-4.92,4.4,0.68,151.25,2.05,-11.9,-16.24,8.68,-15.24,-52.14,328720000.0,7402000000.0,7395000000.0
sz300009,300009,sz,安科生物,8.49,-5.35,7.75,1.06,20.44,3.28,-3.74,-0.35,4.43,2.04,-8.91,836020000.0,14184000000.0,10445000000.0
sz002029,002029,sz,七 匹 狼,8.49,-2.97,2.35,0.76,25.69,0.89,-5.98,-6.23,7.41,-0.05,-22.35,133990000.0,5986000000.0,5649000000.0
sh600661,600661,sh,昂立教育,8.49,-0.35,2.24,0.71,21.19,9.17,-6.29,-12.65,8.85,0.83,-17.17,54550000.0,2433000000.0,2433000000.0
sh600642,600642,sh,申能股份,8.49,1.8,0.57,1.33,10.96,1.16,0.71,1.43,-1.62,-13.89,15.98,237330000.0,41551000000.0,41548000000.0
sh688306,688306,sh,均普智能,8.48,-2.3,0.56,0.65,1288.85,5.99,-10.36,-9.21,0.71,-8.64,-26.85,58230000.0,10416000000.0,10416000000.0
bj920191,920191,bj,瑞尔竞达,8.47,-3.2,2.22,0.89,18.38,1.45,-4.19,-5.89,-0.7,-22.86,9.86,7590000.0,1503000000.0,338000000.0
sh600127,600127,sh,金健米业,8.46,3.17,41.65,1.99,-1041.07,8.09,30.96,34.29,53.82,41.0,25.89,2229010000.0,5429000000.0,5429000000.0
sz300056,300056,sz,中创环保,8.45,-0.59,1.82,0.73,-29.83,45.45,-2.76,-3.21,14.65,-13.24,2.8,58570000.0,3257000000.0,3254999999.9999995
sh603808,603808,sh,歌力思,8.45,0.0,0.85,1.3,18.63,1.23,-0.35,-1.05,15.6,-4.93,1.34,25990000.0,3074000000.0,3074000000.0
sh601022,601022,sh,宁波远洋,8.45,1.93,0.81,0.91,17.88,1.78,2.8,3.55,4.58,3.72,-7.21,89370000.0,11058000000.0,11058000000.0
sh600420,600420,sh,国药现代,8.45,-0.12,0.54,0.54,15.77,0.83,-2.87,-3.43,-2.42,-6.94,-14.65,61460000.0,11333000000.0,11333000000.0
sz300200,300200,sz,高盟新材,8.44,-0.59,1.38,0.67,45.66,2.24,-6.95,-4.74,5.76,-7.51,-27.02,49350000.0,3636999999.9999995,3590000000.0
sz002565,002565,sz,顺灏股份,8.44,-1.63,3.07,0.74,155.94,4.87,-13.26,-14.57,-5.59,-42.15,-53.96,274760000.0,8946000000.0,8946000000.0
sz002332,002332,sz,仙琚制药,8.44,0.0,1.15,0.89,20.9,1.42,-1.06,-1.52,0.96,0.36,-4.2,94840000.0,8348999999.999999,8309999999.999999
sz002051,002051,sz,中工国际,8.44,0.96,2.09,1.24,38.7,0.9,-4.52,-8.16,-6.74,-22.57,-5.8,215680000.0,10352000000.0,10351000000.0
sh601890,601890,sh,亚星锚链,8.44,-0.71,1.39,0.36,23.18,2.11,-6.33,-2.2,0.36,-5.8,-17.5,112580000.0,8097000000.0,8097000000.0
sh600851,600851,sh,海欣股份,8.44,-3.65,2.49,0.89,51.5,2.02,-6.43,-0.35,10.76,4.07,24.48,156220000.0,10188000000.0,6230000000.0
sh600848,600848,sh,上海临港,8.44,0.24,0.2,0.75,23.1,1.31,-1.86,-3.87,3.69,-3.65,-26.61,40550000.0,21290000000.0,20205000000.0
sz300320,300320,sz,海达股份,8.43,-0.71,1.0,0.54,19.78,1.92,-6.85,0.6,4.85,-5.49,-9.35,41240000.0,5068000000.0,4102000000.0000005
sz300248,300248,sz,新开普,8.43,-4.64,3.11,0.98,67.87,1.9,-6.75,-12.91,10.63,-2.99,-31.63,108320000.0,4015999999.9999995,3447999999.9999995
sz002809,002809,sz,红墙股份,8.43,-0.12,4.42,0.97,-38.73,1.24,-1.4,1.44,15.48,-3.77,-20.4,63480000.0,2025000000.0,1433000000.0
sz000848,000848,sz,承德露露,8.43,1.81,1.38,0.64,12.9,2.67,3.31,-6.02,4.07,2.31,5.37,116500000.0,8599000000.0,8519000000.0
bj920415,920415,bj,恒拓开源,8.43,-1.98,1.05,0.82,42.56,2.14,-5.17,-8.47,1.08,-19.45,-40.02,9670000.0,1185000000.0,911999999.9999999
sz002372,002372,sz,伟星新材,8.4,1.45,0.77,1.01,15.55,2.83,-0.36,-2.89,2.82,-16.25,-16.7,94190000.0,13372999999.999998,12349000000.0
sz002873,002873,sz,新天药业,8.39,-0.59,3.28,0.75,243.26,1.64,-2.33,1.57,11.72,-3.67,-15.18,66440000.0,2048000000.0,2011000000.0
sz300460,300460,sz,ST惠伦,8.38,-4.01,1.34,1.3,-17.07,5.47,-4.99,-3.34,-0.83,-10.37,9.26,31960000.0,2353000000.0,2353000000.0
sz002960,002960,sz,青鸟智控,8.38,-0.71,0.77,0.63,29.46,1.42,-0.83,1.82,10.85,1.21,-3.14,62860000.0,8830000000.0,8116000000.0
sh688505,688505,sh,复旦张江,8.38,-3.01,2.21,0.67,-68.8,4.04,-6.37,5.54,15.75,17.04,0.96,132480000.0,8686000000.0,5955000000.0
sh601108,601108,sh,财通证券,8.38,-0.83,0.98,0.66,13.15,1.03,-5.74,-0.36,0.6,7.44,-3.34,383090000.0,38915000000.0,38915000000.0
sh600299,600299,sh,安迪苏,8.37,-1.41,0.98,0.74,19.54,1.31,-1.18,-2.45,2.83,-23.21,-5.09,252760000.0,25777999999.999996,25777999999.999996
bj920010,920010,bj,凯添燃气,8.36,-2.79,3.08,0.88,68.95,2.8,0.12,-3.02,1.46,-21.13,-23.65,45120000.0,1960000000.0000002,1457000000.0
sz300015,300015,sz,爱尔眼科,8.34,0.12,0.53,0.65,23.01,3.56,-3.92,-8.05,-3.25,-7.54,-22.78,350540000.0,77558000000.0,66363000000.0
sz002446,002446,sz,盛路通信,8.34,-2.11,2.28,0.72,109.75,3.0,-9.54,-5.33,11.5,-14.9,-20.5,160750000.0,7634999999.999999,7070000000.0
sz000697,000697,sz,炼石航空,8.34,1.96,1.06,1.03,-24.88,3.58,-4.25,-7.44,-1.3,-29.14,-3.58,57250000.0,11643000000.0,5447000000.0
sz301058,301058,sz,中粮科工,8.33,0.85,1.56,0.5,18.6,1.87,-3.7,-3.03,4.39,-4.58,-22.94,66990000.0,4338000000.0,4267000000.0
sz000678,000678,sz,襄阳轴承,8.32,-3.37,3.57,0.42,-70.17,4.91,-12.88,-7.14,4.79,-27.27,-44.64,138120000.0,3824000000.0,3824000000.0
sh688571,688571,sh,杭华股份,8.32,-4.26,2.12,1.26,32.63,2.15,-8.97,-10.15,18.86,-1.43,13.96,75600000.0,3529000000.0,3529000000.0
sh601566,601566,sh,九牧王,8.32,-0.6,0.6,0.5,27.78,1.26,-2.23,-3.93,4.39,-28.03,-34.02,28780000.0,4781000000.0,4781000000.0
sz000856,000856,sz,冀东装备,8.31,-2.58,7.01,2.41,87.99,4.48,2.09,3.36,16.06,-7.05,-18.69,133710000.0,1886000000.0,1886000000.0
sh688096,688096,sh,京源环保,8.31,-5.57,3.11,0.95,-25.75,2.39,-6.94,-6.1,0.61,-30.46,5.19,61160000.0,1943000000.0,1943000000.0
sh600422,600422,sh,昆药集团,8.31,-2.69,1.11,0.69,-29.62,1.29,-4.15,-5.68,-5.89,-5.03,-32.88,70450000.0,6290000000.0,6290000000.0
bj920427,920427,bj,华维设计,8.31,-0.24,1.12,0.62,-69.51,2.73,-4.92,-5.89,3.23,-43.12,-32.6,4720000.0,857000000.0,423000000.00000006
sh600822,600822,sh,上海物贸,8.3,0.0,0.59,0.98,145.53,3.32,-2.12,-1.19,5.33,-5.68,-22.5,19350000.0,4117000000.0,3288000000.0000005
sz300334,300334,sz,津膜科技,8.29,-2.01,1.69,0.89,-77.02,4.57,-5.69,-4.16,8.22,12.79,19.11,42450000.0,2504000000.0,2504000000.0
sz002632,002632,sz,道明光学,8.29,-1.66,2.07,0.73,26.49,2.39,-2.93,-1.78,5.87,-18.49,-32.49,99330000.0,5178000000.0,4763000000.0
sh688701,688701,sh,卓锦股份,8.27,-2.13,1.44,0.88,-15.54,8.55,-1.43,0.61,27.04,-14.12,1.47,16180000.0,1110000000.0,1110000000.0
sz301039,301039,sz,中集车辆,8.26,3.51,1.42,1.34,17.55,1.1,6.31,2.35,11.77,6.31,-6.14,169350000.0,15480000000.000002,11997000000.0
sz000829,000829,sz,天音控股,8.26,-0.6,1.3,0.66,-460.43,2.92,-0.24,-2.02,-1.43,-2.02,-24.29,110730000.0,8467000000.0,8459000000.0
sh601827,601827,sh,三峰环境,8.26,0.85,0.19,0.59,11.03,1.15,-0.72,-6.56,1.47,3.07,0.68,26750000.0,13810000000.0,13810000000.0
sh600416,600416,sh,湘电股份,8.26,-1.67,0.93,0.98,54.63,1.25,-8.12,-9.73,-5.82,-28.36,-47.66,114290000.0,12190000000.0,12190000000.0
sh603912,603912,sh,佳力图,8.25,-2.71,3.41,0.52,-72.27,2.6,-3.73,6.87,15.71,-9.84,-3.73,153380000.0,4474000000.0,4474000000.0
sh600548,600548,sh,深高速,8.25,0.86,0.15,1.05,17.73,0.92,-0.96,-1.55,-2.6,-4.91,-3.58,21000000.0,20937000000.0,14144000000.0
bj920665,920665,bj,科强股份,8.25,-1.79,1.05,0.64,43.87,1.48,-6.04,-8.33,2.36,-36.88,-41.03,5600000.0,1072000000.0000001,529000000.0
bj920132,920132,bj,泰鹏智能,8.25,-1.79,1.53,1.09,52.12,3.38,-5.06,-4.84,1.35,-9.11,-33.51,4650000.0,888000000.0000001,302000000.0
sz002312,002312,sz,川发龙蟒,8.24,-0.36,0.67,0.54,38.78,1.61,-3.74,-4.3,0.73,-8.04,-23.99,103620000.0,15555000000.000002,15529000000.0
sh600133,600133,sh,东湖高新,8.24,0.0,1.28,0.94,41.66,0.99,-3.63,-2.37,5.51,-1.13,-7.56,112140000.0,8786000000.0,8786000000.0
sz002926,002926,sz,华西证券,8.23,0.24,0.41,0.97,13.82,0.87,-2.26,-1.32,-0.96,3.9,-9.67,88540000.0,21604000000.0,21604000000.0
sh600480,600480,sh,凌云股份,8.23,-1.2,0.74,0.74,13.01,1.28,-5.4,-6.16,-1.91,-23.23,-31.36,73960000.0,10059000000.0,9985000000.0
sz002583,002583,sz,海能达,8.22,1.23,1.51,1.15,-47.31,7.34,-1.2,-2.49,3.79,-1.91,-27.39,158940000.0,14949000000.0,10544000000.0
sz002088,002088,sz,鲁阳节能,8.22,-0.12,0.91,0.73,-294.45,1.78,-2.26,8.16,16.93,-3.86,-19.17,38450000.0,4188000000.0000005,4159000000.0000005
sh600664,600664,sh,哈药股份,8.22,0.61,15.34,1.03,66.82,3.53,-8.77,9.31,45.74,143.92,138.26,3145450000.0,20702000000.0,20702000000.0
sz002739,002739,sz,儒意电影,8.21,-2.38,2.5,0.46,-75.67,2.28,-6.6,-17.32,-8.47,-10.86,-27.47,433450000.0,17338000000.0,17240000000.0
sz002242,002242,sz,九阳股份,8.21,-7.13,1.92,2.12,93.94,1.94,-11.63,-10.57,-7.55,-9.58,-20.21,120520000.0,6264000000.0,6254000000.0
sz000967,000967,sz,盈峰环境,8.21,-1.44,1.49,0.54,47.27,1.65,-10.86,-8.88,11.1,-22.26,13.85,411730000.0,27579000000.000004,27566000000.000004
sh600228,600228,sh,返利科技,8.2,-0.12,5.48,0.78,-58.53,9.29,-2.96,-0.61,38.75,33.99,46.17,188210000.0,3417000000.0,3411999999.9999995
sh600128,600128,sh,苏豪弘业,8.2,-1.09,1.55,1.12,35.57,0.97,-0.61,-0.97,10.51,-7.19,-24.39,31310000.0,2064000000.0,2023000000.0
sz300051,300051,sz,琏升科技,8.19,-1.68,3.96,0.61,-23.67,31.89,-8.29,-1.33,14.87,-27.01,26.98,118730000.0,3047000000.0,3009000000.0
sh600909,600909,sh,华安证券,8.19,0.24,2.25,1.11,20.4,1.6,-4.1,-0.61,0.37,16.17,22.97,921850000.0,41148000000.0,41148000000.0
sz002644,002644,sz,佛慈制药,8.18,-0.24,2.29,0.74,70.99,2.24,-3.2,1.11,5.96,5.41,-5.1,96140000.0,4177000000.0000005,4177000000.0000005
sz002490,002490,sz,山东墨龙,8.18,0.25,12.35,0.98,1267.12,13.37,6.93,3.28,12.05,5.01,25.85,533990000.0,6736000000.0,4431000000.0
sh600830,600830,sh,香溢融通,8.18,0.49,0.87,1.05,45.18,1.65,0.49,0.74,4.74,-1.68,-14.36,32170000.0,3715999999.9999995,3715999999.9999995
sz002840,002840,sz,华统股份,8.17,-0.97,2.19,0.69,-15.95,1.82,-4.56,-0.73,12.85,-11.0,-15.07,141090000.0,6554000000.000001,6508000000.0
sh605166,605166,sh,聚合顺,8.17,-2.16,1.35,0.8,26.45,1.29,-3.88,-7.79,2.25,-18.19,-20.73,34690000.0,2571000000.0,2571000000.0
sz300210,300210,sz,森远股份,8.16,-4.45,1.55,0.96,-103.35,10.54,-7.48,-8.62,-3.2,-28.17,-8.21,61770000.0,3951000000.0,3951000000.0
sh688779,688779,sh,五矿新能,8.15,-0.12,1.51,0.68,24.86,2.15,0.99,1.75,12.41,-7.48,9.41,236990000.0,15722999999.999998,15722999999.999998
sz301030,301030,sz,*ST仕净,8.14,-6.33,3.91,1.37,-1.09,-4.15,-6.65,-1.57,-4.12,-39.07,-31.19,64410000.0,1647000000.0,1645000000.0
sz000504,000504,sz,南华生物,8.14,-3.44,1.31,0.7,70.13,9.89,-7.39,-7.5,6.96,-13.95,-9.05,35350000.0,2686000000.0,2679000000.0
sh603008,603008,sh,ST喜临门,8.14,-0.49,1.29,0.96,22.3,0.85,3.3,1.75,6.54,-7.92,-60.25,39040000.0,2998000000.0,2998000000.0
sz002117,002117,sz,东港股份,8.13,3.83,2.5,2.56,25.92,3.1,0.37,-0.85,6.83,-12.2,-39.82,106140000.0,4258000000.0,4256000000.0
sz000042,000042,sz,中洲控股,8.13,-7.19,2.25,2.09,-52.38,1.63,-8.03,-4.01,3.57,-17.04,6.69,125090000.0,5405000000.0,5399000000.0
sz300022,300022,sz,吉峰科技,8.12,0.12,0.99,0.77,-127.99,7.85,-0.98,-5.58,6.42,-3.91,3.84,39620000.0,4013000000.0000005,4013000000.0000005
sh600916,600916,sh,中国黄金,8.12,-0.25,6.36,2.17,44.78,1.93,6.28,0.25,10.48,4.21,1.47,873620000.0,13641999999.999998,13641999999.999998
sh600152,600152,sh,维科技术,8.12,1.37,5.58,2.11,-45.3,2.64,-2.17,-1.93,6.98,-28.77,11.23,239960000.0,4296000000.0,4296000000.0
sz300134,300134,sz,大富科技,8.11,-0.73,1.39,0.83,-23.27,1.7,-4.81,-6.03,7.42,-18.66,-35.12,86370000.0,6224000000.0,6224000000.0
sh600590,600590,sh,泰豪科技,8.11,-2.17,2.02,0.58,92.06,2.14,-10.98,-6.67,0.87,-36.28,-13.6,138090000.0,6917000000.0,6841000000.0
sz002572,002572,sz,索菲亚,8.1,0.12,1.33,0.7,9.17,1.18,0.25,-2.53,1.38,-12.72,-36.77,70630000.0,7801000000.000001,5277000000.0
sz002584,002584,sz,西陇科学,8.09,0.5,4.06,0.99,-65.62,2.16,-3.35,-3.0,11.43,7.72,-12.16,152750000.0,4734000000.0,3790000000.0
sh600237,600237,sh,铜峰电子,8.09,-3.92,4.27,1.01,44.91,2.58,-10.21,-8.48,1.25,-23.1,-8.9,216550000.0,5101000000.0,5053000000.0
sz002235,002235,sz,安妮股份,8.08,-7.34,7.69,0.85,-241.87,6.42,-15.39,-6.91,11.91,-19.2,-21.86,350030000.0,4683000000.0,4473000000.0
sz002181,002181,sz,粤 传 媒,8.08,-2.3,1.63,0.79,128.47,2.24,-11.21,-12.17,0.79,-50.87,-5.57,149840000.0,9381000000.0,9167000000.0
sh603518,603518,sh,锦泓集团,8.08,0.87,2.44,1.39,11.24,0.74,-2.18,-1.34,6.74,-7.45,-15.04,68300000.0,2790000000.0,2780000000.0
sh603488,603488,sh,展鹏科技,8.08,-1.22,2.22,0.78,-14.32,3.1,-6.16,-5.28,6.32,-28.18,3.59,52200000.0,2359000000.0,2359000000.0
sh600623,600623,sh,华谊集团,8.08,-1.1,0.59,1.03,30.3,0.77,-2.77,-4.94,2.41,-6.37,6.32,89740000.0,17125000000.0,15158000000.000002
sz300494,300494,sz,盛天网络,8.07,-1.47,1.19,0.65,2559.23,2.74,-6.92,-9.33,1.51,-13.18,-33.72,38280000.0,3958000000.0,3215000000.0
sz002165,002165,sz,红 宝 丽,8.07,4.53,24.07,1.25,-206.92,3.0,13.18,15.78,25.7,18.85,7.17,1392290000.0,5934000000.0,5872000000.0
sh603001,603001,sh,奥康国际,8.07,-2.18,3.5,1.0,-24.63,1.37,1.64,9.5,30.16,-20.18,-9.83,112580000.0,3236000000.0,3236000000.0
sz002278,002278,sz,神开股份,8.06,-1.1,2.24,0.79,90.55,2.23,-1.95,-0.12,7.04,-8.62,-36.23,64560000.0,3132000000.0,2892000000.0
sz000626,000626,sz,远大控股,8.06,-0.62,2.53,0.71,77.88,1.74,2.03,1.38,19.41,8.19,1.64,102700000.0,4083000000.0,4065000000.0
sh603222,603222,sh,济民健康,8.06,-1.95,2.68,0.82,-16.41,3.8,-10.04,-8.72,1.26,-8.2,-11.72,113810000.0,4232000000.0,4232000000.0
sz000528,000528,sz,柳    工,8.05,0.0,1.06,1.04,10.53,0.89,-0.74,-4.73,-5.52,-7.09,-30.33,174050000.0,16405000000.000002,16382000000.0
sh600059,600059,sh,古越龙山,8.04,2.03,1.9,0.93,32.53,1.26,-0.12,0.63,3.47,-1.71,-12.32,138950000.0,7329000000.000001,7329000000.000001
sh603825,603825,sh,ST华扬,8.03,-1.59,0.65,0.97,-3.27,65.31,-1.47,-2.43,15.71,-1.59,-11.37,13350000.0,2034000000.0,2034000000.0
sh600463,600463,sh,空港股份,8.03,-1.11,0.89,0.94,-24.28,2.71,-1.95,-2.78,10.0,-15.12,-29.06,21570000.0,2409000000.0,2409000000.0
sh600177,600177,sh,雅戈尔,8.02,1.65,0.6,1.12,14.45,0.89,1.78,4.29,3.35,10.47,9.53,216560000.0,37080000000.0,36118000000.0
sz300663,300663,sz,科蓝软件,8.01,-1.72,4.0,0.48,-9.18,11.96,-10.3,-19.25,7.23,3.09,-54.59,147140000.0,3832000000.0,3688000000.0000005
sz300231,300231,sz,银信科技,8.0,-2.2,2.0,0.71,69.05,2.25,-9.09,-9.3,-1.96,-13.42,-22.93,71350000.0,3558000000.0,3558000000.0
sh688098,688098,sh,申联生物,8.0,-3.03,0.9,0.56,-171.05,2.37,-5.33,-10.11,-1.84,2.83,-9.91,29770000.0,3285000000.0,3285000000.0
sh600637,600637,sh,东方明珠,8.0,0.25,1.74,1.95,38.67,0.9,-2.2,-3.61,2.96,-16.67,-17.7,475330000.0,26895000000.0,26895000000.0
sz300527,300527,sz,ST应急,7.99,1.27,0.65,1.48,576.15,2.81,1.91,0.38,10.06,6.89,-0.93,53140000.0,8123999999.999999,8123999999.999999
sz000782,000782,sz,恒申新材,7.99,3.63,4.11,1.18,-33.63,3.48,3.9,0.25,27.03,7.1,61.09,170550000.0,5486000000.0,4220000000.0000005
sh601777,601777,sh,千里科技,7.99,-0.62,0.48,0.86,320.43,3.49,-4.54,-4.99,5.13,-25.95,-24.84,172190000.0,36124000000.0,36124000000.0
sh600718,600718,sh,东软集团,7.99,-0.99,0.64,0.9,-19.37,1.08,-2.32,-4.43,-2.56,-2.2,-20.66,61020000.0,9560000000.0,9560000000.0
sz002201,002201,sz,九鼎新材,7.98,-1.24,1.83,0.89,57.92,4.42,-6.34,-5.79,4.59,-27.75,-29.97,87700000.0,5200000000.0,4804000000.0
sh688556,688556,sh,高测股份,7.98,-1.85,2.05,0.9,-397.63,1.7,-9.52,-8.17,-0.75,-33.11,-30.12,136210000.0,6630000000.0,6630000000.0
sz002515,002515,sz,金字火腿,7.97,-3.28,5.66,0.54,-1679.13,3.72,0.63,14.35,-4.09,29.59,31.09,498000000.0,9649000000.0,8782000000.0
sz000011,000011,sz,深物业A,7.97,-1.48,0.91,0.62,2889.0,1.42,-3.04,0.5,-2.21,8.73,-11.35,38530000.0,4750000000.0,4196000000.0
sz300830,300830,sz,金现代,7.96,-0.62,1.77,0.8,-45.52,2.73,-5.58,-6.13,5.29,-15.32,-21.81,47180000.0,3595000000.0000005,2683000000.0
sz300525,300525,sz,博思软件,7.96,-1.97,1.49,0.66,34.23,2.52,-8.08,-11.56,3.38,-7.34,-43.3,73470000.0,5983000000.0,4908000000.0
sh688066,688066,sh,*ST航图,7.96,-5.69,2.49,0.92,-1.13,-1.74,-17.51,-13.29,8.59,-43.55,-75.55,52850000.0,2096000000.0,2096000000.0
bj920158,920158,bj,长江能科,7.96,-1.49,1.65,0.72,27.95,3.11,-1.36,-6.79,-0.87,-17.43,-25.81,7050000.0,1589000000.0,425000000.0
sz002939,002939,sz,长城证券,7.95,0.25,0.4,0.71,13.55,1.0,-3.4,-4.56,-3.05,-5.13,-21.13,113420000.0,32074000000.0,28641000000.000004
sz002429,002429,sz,兆驰股份,7.95,-3.64,1.56,0.97,34.84,2.16,-8.93,-0.5,0.76,-30.95,8.41,564660000.0,35989000000.0,35968000000.0
sh600867,600867,sh,通化东宝,7.95,-1.97,1.43,0.72,12.59,2.34,-6.03,-5.13,-1.24,-1.97,1.02,223540000.0,15569999999.999998,15569999999.999998
sz002298,002298,sz,中电鑫龙,7.94,-0.38,3.38,0.69,-13.91,3.15,-9.88,-14.99,-6.04,-14.81,-23.95,176350000.0,5876000000.0,5246000000.0
sz000425,000425,sz,徐工机械,7.94,-0.87,1.0,0.94,14.11,1.55,-0.25,-4.91,-9.77,-16.87,-30.23,714960000.0,92987000000.0,71236000000.0
sh603229,603229,sh,奥翔药业,7.94,-1.98,1.35,1.07,61.02,2.85,-3.64,-2.82,7.3,-15.94,-19.44,90530000.0,6593000000.000001,6593000000.000001
sz000096,000096,sz,广聚能源,7.93,-0.38,0.82,0.69,37.21,1.54,1.54,1.34,7.23,-2.52,-22.22,33280000.0,4186999999.9999995,4051000000.0
sh688459,688459,sh,哈铁科技,7.93,-0.25,0.12,0.53,51.21,1.12,-2.1,-3.65,-0.63,-4.34,-16.79,4650000.0,3806000000.0,3806000000.0
sz300095,300095,sz,华伍股份,7.92,-0.88,1.19,0.69,-15.53,2.48,-5.04,-5.38,1.67,-13.35,-34.65,29710000.0,3124000000.0,2516000000.0
sz002786,002786,sz,银宝山新,7.92,2.19,2.14,1.67,-120.44,19.7,1.41,1.02,8.94,-5.83,-7.91,82740000.0,3925000000.0,3913000000.0000005
sz002758,002758,sz,浙农股份,7.92,0.25,1.15,0.52,7.6,0.82,-1.0,-0.5,3.13,-0.69,-18.81,47320000.0,4109000000.0000005,4104999999.9999995
sz002661,002661,sz,克明食品,7.92,0.38,0.98,0.55,63.44,1.18,0.64,1.8,12.98,2.82,-10.68,23960000.0,2565000000.0,2443000000.0
sz000600,000600,sz,建投能源,7.92,-0.38,1.23,0.72,7.02,1.18,-3.18,-8.65,-9.69,-35.77,-3.53,106740000.0,14282000000.0,8633000000.0
sh605136,605136,sh,丽人丽妆,7.91,-1.86,1.56,0.68,-128.2,1.31,-5.16,-7.05,7.33,-15.76,-27.76,49700000.0,3168000000.0,3168000000.0
sh603779,603779,sh,威龙股份,7.9,2.33,3.47,1.05,-33.09,5.35,-0.63,0.25,12.22,-19.47,22.67,89910000.0,2623000000.0,2623000000.0
sh600983,600983,sh,惠而浦,7.9,1.8,0.37,1.24,12.58,2.29,2.33,1.15,6.47,-1.0,-11.14,22460000.0,6055000000.0,6055000000.0
sh600156,600156,sh,华升股份,7.9,-1.62,1.84,0.62,-111.45,8.69,-7.06,-4.36,8.52,-22.93,-4.24,58410000.0,3177000000.0,3177000000.0
sh601555,601555,sh,东吴证券,7.89,0.77,0.8,1.25,11.62,0.92,-2.83,-1.38,2.73,3.54,-10.75,313560000.0,39203000000.0,39203000000.0
sh601398,601398,sh,工商银行,7.89,1.54,0.13,1.04,7.57,0.72,4.37,4.78,2.07,9.28,1.66,2809680000.0,2812045000000.0,2127240000000.0002
sh600826,600826,sh,兰生股份,7.88,0.0,0.62,1.22,16.93,1.4,-1.62,-3.55,5.49,-6.3,-23.5,35120000.0,5707000000.0,5707000000.0
sh600371,600371,sh,万向德农,7.88,1.81,12.45,1.15,-418.57,4.43,6.49,8.39,23.32,5.35,-8.58,289170000.0,2306000000.0,2306000000.0
sz300082,300082,sz,奥克股份,7.87,0.77,1.36,1.24,440.67,1.95,-0.51,-1.25,6.06,-18.78,-20.51,72300000.0,5352000000.0,5338000000.0
sh600873,600873,sh,梅花生物,7.87,1.42,0.82,0.77,10.15,1.41,-0.38,-2.96,-5.86,-12.48,-18.88,180590000.0,22069000000.0,22069000000.0
sz300002,300002,sz,神州泰岳,7.86,-1.13,1.34,0.79,21.07,2.01,-5.07,-8.5,1.42,0.26,-31.41,195690000.0,15462000000.0,14549000000.0
sz002998,002998,sz,优彩资源,7.85,0.64,2.85,0.93,29.59,1.66,-1.38,-3.92,10.72,-2.36,9.33,60350000.0,2785000000.0,2123000000.0
sz002163,002163,sz,海南发展,7.85,-1.01,2.45,1.05,-20.31,12.48,-6.32,-7.21,2.08,-23.56,-67.07,155210000.0,6633000000.0,6308000000.0
sh600198,600198,sh,大唐电信,7.85,5.09,3.81,1.14,-276.47,49.9,-3.09,7.98,15.61,-1.88,-18.65,389610000.0,10233000000.0,10220000000.0
sh600101,600101,sh,明星电力,7.85,0.51,1.1,0.93,26.29,1.37,-2.48,-5.19,-2.0,-23.64,-14.11,47330000.0,4301000000.0,4301000000.0
bj920082,920082,bj,方正阀门,7.85,-2.24,1.36,1.16,42.72,3.06,-4.96,-7.97,1.16,-13.45,-38.43,6230000.0,1597000000.0,449000000.0
sz002488,002488,sz,金固股份,7.84,-4.97,5.1,2.05,140.46,2.24,-7.98,-12.5,-8.2,-22.99,-10.71,374140000.0,7804000000.000001,7213000000.0
sh600095,600095,sh,湘财股份,7.83,0.77,0.71,1.0,50.99,1.82,-2.97,-4.28,-8.31,-7.67,-29.2,158510000.0,22387000000.0,22387000000.0
bj920260,920260,bj,中寰股份,7.83,-1.76,0.46,0.75,25.01,1.88,-3.21,-2.73,5.24,-6.79,-27.37,3560000.0,811000000.0,774000000.0
sz002852,002852,sz,道道全,7.82,-2.37,3.46,0.58,38.73,1.22,-0.76,-0.76,6.68,-1.76,-25.02,77540000.0,2690000000.0,2235000000.0
sz002546,002546,sz,新联电子,7.82,-1.88,1.61,0.55,7.73,1.57,-9.28,-9.49,-7.46,3.85,13.83,100480000.0,6522000000.0,6266000000.0
sz000017,000017,sz,深中华A,7.82,9.99,2.01,0.64,130.37,13.81,29.9,24.13,32.77,44.55,-0.64,69120000.0,5389000000.0,3447000000.0
sh600970,600970,sh,中材国际,7.82,1.43,0.61,1.3,7.73,0.93,-0.64,-0.89,0.13,-6.79,-21.09,124330000.0,20503000000.0,20503000000.0
sh600706,600706,sh,曲江文旅,7.82,-0.76,1.65,0.78,-11.94,4.44,-1.14,-1.01,12.52,-4.17,-26.23,32830000.0,1995000000.0,1987000000.0
sz002234,002234,sz,民和股份,7.81,-1.64,2.61,1.0,-18.26,1.63,2.36,-1.01,14.68,6.11,-9.4,61710000.0,2725000000.0,2354000000.0
sh601519,601519,sh,大智慧,7.81,-2.25,1.35,0.97,-204.44,11.98,-4.29,-5.56,0.26,-22.21,-39.32,209200000.0,15535000000.0,15535000000.0
sz000686,000686,sz,东北证券,7.8,-0.13,1.04,1.57,10.23,0.89,-3.58,-3.47,-2.62,-2.01,-14.94,187870000.0,18256000000.0,18256000000.0
sz002062,002062,sz,宏润建设,7.79,-0.76,0.97,0.43,38.84,1.97,-8.57,-1.52,5.84,-4.42,-14.89,84180000.0,9638000000.0,8761000000.0
sh600283,600283,sh,钱江水利,7.79,0.0,0.31,0.93,21.84,1.44,-2.01,-3.35,1.17,-11.07,-12.47,13630000.0,4369000000.0,4369000000.0
bj920149,920149,bj,旭杰科技,7.79,1.04,1.66,2.04,-12.98,4.88,-2.38,-3.95,4.99,-11.68,-32.67,7910000.0,596000000.0,493000000.0
sz300420,300420,sz,五洋自控,7.78,-2.02,7.97,0.89,418.27,3.65,-6.15,-4.54,12.75,73.66,95.48,692900000.0,8685000000.0,8685000000.0
sz300410,300410,sz,正业科技,7.78,-1.52,3.62,0.84,71.28,10.36,-6.83,-1.14,10.51,-35.33,-4.89,103350000.0,2856000000.0,2856000000.0
sh603707,603707,sh,健友股份,7.78,-2.26,0.73,0.62,21.46,1.85,-3.11,-4.66,0.65,-2.51,-12.88,92180000.0,12570000000.0,12570000000.0
sz002783,002783,sz,凯龙股份,7.77,-0.64,1.56,0.68,33.43,1.49,-0.89,-5.36,9.28,2.64,-17.95,55850000.0,3879999999.9999995,3583000000.0
sz002286,002286,sz,保龄宝,7.77,-1.4,1.84,0.57,19.12,1.31,-3.96,-5.13,5.43,-14.05,-11.9,52830000.0,2952000000.0,2872000000.0
sz301332,301332,sz,德尔玛,7.75,-0.77,0.77,0.58,30.21,1.22,-1.65,-3.97,1.44,-9.37,-15.68,15800000.0,3577000000.0000005,2053000000.0
sz002068,002068,sz,黑猫股份,7.75,-0.13,1.91,0.6,-10.9,2.44,-6.4,-4.44,2.11,-18.08,-12.13,108140000.0,5699000000.0,5696000000.0
sh601339,601339,sh,百隆东方,7.75,-1.65,0.47,0.81,14.08,1.26,-1.02,-3.12,-4.2,7.79,39.89,54540000.0,11622000000.0,11622000000.0
sz002292,002292,sz,奥飞娱乐,7.74,-1.78,2.92,0.87,147.7,3.85,-7.64,-8.19,-0.26,1.98,-12.54,230550000.0,11445000000.0,7878000000.0
sh605366,605366,sh,宏柏新材,7.74,-2.89,2.52,1.02,-35.57,2.24,-8.94,-6.63,2.79,-29.83,24.84,150010000.0,5982000000.0,5982000000.0
sh603105,603105,sh,芯能科技,7.74,9.94,6.54,6.8,22.06,1.89,8.71,5.74,10.89,-12.94,-13.9,249260000.0,3870000000.0000005,3870000000.0000005
sz300597,300597,sz,吉大通信,7.72,-0.9,1.29,0.85,-24.32,2.25,-0.64,0.0,12.05,-8.85,-16.45,26950000.0,2104000000.0,2095000000.0
sz002441,002441,sz,众业达,7.72,-1.03,0.9,0.83,22.74,0.96,-3.74,-3.86,-0.52,-16.0,-15.16,27680000.0,4204000000.0,3077000000.0
sh600894,600894,sh,广日股份,7.72,-0.39,0.5,1.15,9.19,0.77,-1.03,-2.77,2.39,-6.08,-12.77,32850000.0,6540000000.000001,6509000000.0
sh603966,603966,sh,法兰泰克,7.71,-0.77,0.79,0.92,15.77,1.99,-3.14,-5.17,0.26,-14.62,-13.74,31700000.0,4011999999.9999995,4007000000.0
sh601700,601700,sh,风范股份,7.71,9.99,14.54,0.88,-27.78,4.08,6.79,8.9,56.71,44.11,36.22,1221490000.0,8780000000.0,8780000000.0
sh600883,600883,sh,博闻科技,7.71,-1.28,2.52,0.82,64.69,1.87,-0.39,0.26,17.89,-8.6,-3.93,45880000.0,1820000000.0,1820000000.0
sz300805,300805,sz,电声股份,7.7,-2.41,1.81,0.67,99.18,2.11,-8.55,-9.94,-1.28,-10.26,-26.81,40370000.0,3268000000.0,2220000000.0
sz002123,002123,sz,梦网科技,7.7,-3.87,2.67,0.93,-19.18,4.22,-8.66,-11.6,-2.41,-7.45,-36.68,149770000.0,6202000000.0,5548000000.0
sz002091,002091,sz,江苏国泰,7.7,0.0,0.97,1.43,10.29,0.8,-1.28,-1.03,2.12,-10.78,-11.8,117840000.0,12534000000.0,12338000000.0
bj920809,920809,bj,安达科技,7.7,0.52,2.43,1.56,101.72,2.71,-3.14,-2.9,0.26,-5.29,9.69,87300000.0,4613000000.0,3535000000.0
sz301149,301149,sz,隆华新材,7.69,-1.41,1.7,0.95,32.55,2.07,-3.87,-4.23,7.4,-12.84,-5.33,44460000.0,4299000000.0,2615000000.0
sh600757,600757,sh,长江传媒,7.69,1.99,0.94,1.61,9.84,0.95,0.39,-0.9,-1.54,0.26,-9.21,87270000.0,9333000000.0,9332000000.0
sh600784,600784,sh,鲁银投资,7.68,-1.29,1.38,0.85,35.04,1.55,-6.34,-6.57,7.71,2.13,10.82,71720000.0,5189000000.0,5189000000.0
bj920175,920175,bj,东方碳素,7.68,-0.39,1.2,0.87,-7.88,1.41,-4.36,-6.57,-0.39,-13.61,-32.16,7380000.0,914000000.0,609000000.0
sz002588,002588,sz,史丹利,7.67,-1.79,2.5,1.02,9.1,1.13,-10.81,-13.24,-10.61,-13.04,-21.01,165180000.0,8835000000.0,6586000000.0
sz002392,002392,sz,北京利尔,7.67,1.86,1.2,1.03,22.55,1.54,1.19,1.19,9.26,-3.94,3.02,105820000.0,9131000000.0,8878000000.0
sh601798,601798,sh,蓝科高新,7.67,-0.78,1.4,1.02,49.94,2.1,-1.41,0.13,4.92,0.0,-13.53,38000000.0,2719000000.0,2719000000.0
sz002905,002905,sz,金逸影视,7.66,-1.16,1.35,0.84,-29.25,44.19,-0.91,-2.42,6.54,-7.26,-32.21,36350000.0,2883000000.0,2677000000.0
sh688579,688579,sh,地纬智能,7.66,-3.77,1.27,1.35,237.25,2.26,-5.78,-6.7,4.79,-12.66,-28.61,39170000.0,3064000000.0,3064000000.0
bj920414,920414,bj,欧普泰,7.66,-0.65,1.08,0.61,-27.16,2.28,-5.2,-7.82,1.73,-21.76,-31.91,4710000.0,611000000.0,430000000.0
sh603227,603227,sh,雪峰科技,7.65,0.0,0.6,0.6,15.57,1.55,-1.29,-2.55,6.4,-12.47,-6.36,48870000.0,8198000000.0,8198000000.0
bj920717,920717,bj,瑞星股份,7.65,0.39,1.95,0.46,-71.39,1.6,-7.61,-6.02,2.55,-1.8,-31.08,6540000.0,877000000.0,339000000.0
sz300708,300708,sz,聚灿光电,7.64,-2.68,1.8,0.84,43.65,2.45,-7.17,-2.3,3.52,-16.23,-13.67,98570000.0,7206999999.999999,5458000000.0
sz001313,001313,sz,粤海饲料,7.63,-2.68,1.54,0.58,99.42,2.08,-4.39,2.28,8.84,-8.84,4.23,82450000.0,5341000000.0,5335000000.0
sz001236,001236,sz,弘业期货,7.63,1.33,1.78,1.78,502.62,4.11,0.26,-1.04,6.03,-8.8,-27.99,103070000.0,7689000000.0,5784000000.0
sh603106,603106,sh,恒银科技,7.63,3.67,6.35,0.91,138.56,3.02,-7.74,-10.13,17.38,0.26,-28.49,245280000.0,3972000000.0,3972000000.0
sh601512,601512,sh,中新集团,7.63,-0.39,0.16,0.84,12.48,0.76,-1.8,-3.78,0.66,-10.11,-13.18,17650000.0,11437000000.0,11437000000.0
sz300411,300411,sz,金盾股份,7.62,0.26,2.2,0.4,971.81,3.21,-6.04,1.33,13.56,-5.11,-34.25,51470000.0,3098000000.0,2355000000.0
sz002255,002255,sz,海陆重工,7.62,-1.3,1.61,0.74,16.38,1.36,-10.35,-11.19,-5.69,-21.85,-39.41,78000000.0,6331000000.0,4861000000.0
sz300543,300543,sz,朗科智能,7.61,-1.04,2.11,0.5,-257.86,1.66,-4.04,-2.93,10.93,-9.83,-31.38,40050000.0,2331000000.0,1904000000.0
sz002301,002301,sz,齐心集团,7.6,3.12,2.63,1.5,78.68,1.76,-4.16,2.56,12.26,-3.68,-0.52,143980000.0,5502000000.0,5457000000.0
sz300193,300193,sz,佳士科技,7.59,-1.04,0.73,0.67,20.46,1.61,-2.57,-3.68,3.83,3.12,-12.25,23340000.0,3615000000.0,3183000000.0
sh600064,600064,sh,南京高科,7.59,1.61,1.33,1.34,7.7,0.66,-0.13,-0.78,1.07,3.55,-9.21,173570000.0,13133000000.000002,13133000000.000002
sz300105,300105,sz,龙源技术,7.58,-0.26,3.07,0.54,-71.57,2.19,-9.0,-7.11,-22.49,23.25,8.13,118570000.0,3910000000.0,3907000000.0
sz002153,002153,sz,石基信息,7.58,-1.3,1.0,0.37,-126.47,3.1,-8.89,-16.15,0.26,-7.9,-29.94,120730000.0,20687000000.0,12126000000.0
sh600742,600742,sh,富维股份,7.58,0.4,0.44,0.85,12.57,0.67,-0.92,-0.92,5.28,-6.3,-22.34,24770000.0,5632000000.0,5632000000.0
sz002609,002609,sz,捷顺科技,7.56,-1.31,1.57,1.36,74.92,2.04,-3.45,-4.67,2.3,-1.64,-17.88,54270000.0,4864000000.0,3474000000.0
sh688089,688089,sh,ST嘉必优,7.56,0.67,1.54,1.15,-19.41,0.85,-2.07,-3.94,-23.94,-41.35,-67.53,19510000.0,1258000000.0,1258000000.0
sh605158,605158,sh,华达新材,7.55,0.27,0.73,1.0,-1504.3,1.61,3.14,5.01,18.52,9.42,-5.51,28280000.0,3861000000.0,3861000000.0
sh600222,600222,sh,太龙药业,7.55,-3.7,3.39,0.46,69.16,2.77,-15.64,-3.33,5.74,-3.08,14.99,144540000.0,4222999999.9999995,4222999999.9999995
sz002413,002413,sz,雷科防务,7.54,-2.84,2.57,0.65,-157.35,3.02,-13.93,-16.5,-4.68,-27.98,-39.92,251300000.0,9948000000.0,9768000000.0
sh688285,688285,sh,高铁电气,7.54,-1.05,0.37,0.67,48.22,1.67,-2.08,-0.22,9.64,-6.53,-13.0,10530000.0,2837000000.0,2837000000.0
sh603689,603689,sh,皖天然气,7.54,-0.66,0.59,0.86,11.72,1.1,1.62,0.27,2.45,-5.04,-3.46,23080000.0,3965000000.0,3947000000.0
sh600827,600827,sh,百联股份,7.54,1.07,0.85,1.05,10.94,0.66,-0.92,-2.96,0.13,-9.59,-14.71,102230000.0,13453000000.0,12098000000.0
sz300824,300824,sz,北鼎股份,7.52,-0.4,1.28,0.94,23.3,3.34,-3.17,-5.84,5.23,-10.95,-32.32,30640000.0,2454000000.0,2399000000.0
sz000537,000537,sz,绿发电力,7.52,-1.05,0.73,0.48,24.33,0.79,-7.16,-9.62,-1.31,-30.76,-7.05,114060000.0,15459000000.0,15459000000.0
sh600218,600218,sh,全柴动力,7.52,-0.53,0.64,0.67,49.78,1.01,-2.34,-1.96,4.16,-9.29,-26.49,20940000.0,3276000000.0,3276000000.0
sz300368,300368,sz,汇金股份,7.51,-1.7,3.15,0.56,-24.1,82.41,-12.37,-20.7,-15.05,-24.82,-50.46,126270000.0,3972000000.0,3972000000.0
sz000561,000561,sz,烽火电子,7.51,1.21,0.74,0.82,-22.05,2.23,-2.09,-2.85,5.03,-7.28,-38.54,42890000.0,6489000000.0,5830000000.0
sz300603,300603,sz,立昂技术,7.5,-2.98,3.49,0.5,-19.44,2.76,-14.68,-5.78,-0.27,-18.21,-22.84,98420000.0,3486000000.0,2804000000.0
sh601117,601117,sh,中国化学,7.5,-0.27,0.78,1.06,6.98,0.67,0.94,-2.46,-0.91,-1.43,2.47,356030000.0,45792000000.0,45661000000.0
sz300212,300212,sz,*ST易录,7.49,-2.35,2.05,0.8,-2.04,-2.7,-19.03,-6.84,2.04,-31.91,-57.08,109290000.0,5392000000.0,5232000000.0
sz000987,000987,sz,越秀资本,7.49,0.81,0.45,1.07,9.03,1.15,-1.71,-4.34,-1.83,-5.2,-6.5,169840000.0,37578000000.0,37550000000.0
sz300103,300103,sz,达刚控股,7.46,-5.21,2.44,1.37,-39.12,5.74,-9.02,-7.9,15.48,-6.52,-7.1,58140000.0,2369000000.0,2367000000.0
sh603987,603987,sh,康德莱,7.46,-0.27,1.66,1.55,13.94,1.18,-1.84,-2.48,4.19,1.91,-11.51,55070000.0,3258000000.0,3258000000.0
sz002137,002137,sz,实益达,7.45,-1.97,4.22,0.83,72.1,2.82,-7.8,-7.22,7.19,-12.25,-12.66,123850000.0,4302000000.0,2954000000.0
sh600490,600490,sh,鹏欣资源,7.45,1.09,4.81,1.77,72.3,2.62,3.76,-5.7,15.68,1.79,-3.23,714330000.0,16486000000.000002,14844999999.999998
sh600004,600004,sh,白云机场,7.45,0.95,0.45,1.15,14.33,0.94,0.0,-2.74,-2.74,-6.7,-18.8,79300000.0,19200000000.0,17632000000.0
bj920198,920198,bj,微创光电,7.45,-2.49,1.64,0.35,36.55,2.77,-5.82,-7.11,1.09,-6.87,-25.65,8690000.0,1202000000.0,525000000.0
sz300211,300211,sz,*ST亿通,7.44,-0.53,0.67,0.49,-65.42,5.2,-3.5,-2.87,19.61,-11.95,-12.16,14810000.0,2261000000.0,2221000000.0
sz300162,300162,sz,雷曼光电,7.44,-3.75,5.74,0.8,-53.59,3.78,-6.53,-5.94,3.33,-22.01,-8.49,147630000.0,3121000000.0,2546000000.0
sz002342,002342,sz,巨力索具,7.44,-1.06,3.01,0.62,600.93,2.93,-11.43,-11.53,0.68,-34.12,-19.08,212810000.0,7142000000.0,7103000000.0
sz002114,002114,sz,罗平锌电,7.44,1.64,2.81,1.46,-15.87,3.46,0.95,-2.87,18.85,-5.94,-11.64,67550000.0,2406000000.0,2406000000.0
sz000983,000983,sz,山西焦煤,7.44,1.64,2.25,1.68,31.81,1.16,9.25,9.9,16.98,11.04,17.54,955120000.0,42238000000.0,42237000000.0
sh601086,601086,sh,国芳集团,7.44,-0.93,0.81,0.67,51.24,3.17,-5.46,-8.94,8.3,-12.06,-26.12,40360000.0,4955000000.0,4955000000.0
sh600727,600727,sh,鲁北化工,7.44,0.13,1.71,0.73,29.86,1.17,-0.53,-3.0,3.33,-6.88,9.57,67050000.0,3933000000.0,3933000000.0
sz000543,000543,sz,皖能电力,7.43,0.54,0.77,1.0,7.83,1.01,-2.11,-5.71,-4.87,-21.13,-1.86,128640000.0,16843000000.0,16843000000.0
sz002387,002387,sz,维信诺,7.42,0.13,2.03,1.28,-4.17,3.98,4.36,4.21,18.91,-7.6,-13.92,212090000.0,10364000000.0,10351000000.0
sh601121,601121,sh,宝地矿业,7.42,-0.4,1.48,0.77,46.44,1.7,-1.85,0.82,9.93,15.79,1.53,87740000.0,7303000000.0,5936000000.0
sh600589,600589,sh,大位科技,7.42,-3.39,3.19,0.73,-69.98,19.22,-13.52,-9.29,3.06,-31.61,3.63,354580000.0,10993000000.0,10970000000.0
sz300143,300143,sz,盈康生命,7.41,-3.64,1.29,0.51,97.28,3.02,-8.97,-4.26,1.23,-5.09,-2.38,80210000.0,7209000000.0,6167000000.0
sz002373,002373,sz,千方科技,7.41,-0.8,1.14,0.97,150.38,1.02,-4.76,-6.32,0.0,-7.49,-36.76,116500000.0,11709000000.0,10208000000.0
sh603759,603759,sh,海天股份,7.41,-0.4,0.46,0.76,26.17,1.19,-0.94,-1.72,7.86,-6.5,-28.92,15610000.0,3422000000.0,3422000000.0
sh601187,601187,sh,厦门银行,7.41,2.49,0.74,0.91,7.29,0.72,-0.13,1.93,-0.4,5.71,2.49,144370000.0,19556000000.0,19513000000.0
sz300307,300307,sz,慈星股份,7.4,-0.8,2.58,0.46,52.89,1.8,-5.25,-2.63,18.59,9.79,4.96,148720000.0,5924000000.0,5823000000.0
sh600509,600509,sh,天富能源,7.4,1.51,1.28,0.8,44.68,1.28,-1.33,-4.76,-2.76,-23.36,-9.49,128470000.0,10171000000.0,10171000000.0
sz002451,002451,sz,摩恩电气,7.39,2.92,7.94,5.48,306.3,4.22,-0.81,-1.6,6.95,-11.92,-26.98,258570000.0,3257000000.0,3245000000.0000005
sh603033,603033,sh,三维股份,7.39,-2.51,0.77,1.2,-14.65,3.02,-5.74,-7.51,-1.34,-28.32,-31.64,59290000.0,7620000000.0,7483000000.0
sz002543,002543,sz,万和电气,7.38,0.96,3.86,0.98,47.32,1.18,6.19,9.99,14.77,2.34,-25.99,186240000.0,5488000000.0,4883000000.0
sz002723,002723,sz,小崧股份,7.37,1.24,2.92,0.99,-8.97,3.34,-1.47,2.65,9.84,-18.38,-12.99,67900000.0,2449000000.0,2337000000.0
sh601921,601921,sh,浙版传媒,7.37,0.55,0.47,0.62,13.04,1.13,-1.6,1.38,4.99,1.66,-3.03,76410000.0,16378000000.0,16378000000.0
sz002763,002763,sz,汇洁股份,7.36,0.27,1.95,0.93,41.42,1.88,-4.29,-2.39,9.85,-7.3,14.64,43490000.0,3017000000.0,2235000000.0
sh688660,688660,sh,电气风电,7.36,-4.91,1.44,1.13,-7.84,2.72,-18.31,-18.67,-6.84,-27.98,-56.73,143620000.0,9813000000.0,9813000000.0
sz000803,000803,sz,山高环能,7.35,-0.94,1.91,0.79,74.88,2.3,-0.14,2.51,10.36,-6.73,2.8,64730000.0,3427000000.0000005,3379000000.0
sh601311,601311,sh,骆驼股份,7.35,-4.17,1.82,2.46,14.72,0.87,-5.53,-7.31,-5.77,-11.66,-16.57,156690000.0,8623000000.0,8623000000.0
bj920266,920266,bj,生物谷,7.35,-2.91,2.66,0.55,-32.96,1.04,-3.92,-3.92,-0.68,2.65,-18.96,23440000.0,911000000.0,871000000.0000001
sz300891,300891,sz,惠云钛业,7.34,0.69,1.62,0.94,-36.49,2.43,0.55,-1.34,13.62,3.53,-16.59,39420000.0,2936000000.0,2448000000.0
sz002660,002660,sz,茂硕电源,7.34,-0.94,1.3,0.83,-10.81,2.63,-1.87,1.38,17.82,-4.18,-20.3,33130000.0,2618000000.0,2542000000.0
sh600189,600189,sh,泉阳泉,7.33,-1.21,0.98,0.84,261.96,4.24,-3.68,-3.17,5.47,-9.95,6.08,51710000.0,5242000000.0,5242000000.0
sh603366,603366,sh,日出东方,7.32,1.95,4.84,1.44,35.0,1.38,5.02,5.48,11.76,-4.25,-23.47,285530000.0,5952000000.0,5952000000.0
sh600834,600834,sh,申通地铁,7.32,-0.54,0.45,0.68,71.09,2.02,0.55,-0.81,5.78,-4.29,-13.27,15690000.0,3494000000.0,3494000000.0
sh600791,600791,sh,京能置业,7.32,-2.14,2.13,0.65,-2.92,-5.47,-7.11,-2.27,10.57,-52.41,56.41,70320000.0,3315000000.0,3311000000.0
sz002877,002877,sz,智能自控,7.31,-0.27,1.46,0.96,108.86,2.16,-1.48,-0.27,7.98,-7.41,-20.15,25590000.0,2601000000.0,1757999999.9999998
sz000670,000670,sz,盈方微,7.31,2.81,7.09,0.77,-76.34,201.02,-3.05,5.64,5.48,-15.98,-0.95,426620000.0,6184000000.0,6070000000.0
sz002538,002538,sz,ST司特,7.3,0.41,1.5,1.32,31.78,1.2,2.53,1.67,15.14,19.67,15.87,93550000.0,6231000000.0,6227000000.0
sz002072,002072,sz,凯瑞德,7.3,0.83,1.9,1.44,-111.26,11.62,-3.57,0.0,8.15,-7.01,0.83,51490000.0,2684000000.0,2683000000.0
sh600403,600403,sh,大有能源,7.3,9.94,6.2,1.17,-8.41,5.22,15.87,9.28,30.82,44.55,4.58,1039820000.0,17453000000.0,17453000000.0
sh600123,600123,sh,兰花科创,7.3,0.83,1.78,1.07,-17.9,0.71,0.55,0.83,10.61,6.57,23.52,191860000.0,10755000000.0,10755000000.0
sh600838,600838,sh,上海九百,7.29,-1.75,1.64,0.8,68.19,1.91,-3.7,-1.7,8.06,-13.89,-32.41,48190000.0,2922000000.0,2922000000.0
sz300513,300513,sz,恒实科技,7.28,0.28,1.68,1.16,-3.29,4.23,-1.75,-0.14,9.8,-8.89,-23.29,37970000.0,2284000000.0,2282000000.0
sh600241,600241,sh,时代万恒,7.28,-2.15,1.84,1.57,-14.43,2.1,-0.55,0.28,8.66,-6.06,-12.81,39610000.0,2143000000.0,2143000000.0
sz000791,000791,sz,甘肃能源,7.27,0.97,0.71,0.76,11.41,1.55,-3.58,-8.44,-5.58,-26.12,16.88,99840000.0,23583000000.0,14072000000.0
sz002243,002243,sz,力合科创,7.25,-1.23,0.89,0.93,47.07,1.19,-2.29,-0.28,7.89,-19.98,-26.77,78420000.0,8777000000.0,8716000000.0
sz001979,001979,sz,招商蛇口,7.24,-2.95,0.84,1.03,105.72,0.67,-3.98,0.56,5.69,-17.44,-15.71,538360000.0,65276000000.0,64216999999.99999
sz000608,000608,sz,阳光股份,7.24,-3.85,3.06,0.75,-24.08,2.64,-4.49,-5.73,9.04,58.08,175.29,167590000.0,5429000000.0,5397000000.0
sh603811,603811,sh,诚意药业,7.24,-2.16,1.05,0.52,17.13,2.45,-3.47,-2.95,2.7,-7.77,-0.63,35110000.0,3318000000.0,3318000000.0
sh600818,600818,sh,ST中路,7.24,0.14,1.77,1.12,-32.2,4.66,-0.82,-7.3,23.55,20.67,-24.5,30410000.0,2327000000.0,1723000000.0
sh600668,600668,sh,尖峰集团,7.24,-1.23,0.88,0.71,-15.84,0.55,-3.72,-4.49,1.97,-7.54,-35.36,26330000.0,2989000000.0,2989000000.0
sz300387,300387,sz,富邦科技,7.23,-1.09,2.54,0.54,39.31,1.44,-3.47,-1.5,8.4,-5.98,-14.44,53140000.0,2089999999.9999998,2089000000.0
sz000009,000009,sz,中国宝安,7.23,-1.36,0.69,0.76,359.12,1.86,-7.19,-11.72,15.68,-2.3,-26.6,129190000.0,18648000000.0,18625000000.0
sh605066,605066,sh,天正电气,7.23,-3.98,2.27,0.56,82.05,2.15,0.14,6.79,12.79,-5.49,0.42,82880000.0,3633000000.0,3633000000.0
sz002455,002455,sz,百川股份,7.22,0.28,3.31,0.82,-57.36,1.86,-3.35,-2.17,15.34,-16.34,0.7,157470000.0,5216000000.0,4771000000.0
sh603027,603027,sh,千禾味业,7.22,0.0,0.58,0.69,28.67,2.95,-1.77,-5.0,0.84,-3.73,-25.18,55710000.0,9608000000.0,9608000000.0
sz300300,300300,sz,海峡创新,7.21,-2.44,3.28,0.41,33.95,18.08,-11.21,-12.07,1.69,-24.11,-52.03,158020000.0,4808000000.0,4808000000.0
sz300621,300621,sz,维业股份,7.2,-2.04,2.24,0.97,-3.33,2.79,0.0,-1.5,18.23,-6.37,-14.39,32950000.0,1498000000.0,1458000000.0
sz002658,002658,sz,雪迪龙,7.2,-4.64,2.76,0.58,29.51,1.79,-8.4,-2.83,-1.5,-6.25,-18.46,72630000.0,4577000000.0,2582000000.0
sh601328,601328,sh,交通银行,7.2,1.12,0.59,0.96,6.6,0.55,4.35,4.35,2.71,10.91,1.67,1099080000.0,636219000000.0,187722000000.0
sh603101,603101,sh,汇嘉时代,7.19,0.42,1.39,0.65,31.31,2.31,-0.28,-3.62,2.13,-3.62,-24.8,46900000.0,3382000000.0,3382000000.0
sh600789,600789,sh,鲁抗医药,7.19,-1.91,2.09,0.6,86.42,1.47,-5.02,-4.89,-2.04,-8.17,-20.02,152320000.0,7515000000.000001,7264000000.0
sz300466,300466,sz,赛摩智能,7.18,-1.1,0.94,0.83,-144.05,5.55,-3.1,-3.36,4.97,-10.47,-28.56,30120000.0,3845000000.0000005,3222999999.9999995
sh600135,600135,sh,乐凯胶片,7.18,-1.91,0.92,0.94,-42.33,1.69,-4.65,-6.02,4.66,-21.53,-30.43,36650000.0,3972999999.9999995,3972999999.9999995
sz002100,002100,sz,天康生物,7.17,0.28,1.23,0.89,-97.12,1.45,1.27,-1.51,1.27,9.94,-1.67,119450000.0,9789000000.0,9789000000.0
sz000544,000544,sz,中原环保,7.17,-0.83,0.55,1.82,6.79,0.74,-2.32,-3.89,-0.83,-6.15,-10.93,38070000.0,6988000000.0,6988000000.0
sh600774,600774,sh,汉商集团,7.17,-2.05,1.41,1.0,-11.56,1.43,-2.45,-0.42,15.27,-4.14,-21.55,29940000.0,2114999999.9999998,2114000000.0
sz300228,300228,sz,富瑞特装,7.16,-1.51,1.42,0.67,17.26,1.73,-4.15,-4.66,2.43,-13.63,-26.71,56800000.0,4278000000.0,4002000000.0000005
sz002328,002328,sz,新朋股份,7.16,0.0,3.12,0.85,26.93,1.66,-4.15,-1.38,10.66,-24.95,10.26,126980000.0,5526000000.0,4086000000.0
sz002054,002054,sz,德美化工,7.16,-1.78,3.26,1.5,20.63,1.31,-1.92,-2.72,8.48,-7.01,-2.05,90170000.0,3452000000.0000005,2752000000.0
sz300798,300798,sz,锦鸡股份,7.15,0.28,4.86,1.42,-93.8,2.09,-6.9,-8.1,13.49,-9.26,0.56,141790000.0,3526000000.0,2901000000.0
sz002459,002459,sz,晶澳科技,7.15,-2.05,0.83,0.91,-5.86,1.14,-7.14,-8.33,-0.97,-21.51,-37.55,198590000.0,23664000000.0,23643000000.0
sz000617,000617,sz,中油资本,7.15,2.44,1.23,2.04,19.68,0.85,3.47,-0.14,3.77,-7.78,-24.72,1111600000.0,90391000000.0,90391000000.0
sz000598,000598,sz,兴蓉环境,7.15,0.28,0.54,1.15,10.54,1.09,0.0,-0.83,-2.72,5.54,3.1,114840000.0,21336000000.0,21333000000.0
bj920062,920062,bj,科润智控,7.15,-1.11,1.06,0.78,136.65,1.81,-5.8,-9.03,-3.64,-34.1,-25.37,10190000.0,1349000000.0,950000000.0
sz301062,301062,sz,上海艾录,7.14,-2.19,6.25,1.59,-28.46,2.3,2.44,6.57,25.04,5.78,-12.82,123170000.0,3094000000.0,1964999999.9999998
sz300396,300396,sz,ST迪瑞,7.14,-1.65,0.63,0.64,-9.27,1.26,-1.52,-4.55,15.35,-10.41,-44.65,12360000.0,1947000000.0,1944000000.0000002
sz002233,002233,sz,塔牌集团,7.14,1.28,0.9,1.03,20.05,0.72,-1.24,-2.19,-0.56,-14.59,-16.31,74840000.0,8383000000.0,8380000000.0
sz300225,300225,sz,金力泰,7.13,-3.26,2.26,0.74,132.05,3.87,-5.44,-1.66,6.58,-25.65,25.53,76220000.0,3390000000.0,3365999999.9999995
sz002097,002097,sz,山河智能,7.12,-0.97,1.09,0.7,109.52,1.64,-3.91,-4.56,2.59,-16.79,-42.52,83260000.0,7651000000.000001,7637000000.0
sz300512,300512,sz,中亚股份,7.11,-1.52,1.49,1.54,93.12,1.79,-3.27,-1.39,10.06,-10.68,-25.16,34330000.0,2910000000.0,2303000000.0
sz000576,000576,sz,甘化科工,7.11,-0.28,1.21,0.82,44.07,1.88,-3.4,-4.18,6.92,-5.07,-32.48,37110000.0,3103000000.0,3084000000.0
sh603969,603969,sh,银龙股份,7.1,-2.74,2.1,0.96,14.23,2.09,-2.07,-5.46,0.0,-6.82,-29.28,128130000.0,6188000000.0,6046000000.0
sz300887,300887,sz,谱尼测试,7.09,-0.7,6.23,1.72,-18.92,1.41,-5.21,-8.99,5.51,-17.27,-26.15,163110000.0,3869000000.0,2568000000.0
sz000728,000728,sz,国元证券,7.09,0.71,0.42,1.2,13.29,0.8,-0.98,-1.8,-2.07,0.85,-14.06,130890000.0,30939000000.0,30939000000.0
sh600326,600326,sh,西藏天路,7.09,1.0,1.71,0.64,-313.19,2.51,-3.14,-15.19,12.9,-10.71,-35.72,164550000.0,9660000000.0,9660000000.0
sz002795,002795,sz,永和智控,7.08,-0.84,2.52,0.73,-60.22,7.01,-1.39,3.06,28.73,-7.33,12.38,76520000.0,3127000000.0,3076000000.0
sz002339,002339,sz,积成电子,7.08,0.28,1.64,0.83,438.21,2.06,-3.67,-4.97,1.0,-18.24,-19.55,55570000.0,3569000000.0,3389000000.0
sz002116,002116,sz,中国海诚,7.08,0.43,0.52,1.0,12.86,1.42,-1.53,-0.98,2.91,-3.13,-15.55,20330000.0,3957000000.0,3909000000.0000005
sh603839,603839,sh,安正时尚,7.08,0.0,0.95,1.08,-15.12,1.63,0.57,0.14,15.5,3.81,-13.34,25900000.0,2740000000.0,2740000000.0
sz002592,002592,sz,ST八菱,7.07,3.06,3.46,1.3,17.04,2.03,13.3,13.85,23.17,1.29,-14.3,63280000.0,2007999999.9999998,1857999999.9999998
sz000157,000157,sz,中联重科,7.07,1.58,0.98,1.85,14.11,1.08,2.02,-2.35,-5.23,0.86,-14.09,488470000.0,61145000000.00001,49983000000.0
bj920675,920675,bj,秉扬科技,7.07,-2.88,1.1,0.99,29.82,2.04,-4.72,-5.1,3.51,-13.36,-26.66,6220000.0,1217000000.0,559000000.0
sz300464,300464,sz,星徽股份,7.06,4.59,4.04,1.64,301.98,18.63,-0.56,6.97,20.07,-26.76,11.36,99470000.0,3299000000.0,2507000000.0
sz000968,000968,sz,蓝焰控股,7.06,-1.53,3.38,1.14,22.93,1.08,1.29,-2.35,5.85,-5.11,7.62,228610000.0,6831000000.0,6831000000.0
sz000655,000655,sz,金岭矿业,7.06,1.58,1.66,1.82,17.78,1.19,1.0,0.0,8.45,-0.48,-24.69,69500000.0,4203000000.0,4203000000.0
sz000625,000625,sz,长安汽车,7.05,-0.28,0.32,0.68,22.74,0.92,-1.67,-4.99,-2.89,-9.66,-39.97,186070000.0,69886000000.0,58284000000.0
sz000404,000404,sz,长虹华意,7.05,0.28,0.8,0.51,10.05,1.14,-1.12,-11.21,-5.62,-11.99,9.3,39090000.0,4907000000.0,4886000000.0
sh600956,600956,sh,新天绿能,7.05,0.57,0.24,0.96,19.99,1.33,0.0,-1.54,-0.98,-20.7,0.0,39290000.0,31727000000.0,16554000000.0
sh600053,600053,sh,*ST九鼎,7.05,1.44,0.36,1.32,-8.52,1.37,-1.67,-4.34,3.37,-22.87,-64.52,10890000.0,3056000000.0,3056000000.0
sz300129,300129,sz,泰胜风能,7.04,-5.76,2.9,1.0,67.32,1.37,-15.08,-15.99,-4.48,-28.46,-32.31,148450000.0,7806000000.0,5060000000.0
sz002761,002761,sz,浙江建投,7.04,-0.71,0.64,0.65,31.42,1.1,-3.96,-3.3,0.28,-11.22,-17.37,48530000.0,9327000000.0,7616000000.0
sz002511,002511,sz,中顺洁柔,7.04,0.14,0.98,1.12,22.9,1.64,-1.54,-4.09,-0.42,-2.9,-17.36,87170000.0,9019000000.0,8906000000.0
sz000890,000890,sz,法尔胜,7.04,-3.56,3.01,1.18,-38.8,151.08,-6.75,-7.12,4.76,-33.27,38.86,88960000.0,2953000000.0,2953000000.0
sz000501,000501,sz,武商集团,7.04,0.28,0.62,0.69,33.58,0.49,-2.76,-3.3,3.23,-9.86,-29.76,33560000.0,5414000000.0,5409000000.0
sh601319,601319,sh,中国人保,7.04,1.29,0.2,1.64,7.31,0.99,1.88,-0.42,-3.5,5.15,-20.05,487910000.0,311337000000.0,249904000000.0
sh601077,601077,sh,渝农商行,7.04,3.38,0.91,1.58,6.35,0.57,7.65,8.98,6.99,7.94,14.68,563830000.0,79953000000.0,62221000000.0
sz002267,002267,sz,陕天然气,7.03,0.86,0.55,0.96,15.75,1.15,0.29,-1.68,-2.77,-2.77,-4.09,43070000.0,7818000000.000001,7818000000.000001
sz301090,301090,sz,华润材料,7.02,3.24,1.59,2.44,-225.61,1.57,6.36,6.2,10.73,-2.36,-0.28,164350000.0,10326000000.0,10326000000.0
sz002608,002608,sz,江苏国信,7.02,0.72,0.45,1.32,9.03,0.71,-1.68,-4.75,-2.23,-22.6,-3.31,120290000.0,26522000000.000004,26522000000.000004
sz002530,002530,sz,金财互联,7.02,-0.43,0.9,0.57,81.24,4.12,-3.84,-4.1,3.69,-8.24,-34.72,44010000.0,5470000000.0,4880000000.0
sh688201,688201,sh,ST信安,7.01,-1.13,0.43,0.93,71.5,1.73,-3.58,-4.37,8.35,-13.51,-52.0,9630000.0,2223000000.0,2223000000.0
sh603843,603843,sh,*ST正平,7.01,-2.23,1.51,0.8,-26.9,190.38,-0.57,0.14,10.22,-13.56,22.55,74160000.0,4904000000.0,4904000000.0
sh601330,601330,sh,绿色动力,7.01,0.29,0.52,0.87,15.69,1.26,-1.41,-3.31,-1.82,-21.68,7.68,35960000.0,10028000000.0,6934000000.0
sz002642,002642,sz,荣联科技,7.0,-0.71,1.14,0.67,232.19,3.9,-5.91,-6.67,6.06,-19.91,-15.36,52760000.0,4631000000.0,4631000000.0
sz002098,002098,sz,浔兴股份,7.0,-0.99,0.79,0.56,13.61,1.69,-2.23,1.3,11.11,-3.18,-27.98,19760000.0,2506000000.0,2506000000.0
bj920786,920786,bj,骑士乳业,7.0,-4.11,5.88,0.68,20.35,1.88,-0.85,-2.37,21.53,-6.54,-28.13,58220000.0,1463000000.0,966000000.0
sz300088,300088,sz,长信科技,6.99,-4.38,4.11,0.79,101.62,2.04,-10.27,-9.1,0.58,-0.85,16.31,715000000.0,17459000000.0,17374000000.0
sh603326,603326,sh,我乐家居,6.99,0.0,1.1,0.58,15.58,2.01,2.04,3.1,19.28,-4.77,-19.19,24550000.0,2231000000.0,2231000000.0
sz300942,300942,sz,易瑞生物,6.98,3.87,9.22,5.08,413.98,3.44,1.75,1.9,18.1,4.57,-25.63,268620000.0,2827000000.0,2827000000.0
bj920553,920553,bj,凯腾精工,6.98,-0.57,1.39,0.33,36.72,2.86,-4.77,1.16,12.76,-5.93,-29.35,9120000.0,1002999999.9999999,655000000.0
sz300253,300253,sz,卫宁健康,6.97,-2.79,2.39,0.71,-42.02,2.85,-8.65,-11.44,2.8,-11.1,-20.98,309420000.0,15343000000.0,12927000000.000002
sh600876,600876,sh,凯盛新能,6.97,-2.11,0.56,0.75,-3.94,1.64,-1.13,-1.97,7.07,-20.52,-29.31,15460000.0,4500000000.0,2758000000.0
sh600373,600373,sh,中文传媒,6.97,0.14,0.54,0.78,44.08,0.53,-1.83,-4.39,-1.83,-6.06,-23.74,50660000.0,9391000000.0,9391000000.0
bj920768,920768,bj,拾比佰,6.97,-0.43,0.9,1.15,18.44,1.54,-2.38,-2.65,8.06,-11.66,-18.0,6720000.0,1083000000.0,749000000.0
bj920719,920719,bj,宁新新材,6.97,-2.52,2.82,1.29,-1.18,9.77,-9.6,-13.31,-7.07,-28.88,-45.97,14860000.0,649000000.0,518000000.0
sh603028,603028,sh,赛福天,6.96,-0.71,1.0,0.89,-39.33,4.3,-1.56,0.0,13.73,-13.65,-25.32,19900000.0,1998000000.0,1978000000.0
sh601019,601019,sh,山东出版,6.96,1.16,0.36,0.91,12.32,0.95,1.02,-1.56,-5.56,0.0,-17.24,51870000.0,14525000000.0,14525000000.0
sh600528,600528,sh,中铁工业,6.96,0.29,0.34,0.92,11.3,0.61,-1.0,-1.69,0.0,-5.31,-13.97,52230000.0,15462000000.0,15462000000.0
sz002354,002354,sz,天娱数科,6.95,-4.01,9.01,0.76,-362.2,6.66,-15.66,-16.97,10.49,-2.8,9.11,1029590000.0,11499000000.0,11308000000.0
sz000949,000949,sz,新乡化纤,6.95,0.43,3.48,1.01,40.21,1.7,3.27,4.51,20.24,2.21,26.82,399020000.0,11515000000.0,11513000000.0
sh603801,603801,sh,志邦家居,6.95,0.0,13.31,2.5,44.2,1.01,17.8,15.83,30.39,-1.56,-20.66,402310000.0,3019000000.0,3019000000.0
sh600138,600138,sh,中青旅,6.95,-0.14,0.7,0.83,62.64,0.8,-1.56,-2.8,0.0,-10.71,-29.4,35540000.0,5031000000.0,5031000000.0
sz002456,002456,sz,欧菲光,6.94,-2.12,1.74,0.66,-165.2,4.65,-3.61,-6.22,1.46,-22.54,-34.65,403460000.0,24262000000.0,23024000000.0
sz002249,002249,sz,大洋电机,6.94,-1.84,1.27,0.64,15.6,1.77,-8.08,-6.72,-0.72,-19.11,-35.17,165260000.0,17121000000.0,12935000000.0
sh600192,600192,sh,长城电工,6.94,0.43,1.97,0.96,-8.4,4.04,-3.07,-12.04,8.61,-6.59,-31.56,59790000.0,3066000000.0,3066000000.0
sz000821,000821,sz,ST京机,6.93,-0.43,1.35,1.17,76.07,1.03,-3.35,-4.68,-0.86,-20.5,-48.43,56680000.0,4317000000.0,4147999999.9999995
sz000705,000705,sz,浙江震元,6.93,-1.56,2.3,0.71,-49.3,1.19,-1.56,0.14,9.83,-1.0,-23.43,45060000.0,2315000000.0,1954000000.0
sh601200,601200,sh,上海环境,6.93,0.43,0.47,1.0,15.47,0.8,-0.72,-1.84,1.24,-7.78,-12.44,44110000.0,9329000000.0,9329000000.0
bj920873,920873,bj,中设咨询,6.93,0.0,1.05,1.08,-17.4,4.28,-2.39,-7.35,7.44,-16.0,-10.47,8640000.0,1063000000.0000001,830000000.0000001
sz301078,301078,sz,孩子王,6.92,-0.57,0.87,0.6,27.76,2.06,-4.68,-7.49,-1.0,-24.29,-32.91,75920000.0,8751000000.0,8733000000.0
sz002529,002529,sz,海源复材,6.92,-1.7,1.69,1.0,-10.62,31.55,-3.76,-1.7,9.49,-12.41,-0.29,30690000.0,1798999999.9999998,1798999999.9999998
sh605500,605500,sh,森林包装,6.92,-0.43,0.74,0.86,74.89,1.12,-1.28,-2.12,10.02,-21.63,-22.07,21260000.0,2868000000.0,2868000000.0
sh600409,600409,sh,三友化工,6.92,3.13,1.94,1.63,839.11,1.04,1.91,-0.14,8.46,11.79,12.34,276080000.0,14285000000.0,14285000000.0
sh600199,600199,sh,金种子酒,6.92,-0.86,2.31,0.82,-26.03,2.34,-7.36,-14.46,1.91,-19.06,-28.51,106130000.0,4552000000.0,4552000000.0
sz300388,300388,sz,节能国祯,6.91,0.88,0.89,0.82,12.44,0.98,-0.29,-0.14,3.44,-6.61,-13.02,41610000.0,4706000000.0,4706000000.0
sz002769,002769,sz,普路通,6.9,-1.29,1.59,1.06,164.64,2.17,-2.95,-1.71,8.49,-10.67,-41.2,41060000.0,2576000000.0,2574000000.0
sh600719,600719,sh,大连热电,6.9,-1.99,1.86,0.67,-717.65,7.77,-6.76,-11.65,-2.54,-28.42,5.83,52000000.0,2792000000.0,2792000000.0
sh600037,600037,sh,歌华有线,6.9,1.32,0.95,1.12,142.19,0.76,-1.43,-1.71,2.99,-4.83,-4.83,91000000.0,9603000000.0,9603000000.0
bj920445,920445,bj,龙竹科技,6.9,-0.14,1.34,0.29,46.01,3.29,-3.23,3.76,18.56,-11.2,-40.77,10070000.0,1022000000.0000001,745000000.0
sz002765,002765,sz,蓝黛科技,6.89,-2.27,1.11,0.91,29.62,1.71,-4.7,-2.82,9.37,-15.36,-48.27,45770000.0,4493000000.0,4104999999.9999995
sh600986,600986,sh,浙文互联,6.89,-2.41,2.38,0.62,-217.26,1.99,-11.89,-14.2,0.58,-22.06,-11.89,243650000.0,10248000000.0,10248000000.0
sz300449,300449,sz,汉邦高科,6.88,-2.13,1.61,0.81,-34.22,9.55,-5.36,-4.31,9.03,-11.34,-9.71,42840000.0,2656000000.0,2656000000.0
sz000917,000917,sz,电广传媒,6.88,-2.55,1.49,0.52,235.85,0.95,-5.23,-3.64,4.4,-13.24,-32.88,145210000.0,9753000000.0,9752000000.0
sz000006,000006,sz,深振业Ａ,6.88,-2.55,1.17,0.78,-1056.17,1.73,-6.14,0.44,8.52,-24.4,-30.85,109820000.0,9288000000.0,9288000000.0
sz300303,300303,sz,聚飞光电,6.87,-3.24,2.58,0.78,34.1,2.65,-7.66,-5.11,0.29,-21.4,2.22,236040000.0,9733000000.0,9128000000.0
sh600126,600126,sh,杭钢股份,6.87,1.33,2.01,0.79,337.51,1.19,-4.05,2.54,11.35,-12.43,-15.76,468900000.0,23201000000.0,23201000000.0
sz002908,002908,sz,德生科技,6.86,-1.15,1.37,0.97,-112.74,2.8,-3.52,-5.9,8.37,-6.67,-34.54,30530000.0,2960000000.0,2231000000.0
sz000876,000876,sz,新 希 望,6.86,-0.58,0.58,0.58,-9.88,1.64,-1.01,-4.06,0.44,-13.05,-25.6,177480000.0,30889000000.0,30870000000.0
sh601288,601288,sh,农业银行,6.86,1.18,0.12,0.87,8.16,0.86,6.19,6.19,2.08,8.54,-9.14,2593980000.0,2400884000000.0,2190015000000.0002
sh600843,600843,sh,上工申贝,6.85,-1.01,1.18,0.88,-42.11,1.8,-4.73,-4.46,5.55,-11.04,-45.37,37730000.0,4885000000.0,3214000000.0
sh600015,600015,sh,华夏银行,6.85,2.09,0.55,1.22,4.02,0.34,3.95,1.33,2.39,7.2,6.2,576200000.0,109017000000.0,105402000000.0
sz300636,300636,sz,同和药业,6.83,-1.73,1.29,0.59,40.35,1.21,-3.8,-3.12,3.48,-0.15,-8.57,32280000.0,2868000000.0,2509000000.0
sz300133,300133,sz,华策影视,6.83,-1.16,2.34,0.81,53.25,1.72,-4.87,-6.44,6.06,-19.08,-17.8,265270000.0,12805000000.000002,11365000000.0
sh601065,601065,sh,江盐集团,6.83,1.19,0.61,1.17,21.69,0.99,0.44,-1.59,2.4,-9.66,-16.5,26780000.0,4390000000.0,4390000000.0
sh600839,600839,sh,四川长虹,6.83,0.0,0.89,0.5,42.5,2.09,-4.74,-1.59,2.4,-4.34,-24.45,281880000.0,31529000000.000004,31520000000.0
sh600551,600551,sh,时代出版,6.83,-0.44,0.38,0.71,11.55,0.79,-1.73,-1.87,1.79,-3.53,-13.76,17660000.0,4631000000.0,4631000000.0
sz002753,002753,sz,永东股份,6.82,2.25,2.02,1.01,275.59,1.11,6.07,8.43,15.4,6.81,-3.74,40300000.0,2924000000.0,2017000000.0000002
sh600510,600510,sh,黑牡丹,6.82,-0.44,1.28,1.78,83.32,0.67,2.25,1.19,11.26,-20.21,-18.49,91000000.0,7038000000.0,7038000000.0
sh600158,600158,sh,中体产业,6.82,-0.73,1.75,0.82,-34.13,2.73,-3.94,-6.06,1.79,-39.54,-21.88,114670000.0,6544000000.0,6544000000.0
bj920371,920371,bj,欧福蛋业,6.82,-7.96,2.41,0.74,26.5,2.32,-6.32,-5.67,4.28,-16.52,-33.53,32800000.0,1401000000.0,1329000000.0
sz002349,002349,sz,精华制药,6.81,-1.59,1.52,0.66,25.39,2.05,-4.35,-1.16,1.49,-3.4,-5.02,84810000.0,5660000000.0,5545000000.0
sz300532,300532,sz,今天国际,6.8,-1.88,0.84,0.79,19.92,2.47,-3.82,-5.95,1.8,-2.44,-17.79,34830000.0,4322000000.0,4111000000.0
sz003016,003016,sz,欣贺股份,6.8,-1.45,0.8,0.87,95.95,1.06,-3.55,-2.44,7.09,-6.72,-29.82,22360000.0,2860000000.0,2794000000.0
sz002646,002646,sz,天佑德酒,6.8,0.44,0.84,0.81,-219.96,1.13,-2.44,-5.69,5.75,-12.09,-21.34,27000000.0,3239000000.0,3236999999.9999995
sz002331,002331,sz,皖通科技,6.8,-0.87,1.45,0.8,-8.59,2.02,-3.27,-4.49,2.72,-19.43,-23.77,39800000.0,2913000000.0,2734000000.0
sz002065,002065,sz,东华软件,6.8,-1.59,0.91,0.58,45.03,1.78,-6.98,-8.72,0.29,-7.86,-25.27,179380000.0,21797000000.0,19774000000.0
sh688238,688238,sh,和元生物,6.8,-6.59,7.58,1.0,-19.3,3.26,-7.36,-5.16,19.51,17.04,2.1,340370000.0,4413000000.0,4403000000.0
bj920378,920378,bj,泰德股份,6.8,-1.45,0.28,0.39,46.53,2.76,-4.76,-7.36,-2.58,-12.6,-31.03,2110000.0,1058000000.0,757000000.0
bj920375,920375,bj,派诺科技,6.8,-1.31,1.42,0.59,182.88,1.35,-6.85,-11.23,-7.86,-24.44,-26.88,8880000.0,1034000000.0,618000000.0
sz300219,300219,sz,鸿利智汇,6.78,-2.16,1.71,0.95,47.32,1.89,-4.37,-2.16,7.62,-13.74,-4.64,81900000.0,4800000000.0,4791000000.0
sz002469,002469,sz,三维化学,6.78,4.47,6.9,2.17,43.29,1.72,7.45,15.7,23.72,8.13,-16.81,287930000.0,4399000000.0,4265000000.0
sh603636,603636,sh,南威软件,6.78,-1.31,1.13,0.61,-8.52,2.13,-8.38,-10.44,10.42,-27.02,-42.74,44310000.0,3935000000.0,3935000000.0
sh601236,601236,sh,红塔证券,6.78,0.3,0.18,0.87,28.57,1.29,-2.16,-3.83,-2.45,-1.17,-15.57,58080000.0,31820000000.0,31820000000.0
sh600579,600579,sh,中化装备,6.78,-2.59,0.8,0.79,-25.91,2.2,-6.35,-7.5,-3.42,2.57,-18.31,27040000.0,3347000000.0,3347000000.0
sh600351,600351,sh,亚宝药业,6.78,-1.31,2.83,0.57,14.52,1.66,-5.31,-2.59,3.51,9.18,10.42,132660000.0,4692000000.0,4692000000.0
sh600032,600032,sh,浙江新能,6.76,0.15,0.53,0.72,36.09,1.27,-4.65,-11.63,-8.4,-36.12,-8.44,85780000.0,16256000000.0,16256000000.0
sz002376,002376,sz,新北洋,6.75,0.45,1.4,0.52,59.97,1.48,-3.71,3.85,9.4,3.21,-10.29,74140000.0,5471000000.0,5315000000.0
sz300030,300030,sz,阳普医疗,6.74,-1.32,3.15,0.81,69.28,3.2,-3.3,-2.18,10.49,-3.3,-8.42,57990000.0,2084000000.0,1835000000.0000002
sz002566,002566,sz,益盛药业,6.74,-0.74,3.2,0.81,67.02,1.0,-1.89,-0.74,5.64,-4.4,-10.73,49900000.0,2231000000.0,1562000000.0
sz002383,002383,sz,合众思壮,6.74,-1.17,0.91,0.79,-31.09,3.32,-6.39,-5.07,2.59,-13.26,-46.47,45560000.0,4990000000.0,4990000000.0
sh605368,605368,sh,蓝天燃气,6.73,0.6,0.45,0.87,20.4,1.45,2.28,0.3,1.66,-3.03,-12.82,21560000.0,4809000000.0,4809000000.0
sh600195,600195,sh,中牧股份,6.73,0.3,0.51,0.58,52.27,1.22,1.97,0.9,6.15,2.76,-13.93,34840000.0,6872000000.0,6872000000.0
sz000430,000430,sz,张家界,6.72,1.66,2.97,1.28,-26.18,2.99,1.66,2.44,9.62,-10.52,-13.4,74240000.0,5441000000.0,2490000000.0
sz000058,000058,sz,深 赛 格,6.72,0.3,0.41,0.68,118.34,4.12,-1.9,-0.59,8.74,-7.18,-28.33,26770000.0,8273999999.999999,6617000000.0
sh603980,603980,sh,吉华集团,6.72,1.51,2.32,0.73,46.28,1.17,-4.68,-3.03,13.71,23.01,37.34,104970000.0,4548000000.0,4548000000.0
sz300441,300441,sz,鲍斯股份,6.71,-1.61,0.74,0.43,25.87,1.74,-2.33,-3.45,0.75,7.7,-10.35,30910000.0,4324000000.0,4200000000.0
sz300147,300147,sz,*ST香雪,6.71,-2.47,1.0,0.71,-3.13,-9.41,-7.32,-11.83,4.19,-32.36,-26.26,44780000.0,4437000000.0,4411000000.0
sz300640,300640,sz,德艺文创,6.7,-1.9,2.46,0.61,202.6,2.59,-1.47,-3.87,15.52,2.06,-13.16,36300000.0,2084000000.0,1479000000.0
sz000503,000503,sz,国新健康,6.7,-2.47,1.41,0.59,-16.12,6.84,-7.07,-11.14,2.76,-6.03,-24.55,92860000.0,6561000000.0,6561000000.0
sh601212,601212,sh,白银有色,6.7,10.02,2.95,1.15,-88.4,3.12,18.17,13.56,37.58,6.86,14.53,1457890000.0,49612000000.0,49612000000.0
sh601007,601007,sh,金陵饭店,6.7,-0.15,1.03,0.79,40.01,1.67,0.0,-0.3,4.85,0.22,-12.7,26850000.0,2613000000.0,2613000000.0
sh600305,600305,sh,恒顺醋业,6.7,1.67,0.83,1.06,48.11,2.22,-1.62,-3.74,0.75,-6.16,-14.1,60900000.0,7401000000.000001,7390000000.000001
sz002799,002799,sz,环球印务,6.69,-1.04,1.15,0.83,-283.33,1.67,-2.34,-1.04,10.58,-10.08,-21.57,24570000.0,2141000000.0,2141000000.0
sz002521,002521,sz,齐峰新材,6.69,-0.3,0.73,0.61,21.88,0.95,-2.05,-5.77,-2.05,-10.92,-17.91,20490000.0,3747000000.0,2804000000.0
sz002327,002327,sz,富安娜,6.69,2.14,1.22,1.66,16.17,1.62,2.14,0.75,6.7,3.8,5.77,40040000.0,5579000000.0,3285000000.0
sz002037,002037,sz,保利联合,6.69,-1.04,0.74,0.68,-3.71,3.15,-3.6,-11.62,10.95,-9.72,-29.58,24140000.0,3236999999.9999995,3236999999.9999995
bj920729,920729,bj,永顺生物,6.69,-3.6,1.71,0.59,47.58,2.83,-1.47,-2.76,7.21,-6.3,-21.75,8990000.0,1828000000.0,519000000.00000006
bj920395,920395,bj,朗鸿科技,6.69,-2.9,0.34,0.75,28.3,4.64,-6.17,-7.21,-0.45,-20.17,-40.44,2450000.0,1021000000.0000001,703000000.0
sz002677,002677,sz,浙江美大,6.68,-1.76,0.96,0.96,648.15,2.95,-5.38,-3.75,3.57,-5.03,-19.85,35460000.0,4316000000.0,3684000000.0000005
sz000156,000156,sz,华数传媒,6.67,0.3,0.35,0.79,29.24,0.83,-2.06,-2.91,0.76,-4.03,-11.89,40290000.0,12359000000.0,11338000000.0
sh603617,603617,sh,君禾股份,6.67,-1.33,1.16,0.8,54.67,1.69,-4.03,-7.49,9.17,-6.58,-10.95,30050000.0,2600000000.0,2579000000.0
sh600746,600746,sh,江苏索普,6.67,1.21,1.11,1.13,119.11,1.44,1.37,-4.03,8.28,4.71,-2.49,85900000.0,7790000000.000001,7790000000.000001
sz300796,300796,sz,贝斯美,6.66,-0.6,1.08,1.06,-506.24,1.4,-1.19,-1.77,8.47,-8.89,-23.18,26000000.0,2405000000.0,2400000000.0
sz300369,300369,sz,绿盟科技,6.66,-3.76,3.52,0.54,-129.88,2.11,-15.16,-11.32,5.71,2.78,-10.96,189890000.0,5399000000.0,5379000000.0
sz000505,000505,sz,京粮控股,6.66,-1.19,13.24,1.16,-17.88,1.69,7.94,14.04,24.02,12.88,-21.74,558010000.0,4841000000.0,4211999999.9999995
sz000060,000060,sz,中金岭南,6.66,-0.3,2.51,1.1,28.65,1.5,-1.04,-4.03,6.22,-13.0,14.93,743040000.0,29577999999.999996,29577999999.999996
sh600797,600797,sh,浙大网新,6.66,-1.48,1.27,0.6,-68.67,2.14,-7.63,-10.72,-1.91,-5.26,-32.59,86690000.0,6843000000.000001,6843000000.000001
sh600271,600271,sh,航天信息,6.66,-0.75,0.57,0.94,-17.8,0.95,-3.48,-5.53,-0.15,-9.76,-43.03,70390000.0,12340000000.0,12340000000.0
sh688597,688597,sh,煜邦电力,6.65,-1.48,1.32,0.69,47.44,2.81,-7.89,-2.64,12.52,-15.5,-19.0,29590000.0,2235000000.0,2235000000.0
sh601901,601901,sh,方正证券,6.65,-1.04,0.67,1.45,12.85,1.06,-2.44,-4.67,-5.22,-2.44,-13.82,370290000.0,54742999999.99999,54742999999.99999
sh600814,600814,sh,杭州解百,6.65,-0.3,0.45,0.66,21.43,1.3,-1.48,-1.19,5.39,-7.46,-17.04,22290000.0,4888000000.0,4888000000.0
sh600313,600313,sh,农发种业,6.65,2.31,13.08,1.0,105.66,3.17,7.95,13.1,21.35,9.9,3.41,940720000.0,7723000000.0,7197000000.0
sz002561,002561,sz,徐家汇,6.64,-0.3,0.73,0.69,-61.03,1.29,-2.5,-2.06,5.4,-9.29,-24.37,20030000.0,2761000000.0,2752000000.0
sh600736,600736,sh,苏州高新,6.64,-0.45,1.48,0.72,35.41,1.03,-3.35,-0.75,8.32,-5.57,-1.51,112280000.0,7645000000.0,7645000000.0
sh600597,600597,sh,光明乳业,6.64,0.3,0.5,0.7,-40.93,1.0,-1.48,-3.49,0.45,-4.46,-17.92,46110000.0,9153000000.0,9153000000.0
sh600011,600011,sh,华能国际,6.64,0.61,0.48,0.66,8.88,1.62,-3.63,-5.01,-7.0,-21.61,-5.95,347690000.0,104234999999.99998,73025000000.0
sz300163,300163,sz,先锋新材,6.63,-1.34,4.6,0.62,91.8,5.72,-4.47,-1.78,33.94,2.63,63.7,136960000.0,3143000000.0,3027000000.0
sz002093,002093,sz,国脉科技,6.63,0.0,0.68,0.68,100.34,1.77,-3.91,-4.88,1.69,-9.3,-42.05,44980000.0,6680000000.0,6680000000.0
sz000630,000630,sz,铜陵有色,6.63,0.61,2.44,0.97,33.81,2.41,-2.36,-3.91,7.63,-3.21,11.24,1793620000.0,88905000000.0,73878000000.0
sh600901,600901,sh,江苏金租,6.63,1.38,0.68,1.04,11.34,1.49,0.15,1.84,1.22,9.05,11.43,259640000.0,38400000000.0,38391000000.0
sh600354,600354,sh,敦煌种业,6.63,3.11,17.03,0.8,114.28,4.68,4.41,6.08,13.92,20.77,2.47,591160000.0,3499000000.0,3499000000.0
sz002687,002687,sz,乔治白,6.62,7.82,7.7,1.12,40.5,2.19,2.0,21.69,37.34,56.21,39.72,202710000.0,3342000000.0,2738000000.0
sz002300,002300,sz,太阳电缆,6.62,-1.49,1.69,0.57,61.07,2.58,-8.94,-16.2,-11.26,-21.93,-27.49,80650000.0,4782000000.0,4782000000.0
sz002120,002120,sz,韵达股份,6.62,0.3,0.85,0.98,14.35,0.93,-1.78,-2.65,-1.49,-1.21,1.21,158930000.0,19193000000.0,18636000000.0
sh603335,603335,sh,迪生力,6.62,-1.63,2.36,1.01,55.26,10.04,-2.22,-4.06,15.73,-9.93,17.58,67400000.0,2834000000.0,2834000000.0
sh600698,600698,sh,湖南天雁,6.62,0.61,3.34,1.67,-232.47,9.55,-7.15,-8.31,-6.5,-2.36,-26.77,185490000.0,7073999999.999999,5498000000.0
bj920263,920263,bj,中航泰达,6.62,-2.65,0.42,0.94,-24.69,1.74,-6.5,-8.94,0.3,-21.75,-46.91,2900000.0,935000000.0,679000000.0
sh601598,601598,sh,中国外运,6.61,1.38,0.35,1.31,11.68,1.17,0.46,-1.05,6.27,11.75,11.94,120830000.0,47418000000.0,34091000000.000004
sz300933,300933,sz,中辰股份,6.6,5.26,4.4,2.89,-304.5,1.7,-0.75,-4.21,9.82,-13.61,-20.39,157900000.0,3611000000.0,3611000000.0
sz002166,002166,sz,莱茵生物,6.6,-2.08,1.29,0.66,31.61,1.57,-3.51,-3.51,2.33,-20.39,-20.98,63080000.0,4895000000.0,4875000000.0
sz002012,002012,sz,凯恩股份,6.6,-1.93,1.77,0.76,100.3,1.99,-0.9,-0.9,9.82,-15.6,2.66,54750000.0,3086000000.0,3086000000.0
sz000711,000711,sz,ST京蓝,6.6,2.48,5.55,0.93,-273.53,26.7,12.82,14.19,29.67,6.8,285.96,854870000.0,19493000000.0,15556000000.0
sh600630,600630,sh,龙头股份,6.6,-0.9,1.62,0.86,52.27,3.52,-2.37,-2.24,7.47,-13.96,-26.59,45460000.0,2804000000.0,2804000000.0
sh600100,600100,sh,同方股份,6.6,-1.2,0.53,0.8,66.7,1.41,-4.49,-7.04,-4.07,-16.93,-25.63,118180000.0,22112000000.0,22112000000.0
sz002406,002406,sz,远东传动,6.59,-1.05,1.48,0.7,23.82,1.22,-4.22,-3.94,4.27,-22.92,-13.74,54810000.0,4812000000.0,3704999999.9999995
sz002598,002598,sz,ST章鼓,6.58,0.46,0.44,0.78,34.52,1.68,-1.94,-2.23,5.11,-9.99,-37.87,8270000.0,2053000000.0,1885000000.0000002
sz300050,300050,sz,世纪鼎利,6.57,-4.23,4.24,0.77,278.84,8.63,1.08,3.96,24.67,-8.37,18.81,153040000.0,3579999999.9999995,3577000000.0000005
sh601990,601990,sh,南京证券,6.57,0.15,0.25,0.92,26.42,1.24,-1.79,-2.81,-2.09,-0.76,-16.2,68290000.0,28906000000.0,27802000000.0
sz300883,300883,sz,龙利得,6.56,0.15,4.28,1.01,-182.42,1.61,5.64,9.88,28.88,2.5,-2.81,92480000.0,2270000000.0,2169000000.0
sh601665,601665,sh,齐鲁银行,6.56,0.61,0.55,0.71,6.84,0.81,3.47,5.13,6.32,10.22,19.47,223220000.0,40369000000.0,40369000000.0
sz300427,300427,sz,红相股份,6.55,0.92,6.7,1.46,-107.03,2.77,-7.88,-9.53,1.55,-28.1,-46.53,222990000.0,3331000000.0,3295000000.0000005
sh600359,600359,sh,新农开发,6.55,-0.15,3.86,0.6,-165.85,3.71,3.97,5.48,16.34,3.15,-8.39,96170000.0,2499000000.0,2499000000.0
sz300472,300472,sz,*ST新元,6.54,-3.11,0.98,0.93,-5.22,78.28,-3.68,-5.49,3.97,-20.24,-15.06,15970000.0,1800000000.0,1607999999.9999998
sz002817,002817,sz,黄山胶囊,6.54,-2.24,1.8,1.06,32.84,2.01,-1.51,-0.3,12.56,-5.49,-13.34,34340000.0,1955999999.9999998,1898999999.9999998
sz002200,002200,sz,交投生态,6.54,-2.39,1.75,0.79,33.14,2.2,-6.3,-4.25,3.97,-9.67,-12.92,22520000.0,2950000000.0,1280000000.0
sh600273,600273,sh,嘉化能源,6.54,-2.97,2.34,2.15,13.7,0.86,-4.66,-5.63,-3.68,-10.41,-23.0,199710000.0,8576000000.000001,8576000000.000001
sz300057,300057,sz,万顺新材,6.53,-0.31,2.67,0.85,-42.04,1.28,-2.39,-0.76,7.58,-20.66,14.96,144790000.0,6553000000.0,5426000000.0
sz002627,002627,sz,三峡旅游,6.53,0.31,1.66,1.6,74.97,1.56,1.24,-1.8,10.68,-10.08,-11.42,75720000.0,4608000000.0,4559000000.0
sz002340,002340,sz,格林美,6.53,0.15,1.23,0.87,20.94,1.56,-3.12,-5.5,-0.91,-15.25,-20.99,409920000.0,33318000000.0,33145999999.999996
sh688602,688602,sh,康鹏科技,6.53,-3.55,1.18,1.1,-24.94,1.26,-6.71,-3.12,6.7,-5.36,-24.77,40070000.0,3392000000.0,3392000000.0
sz002036,002036,sz,联创电子,6.52,-0.61,3.51,0.9,-4.95,10.25,-7.12,-10.81,-9.82,-29.21,-40.83,245040000.0,6895999999.999999,6881999999.999999
bj920556,920556,bj,雅达股份,6.52,-2.1,1.63,1.3,47.39,2.04,-3.83,-4.82,2.03,-17.26,-34.67,12490000.0,1047000000.0000001,759000000.0
sz002449,002449,sz,国星光电,6.51,-7.92,7.35,2.95,-46.61,1.08,-1.21,0.77,7.6,-19.63,-23.05,300000000.0,4026000000.0,4026000000.0
sz000919,000919,sz,金陵药业,6.51,-1.96,3.16,0.59,68.7,1.08,-4.82,-1.06,5.85,4.33,-17.07,128510000.0,4049000000.0,4047999999.9999995
sz000089,000089,sz,深圳机场,6.51,1.88,1.04,1.56,14.06,1.11,0.31,-0.76,0.15,-1.96,-4.69,137810000.0,13351000000.0,13351000000.0
sz300591,300591,sz,万里马,6.5,-2.55,5.29,0.43,-19.46,15.42,-19.05,-19.05,-4.41,-16.56,-34.48,121860000.0,2637000000.0,2278000000.0
sz002550,002550,sz,千红制药,6.5,-3.42,2.55,0.49,28.34,3.04,-9.22,-4.83,-3.56,2.69,-15.72,159840000.0,8319000000.0,6198000000.0
sz002334,002334,sz,英威腾,6.5,0.62,1.86,1.32,37.22,1.78,-3.42,-3.13,3.5,-23.62,-27.46,89320000.0,5330000000.0,4778000000.0
sz301558,301558,sz,三态股份,6.49,-1.22,1.78,0.76,104.74,3.7,-3.57,-2.84,3.18,-7.15,-20.37,25420000.0,5120000000.0,1424000000.0
sh603116,603116,sh,红蜻蜓,6.49,3.67,1.54,1.4,-27.69,1.56,2.2,7.27,26.26,-7.68,9.81,57060000.0,3740000000.0,3740000000.0
sh600987,600987,sh,航民股份,6.49,0.78,0.45,0.76,9.2,0.98,-2.11,-4.7,-0.15,-0.76,-2.26,30090000.0,6625000000.0,6625000000.0
sh600676,600676,sh,久事动娱,6.49,-1.67,0.67,1.08,-19.77,1.4,-3.71,-7.29,-4.7,-3.28,10.37,45300000.0,6675000000.0,6675000000.0
sz300670,300670,sz,大烨智能,6.47,1.73,4.21,1.05,-12.98,4.66,-3.86,4.52,18.28,-7.83,-9.0,60720000.0,2050000000.0,1454000000.0
sz002673,002673,sz,西部证券,6.47,0.15,0.39,0.89,16.55,0.96,-3.14,-3.86,-2.12,-0.46,-17.05,112650000.0,28918000000.0,28918000000.0
sh601728,601728,sh,中国电信,6.47,0.62,0.13,0.79,19.9,1.25,-2.12,3.19,5.72,8.58,4.2,650260000.0,592051000000.0,502264000000.00006
sh600318,600318,sh,新力金融,6.46,-0.15,1.35,0.75,77.76,2.99,-2.71,-2.86,4.7,-3.87,-27.9,44520000.0,3311999999.9999995,3311999999.9999995
sz002264,002264,sz,新 华 都,6.45,-0.92,1.93,0.56,29.0,2.31,-2.86,-3.15,4.54,-4.03,-26.13,80920000.0,4643000000.0,4197999999.9999995
sh601727,601727,sh,上海电气,6.45,-1.23,0.32,0.88,77.44,1.83,-4.44,-5.84,-2.06,-19.84,-24.97,258660000.0,100234000000.0,81371000000.0
bj920021,920021,bj,流金科技,6.45,-1.83,2.66,0.72,128.93,3.09,-7.06,-12.6,4.54,-25.73,-3.8,42830000.0,1993000000.0,1597000000.0
sz002363,002363,sz,隆基机械,6.44,0.0,0.97,0.97,40.78,1.25,-1.68,-1.53,7.15,-8.0,-35.73,25900000.0,2680000000.0,2677000000.0
sz002277,002277,sz,友阿股份,6.44,10.09,5.96,5.55,-27.31,1.4,10.46,12.0,21.05,-6.4,-7.47,530370000.0,8978000000.0,8978000000.0
sz000676,000676,sz,智度股份,6.44,-0.46,3.15,0.45,56.62,1.89,-8.0,-13.9,-9.55,11.81,-25.38,254350000.0,8113000000.0,8108000000.0
sh600382,600382,sh,广东明珠,6.44,2.55,2.24,1.4,23.66,1.49,0.94,-1.38,9.52,-20.98,-4.47,99660000.0,4472000000.0,4472000000.0
sz002197,002197,sz,证通电子,6.43,-2.28,3.3,0.79,-10.68,2.24,-10.69,-11.68,-6.27,-1.53,-36.46,113550000.0,3950000000.0,3434000000.0000005
sz300086,300086,sz,康芝药业,6.42,-3.02,3.27,0.75,-12.58,3.29,-6.55,-6.28,3.22,-2.28,-46.63,93160000.0,2922000000.0,2829000000.0
sz002103,002103,sz,广博股份,6.42,-0.93,0.99,0.68,24.81,2.64,-3.46,-5.17,5.59,-8.81,-29.61,24600000.0,3429999999.9999995,2492000000.0
sz000908,000908,sz,石药景峰,6.42,-4.04,2.33,0.72,-266.09,5.41,-9.58,-7.63,0.47,-9.7,30.46,133240000.0,11296000000.0,5648000000.0
sz000019,000019,sz,深粮控股,6.42,0.94,5.87,0.56,34.12,1.51,1.42,3.38,7.9,1.42,-6.0,157030000.0,7398999999.999999,2672000000.0
sh600906,600906,sh,财达证券,6.42,-0.16,1.15,1.02,18.29,1.63,-3.17,-3.02,-5.73,-2.58,-2.58,157170000.0,20833000000.0,13638000000.0
sh600215,600215,sh,派斯林,6.42,-1.53,1.21,0.81,-8.22,1.2,-5.03,0.63,16.52,0.78,-10.21,35650000.0,2933000000.0,2933000000.0
sz000554,000554,sz,泰山石油,6.41,-1.08,3.87,0.88,18.11,2.72,0.0,-2.29,5.19,-3.67,0.25,88330000.0,3060000000.0,2303000000.0
sz000050,000050,sz,深天马Ａ,6.41,-1.99,0.69,0.71,-228.84,0.58,-4.19,-5.04,2.23,-15.88,-29.01,108030000.0,15613000000.0,15613000000.0
sz000721,000721,sz,西安饮食,6.4,-0.31,1.65,0.75,-25.43,35.38,-2.59,-5.19,9.03,-1.69,-28.49,54230000.0,3672999999.9999995,3279000000.0
sh600996,600996,sh,贵广网络,6.4,-2.74,1.05,0.86,-6.05,5.09,-6.16,-8.31,-2.14,-30.81,-36.25,84180000.0,7980000000.0,7980000000.0
sh600744,600744,sh,华银电力,6.4,0.16,2.71,0.55,90.07,10.08,-7.11,-17.21,-15.9,-29.36,8.84,349460000.0,12999000000.0,12999000000.0
sz300281,300281,sz,金明精机,6.39,0.31,1.66,1.1,-3074.51,2.16,-0.16,1.91,15.55,-12.23,-21.6,42380000.0,2677000000.0,2539000000.0
sz002724,002724,sz,海洋王,6.39,3.73,7.89,0.73,102.31,1.82,-11.0,17.03,23.84,20.34,-4.34,284930000.0,4930000000.0,3620000000.0000005
sh601199,601199,sh,江南水务,6.39,-1.08,0.9,0.48,16.57,1.29,0.47,5.45,15.97,10.36,16.61,53780000.0,5976000000.0,5976000000.0
sh600232,600232,sh,金鹰股份,6.39,1.27,1.6,1.38,63.62,2.42,-1.08,-1.69,13.7,-15.81,-19.22,37220000.0,2331000000.0,2331000000.0
sz002320,002320,sz,海峡股份,6.38,-0.16,0.56,0.88,78.63,3.54,-2.45,-6.31,-0.16,-16.27,-47.4,79760000.0,14263999999.999998,14263999999.999998
sz002238,002238,sz,天威视讯,6.38,5.98,1.8,3.12,-25.7,2.62,4.42,3.4,13.32,-2.3,-21.53,91090000.0,5120000000.0,5120000000.0
sz002135,002135,sz,东南网架,6.38,7.41,1.76,1.72,410.42,1.15,1.92,-0.16,9.43,-11.63,40.84,113210000.0,7117000000.0,6659999999.999999
sz002615,002615,sz,哈尔斯,6.37,-2.0,2.91,1.22,128.64,1.49,-5.77,-4.93,1.43,-18.12,-16.95,55850000.0,3565999999.9999995,1925000000.0
sz002038,002038,sz,双鹭药业,6.37,-10.03,15.01,3.87,-13.65,1.29,3.24,6.52,14.36,8.52,-13.45,842520000.0,6544000000.0,5427000000.0
sh600328,600328,sh,中盐化工,6.36,0.47,0.88,1.03,-95.48,0.79,1.44,-1.4,3.25,-5.71,-22.58,81800000.0,9326000000.0,9326000000.0
sz000881,000881,sz,中广核技,6.35,-1.55,0.6,0.75,-21.37,1.21,-3.93,-4.8,0.63,-13.84,-29.83,34470000.0,6003000000.0,5739000000.0
sh688189,688189,sh,ST南新,6.35,-2.31,1.09,0.6,-12.19,2.29,-8.37,-7.03,-5.93,-22.84,-20.33,19090000.0,1732000000.0,1732000000.0
sz300126,300126,sz,锐奇股份,6.34,-1.55,3.56,1.75,-32.08,1.96,-1.25,0.63,15.9,-7.31,-25.93,47520000.0,1927000000.0,1336000000.0
sz002400,002400,sz,省广集团,6.34,-1.4,2.72,0.44,138.87,2.21,-9.43,-8.65,4.79,-21.87,-28.48,296940000.0,11053000000.0,10944000000.0
sh603900,603900,sh,莱绅通灵,6.34,-1.25,7.99,3.34,25.6,1.09,3.43,-0.78,17.41,-5.51,-25.06,177610000.0,2174000000.0,2173000000.0
sz002797,002797,sz,第一创业,6.33,0.16,0.74,0.89,25.49,1.54,-2.91,-3.65,-2.31,-8.63,-6.88,197760000.0,26601000000.0,26601000000.0
sh601678,601678,sh,滨化股份,6.33,-2.16,4.04,0.79,55.3,1.31,-9.31,-14.8,-10.34,18.54,50.71,525140000.0,15249000000.0,12934000000.0
sz000952,000952,sz,广济药业,6.32,-0.94,1.91,0.8,-5.44,3.54,-1.71,2.1,15.33,-5.81,-10.1,41530000.0,2174000000.0,2174000000.0
sh603609,603609,sh,禾丰股份,6.32,0.96,0.38,0.99,-100.65,0.9,0.48,-2.17,2.6,-2.17,-10.86,21620000.0,5713000000.0,5713000000.0
sz000990,000990,sz,诚志股份,6.31,-1.25,2.01,0.74,55.7,0.6,-5.11,-8.82,0.73,-7.79,11.54,217620000.0,10735000000.0,10735000000.0
sh603717,603717,sh,天域生物,6.31,-0.63,2.85,0.65,-13.96,4.79,-1.1,-1.71,21.35,-4.25,-19.52,52080000.0,1830999999.9999998,1830999999.9999998
sh601128,601128,sh,常熟银行,6.31,1.12,1.16,1.01,5.3,0.73,3.44,2.94,1.28,-0.41,0.3,267230000.0,23020000000.0,23020000000.0
sh600302,600302,sh,ST标准,6.31,-2.32,0.65,0.53,-13.66,4.51,-9.6,-4.39,8.23,-41.36,-39.85,14070000.0,2183000000.0,2183000000.0
sh600116,600116,sh,三峡水利,6.31,3.1,1.39,1.67,15.75,1.05,-1.41,-3.96,-0.88,-7.83,-1.65,166290000.0,12066000000.0,12066000000.0
sh600098,600098,sh,广州发展,6.31,1.12,0.49,1.16,9.21,0.82,0.96,0.16,-0.32,-18.58,0.32,108690000.0,22122000000.0,22122000000.0
sz300507,300507,sz,苏奥传感,6.3,-0.79,0.64,0.67,53.29,2.34,-5.41,-5.55,2.11,-18.92,-31.0,31540000.0,5065000000.0,4904000000.0
sz300107,300107,sz,建新股份,6.3,-2.17,2.03,0.85,240.36,2.33,-2.93,-3.67,6.24,-2.17,-7.62,44560000.0,3546000000.0,2191000000.0
sz002996,002996,sz,顺博合金,6.3,0.64,1.31,0.85,18.26,1.3,-0.16,-0.94,4.13,-6.26,-15.45,37640000.0,4217000000.0,2888000000.0
sz000635,000635,sz,英 力 特,6.3,-0.32,1.18,0.95,-3.85,2.52,-2.63,-3.96,4.48,-9.48,-29.13,27210000.0,2483000000.0,2311000000.0
sh603633,603633,sh,徕木股份,6.3,-1.41,1.34,0.83,-13.23,1.54,-5.55,-1.1,10.53,-29.45,-37.81,35980000.0,2689000000.0,2689000000.0
sz002478,002478,sz,常宝股份,6.29,-0.32,4.42,1.29,15.66,0.95,-8.31,-2.02,2.95,-12.53,-23.95,196830000.0,5666000000.0,4547000000.0
sh688148,688148,sh,芳源股份,6.29,-0.32,3.18,0.93,35.38,8.69,-7.64,-15.0,-2.33,-26.86,-28.28,102560000.0,3209000000.0000005,3209000000.0000005
sh601139,601139,sh,深圳燃气,6.29,0.16,0.48,0.84,11.69,1.07,0.96,-1.72,-2.48,-0.47,-2.33,86590000.0,18095000000.0,18095000000.0
sh600810,600810,sh,神马股份,6.29,0.48,0.5,0.67,-39.28,0.99,-2.33,-3.82,-1.72,5.71,-30.03,33600000.0,6859999999.999999,6798000000.0
bj920275,920275,bj,驱动力,6.29,-1.1,0.42,0.41,438.56,4.38,-3.97,-7.77,5.01,-0.08,-27.58,3480000.0,1002000000.0,830000000.0000001
sz301296,301296,sz,新巨丰,6.28,-1.26,0.55,0.84,73.37,1.01,-2.94,-2.64,2.95,-6.96,-26.29,14960000.0,2685000000.0,2685000000.0
sz002405,002405,sz,四维图新,6.28,-0.63,1.33,0.91,133.43,1.69,-3.53,-5.56,0.48,-28.06,-30.3,196400000.0,14884000000.0,14794000000.0
sh601118,601118,sh,海南橡胶,6.28,2.11,4.13,1.21,-211.26,2.81,15.65,13.77,31.66,-1.57,7.35,1108990000.0,26875000000.0,26875000000.0
sz300264,300264,sz,佳创视讯,6.27,-2.49,2.68,0.94,-66.46,309.86,-8.87,-8.73,3.12,-23.91,-6.56,62820000.0,2701000000.0,2322000000.0
sz002746,002746,sz,仙坛股份,6.27,1.13,2.93,1.14,18.82,1.17,1.79,-4.57,6.09,8.29,6.81,128930000.0,5396000000.0,4450000000.0
sh600051,600051,sh,宁波联合,6.27,-0.63,1.05,0.64,25.71,0.57,-0.79,0.16,11.17,-5.29,-16.18,20400000.0,1948999999.9999998,1948999999.9999998
sh603321,603321,sh,梅轮电梯,6.26,-0.95,0.81,0.86,63.21,1.53,-1.73,-0.79,10.02,-3.84,-21.65,17380000.0,2184000000.0,2157000000.0
sh603169,603169,sh,兰石重装,6.26,-0.48,0.61,0.78,-13.51,3.08,-7.26,-9.41,-0.32,-20.25,-41.28,49450000.0,8177000000.0,8177000000.0
sh600333,600333,sh,长春燃气,6.26,-0.79,1.85,1.11,329.17,1.97,-0.16,0.97,9.63,11.19,13.2,70060000.0,3813000000.0000005,3813000000.0000005
sh600319,600319,sh,亚星化学,6.26,-0.79,2.97,2.83,-14.87,7.19,-0.48,0.48,18.11,-12.81,-32.54,73330000.0,2427000000.0,2427000000.0
sh600061,600061,sh,国投资本,6.26,0.16,0.39,1.02,11.89,0.75,-1.73,-2.64,-2.03,-0.41,-16.49,155690000.0,40027000000.0,40027000000.0
sz002700,002700,sz,万憬能源,6.25,-2.34,1.7,0.86,33.53,1.86,-2.34,3.14,7.76,-10.01,-6.51,43620000.0,2585000000.0,2559000000.0
sh688468,688468,sh,科美诊断,6.25,-0.64,0.57,0.7,65.4,1.77,-2.8,-1.57,9.65,-5.59,-14.85,14310000.0,2507000000.0,2507000000.0
sh600692,600692,sh,亚通股份,6.25,-0.79,3.24,0.99,82.04,2.26,0.32,1.46,14.89,-7.95,-10.84,51650000.0,2199000000.0,1594000000.0
sz002227,002227,sz,*ST特迅,6.24,-1.42,1.11,0.92,-20.87,1.72,-8.91,-0.64,5.76,-25.8,-48.17,17000000.0,1546000000.0,1535000000.0
sz300132,300132,sz,诺斯贝尔,6.22,-0.96,1.98,0.69,18.55,2.18,-3.72,-8.93,0.32,-19.43,-28.59,62410000.0,3213000000.0000005,3160000000.0
sz002591,002591,sz,恒大高新,6.22,-1.74,4.87,1.51,-124.91,2.92,-3.42,-1.43,11.87,-20.36,-23.4,67720000.0,1867000000.0000002,1390000000.0
sz300381,300381,sz,溢多利,6.21,-1.27,1.64,0.71,-365.22,1.22,-2.05,0.98,11.89,-3.42,-4.02,48630000.0,2982000000.0,2971000000.0
sz002650,002650,sz,ST加加,6.21,1.14,0.44,1.78,-53.4,3.95,0.65,-1.9,8.38,-13.75,-3.87,30470000.0,6875000000.0,6875000000.0
sz000731,000731,sz,四川美丰,6.21,1.47,1.48,0.85,-24.06,0.89,2.99,5.43,8.38,2.48,-5.05,50350000.0,3408000000.0,3408000000.0
sh603378,603378,sh,*ST亚士,6.21,1.31,3.66,1.34,-1.92,-16.0,10.7,11.89,22.73,15.0,-8.81,97870000.0,2662000000.0,2662000000.0
sz300062,300062,sz,中能电气,6.2,-0.32,3.46,0.72,-50.52,2.53,-7.88,-18.74,-13.41,-11.68,-25.57,97500000.0,3906000000.0,2842000000.0
sz002928,002928,sz,华夏航空,6.2,0.81,1.44,1.13,11.69,1.99,-2.97,-5.78,-0.96,-21.52,-43.89,113900000.0,7925000000.0,7925000000.0
sz002686,002686,sz,亿利达,6.2,-7.74,8.04,2.35,186.82,2.19,-0.16,-2.52,19.46,-1.74,-4.91,264700000.0,3511000000.0,3240999999.9999995
sz002388,002388,sz,新亚制程,6.2,2.31,9.6,1.22,-100.99,3.32,2.99,8.01,29.17,13.76,-2.82,298230000.0,3141000000.0,3139000000.0
bj920278,920278,bj,鹿得医疗,6.2,-1.43,0.94,0.53,78.4,2.81,-4.91,-2.97,1.97,-8.96,-30.42,5810000.0,1082000000.0,612000000.0
sz002498,002498,sz,汉缆股份,6.19,-1.28,1.18,0.53,36.07,2.37,-8.57,-11.7,-12.82,-23.96,63.32,242650000.0,20593000000.0,20593000000.0
sz002279,002279,sz,久其软件,6.19,-1.43,2.23,0.34,71.17,3.82,-10.55,-12.32,5.27,-6.92,-22.53,109680000.0,5337000000.0,4924000000.0
sh600595,600595,sh,中孚实业,6.19,0.0,1.55,0.71,8.89,1.36,-2.67,-8.57,-1.28,-11.57,-19.35,382540000.0,24809000000.0,24809000000.0
sz001322,001322,sz,箭牌家居,6.18,-1.59,0.39,0.82,109.18,1.29,-0.32,0.0,3.87,-6.65,-30.02,18960000.0,5967000000.0,4855000000.0
sh600057,600057,sh,厦门象屿,6.18,-0.48,0.56,0.75,13.44,1.14,-0.48,-2.83,-3.29,-0.96,-26.43,73350000.0,17545000000.0,12932000000.0
sz300213,300213,sz,佳讯飞鸿,6.17,-1.12,1.59,0.64,-24.35,1.79,-3.89,-4.34,8.44,-18.28,-35.19,54170000.0,3667000000.0,3409000000.0000005
sz002195,002195,sz,岩山科技,6.16,-2.69,1.55,0.81,426.92,3.54,-9.54,-12.0,-0.81,-19.67,-13.09,538420000.0,34906000000.0,34594000000.0
sz000953,000953,sz,中哲精化,6.16,-1.44,1.91,0.97,368.72,14.61,0.0,0.98,16.23,-4.64,-14.68,43280000.0,2255000000.0,2255000000.0
sz000601,000601,sz,韶能股份,6.16,-0.65,5.09,1.65,36.48,1.54,-3.9,-7.37,-4.05,-26.75,32.47,333330000.0,6555000000.0,6466000000.0
sh603528,603528,sh,多伦科技,6.16,-0.65,0.86,0.91,-82.36,2.31,-3.75,-3.45,5.66,-12.5,-36.3,37130000.0,4349000000.0,4349000000.0
sh600256,600256,sh,广汇能源,6.16,-1.12,2.41,1.22,22.24,1.58,3.88,6.39,13.65,-1.39,26.83,947240000.0,39375000000.0,39375000000.0
sz002274,002274,sz,华昌化工,6.15,5.67,6.85,2.52,-63.55,1.11,5.85,6.77,11.82,10.61,10.81,385350000.0,5857000000.0,5768000000.0
bj920866,920866,bj,绿亨科技,6.15,1.65,4.56,0.72,30.94,1.46,0.33,1.82,11.01,-6.99,-23.72,31910000.0,1108000000.0,702000000.0
sz000758,000758,sz,中色股份,6.14,1.15,1.59,1.15,25.05,2.0,0.33,-2.85,6.97,-7.6,-6.76,193240000.0,12217000000.0,12174000000.0
sz000683,000683,sz,博源化工,6.14,1.49,1.83,0.95,22.09,1.85,2.5,0.16,-0.65,-11.01,-14.01,373530000.0,22821000000.0,20499000000.0
sz000027,000027,sz,深圳能源,6.14,-0.16,0.33,1.0,14.6,0.89,-1.6,-3.61,-3.76,-22.47,-3.46,97140000.0,29210000000.000004,29210000000.000004
sh600278,600278,sh,东方创业,6.14,-0.32,0.37,0.98,28.95,0.71,-2.69,-3.0,1.82,-5.83,-18.46,19840000.0,5284000000.0,5284000000.0
sz300177,300177,sz,中海达,6.13,-0.65,1.89,1.27,-18.09,3.65,-4.81,-3.77,5.51,-16.6,-40.66,70120000.0,4562000000.0,3717000000.0
sz000800,000800,sz,一汽解放,6.13,0.0,0.31,1.33,37.96,1.15,-0.33,-1.45,-2.23,1.57,-8.98,93700000.0,30167000000.0,30164999999.999996
sh601988,601988,sh,中国银行,6.13,1.32,0.13,1.07,8.05,0.73,3.9,5.33,2.17,6.74,9.21,1655900000.0,1975162000000.0,1291993000000.0
sh601226,601226,sh,华电科工,6.13,0.33,0.62,0.89,38.12,1.66,-2.08,-3.01,6.06,-21.53,-21.33,44370000.0,7123999999.999999,7123999999.999999
sh603789,603789,sh,ST星农,6.12,0.16,1.0,0.92,-16.01,15.51,-4.23,-8.25,2.0,9.87,15.04,15770000.0,1623000000.0,1591000000.0
sz300393,300393,sz,中来股份,6.11,-1.77,2.2,1.26,-4.47,3.76,-5.12,-3.17,7.57,-34.86,-8.81,129020000.0,6658000000.0,5841000000.0
sz300276,300276,sz,三丰智能,6.11,-2.86,1.69,0.55,-41.89,4.89,-9.35,-11.58,-1.77,-25.03,-37.01,109450000.0,8559999999.999999,6459000000.0
sz300061,300061,sz,旗天科技,6.11,-3.17,2.13,0.95,-53.17,8.68,-8.4,-9.35,1.16,-34.23,-41.92,81490000.0,4026000000.0,3801000000.0
sz300426,300426,sz,华智数媒,6.1,-1.29,2.55,0.5,-9.49,17.85,-8.27,-6.15,15.53,-7.29,-20.98,62290000.0,2747000000.0,2440000000.0
sz002107,002107,sz,沃华医药,6.1,-2.4,1.57,0.72,29.69,5.51,-5.03,-1.34,4.22,-3.98,2.06,54780000.0,3521000000.0,3486000000.0
sz000978,000978,sz,桂林旅游,6.1,-0.16,1.37,0.99,232.51,2.67,0.16,-1.13,7.02,-8.27,-15.75,39170000.0,2856000000.0,2856000000.0
sh600628,600628,sh,新世界,6.1,-0.33,0.71,0.62,57.54,0.93,-2.71,-0.81,4.99,-4.39,-21.99,28100000.0,3946000000.0,3946000000.0
sh600583,600583,sh,海油工程,6.1,-0.33,0.98,0.5,12.98,0.93,8.73,9.91,10.31,12.67,15.22,262490000.0,26970000000.0,26970000000.0
sz300290,300290,sz,ST荣科,6.09,-2.25,3.03,0.65,-104.53,5.3,2.53,1.84,49.63,-45.36,-77.87,118210000.0,3896000000.0,3895000000.0000005
sz002696,002696,sz,百洋股份,6.09,2.35,5.18,0.68,124.87,1.57,-2.87,1.0,22.78,4.46,-13.25,104400000.0,2105999999.9999998,2036000000.0
sz000610,000610,sz,*ST西旅,6.09,0.5,1.03,0.91,-4.91,-12.76,1.5,3.4,15.12,-17.03,-51.12,14790000.0,1442000000.0,1434000000.0
bj920496,920496,bj,许昌智能,6.09,-1.46,0.85,0.86,102.18,1.79,-4.09,-6.74,0.33,-22.91,-39.04,7540000.0,1008000000.0,883000000.0
sz002148,002148,sz,北纬科技,6.08,-1.94,2.53,0.86,1475.6,2.77,-8.43,-7.32,3.93,-8.3,-31.69,69580000.0,3397000000.0,2742000000.0
sz000713,000713,sz,国投丰乐,6.08,3.4,3.63,0.75,77.22,1.57,2.88,3.58,9.16,3.93,-7.74,134540000.0,4853000000.0,3733000000.0
sh688033,688033,sh,*ST天宜,6.08,2.18,0.81,1.24,-1.53,2.58,-0.16,-1.62,-3.49,-21.95,-21.04,26870000.0,3418000000.0,3418000000.0
sh603535,603535,sh,嘉诚国际,6.08,-3.95,1.35,1.42,-159.6,1.25,-4.7,-5.74,2.88,-16.25,-43.12,42110000.0,3106000000.0,3106000000.0
sh601766,601766,sh,中国中车,6.08,0.66,0.47,0.73,12.53,0.99,1.84,3.93,4.83,7.61,-9.25,693160000.0,174489000000.0,147913000000.0
sh600821,600821,sh,金开新能,6.08,2.53,4.08,0.87,-312.2,1.33,-9.79,-7.18,-8.43,-25.03,19.22,493460000.0,11961000000.0,11961000000.0
bj920974,920974,bj,凯大催化,6.07,-0.82,0.84,0.8,29.35,1.51,-1.3,-2.57,5.75,-15.46,-23.07,6430000.0,994000000.0,762000000.0
sz002617,002617,sz,露笑科技,6.06,-1.62,3.05,0.71,62.58,1.8,-5.61,-5.02,2.19,-34.34,-25.19,346400000.0,11570000000.0,11378000000.0
sh600973,600973,sh,宝胜股份,6.06,-0.16,0.75,0.62,-492.32,2.45,-2.88,-3.81,3.41,-12.93,-16.99,62160000.0,8309999999.999999,8309999999.999999
sh600903,600903,sh,贵州燃气,6.06,-0.82,2.41,0.77,91.62,2.24,-3.96,-6.05,1.51,-35.09,-8.13,169280000.0,7054000000.000001,7054000000.000001
sh600226,600226,sh,亨通股份,6.06,-2.42,3.53,0.68,88.95,4.86,-6.77,0.17,5.57,-5.16,13.7,632740000.0,18025000000.0,18025000000.0
sz300240,300240,sz,飞力达,6.05,-0.49,2.17,0.63,503.49,1.56,3.42,5.4,19.09,2.54,-19.55,47470000.0,2248000000.0,2198000000.0
sh603982,603982,sh,泉峰汽车,6.05,-0.82,1.1,0.94,-6.46,1.04,-1.79,-0.66,13.08,-10.37,-27.72,22620000.0,2209000000.0,2054000000.0
sh603313,603313,sh,梦百合,6.05,-0.49,2.2,0.53,-32.37,1.02,-2.1,-3.51,5.77,6.14,-32.02,75250000.0,3452000000.0000005,3452000000.0000005
bj920639,920639,bj,晨光电缆,6.05,-1.63,0.73,0.68,59.72,1.46,-2.89,-4.27,1.17,-15.4,-23.23,5310000.0,1220000000.0,718000000.0
sz300008,300008,sz,天海防务,6.04,-0.98,1.51,0.51,30.48,4.26,-5.63,-5.63,-2.58,-7.76,-23.14,150600000.0,10437000000.0,9950000000.0
sz002531,002531,sz,天顺风能,6.04,-1.79,1.55,0.86,-47.24,1.25,-7.79,-9.99,-4.43,-45.24,-11.95,168010000.0,10853000000.0,10792000000.0
sz002212,002212,sz,天融信,6.04,-3.05,2.36,0.65,170.15,0.75,-7.65,-7.36,10.83,-8.76,-33.41,167310000.0,7123999999.999999,7048000000.0
sh600336,600336,sh,澳柯玛,6.04,-2.27,0.84,1.26,-16.37,2.34,-4.73,-5.33,3.6,-23.06,-26.52,40510000.0,4820000000.0,4820000000.0
sh600210,600210,sh,紫江企业,6.04,1.0,0.75,0.95,8.43,1.44,-0.33,-1.95,-0.66,-4.13,-13.71,68150000.0,9161000000.0,9161000000.0
sz002528,002528,sz,*ST英飞,6.03,7.1,4.0,2.11,-18.48,-33.26,24.07,30.52,34.3,45.65,125.0,249490000.0,7228000000.0,6333000000.0
sh603956,603956,sh,威派格,6.03,-6.94,3.69,0.77,-16.95,1.93,-17.85,-13.24,-1.63,5.98,-6.66,129600000.0,3436999999.9999995,3436999999.9999995
sh601186,601186,sh,中国铁建,6.03,0.5,0.22,0.87,4.65,0.3,-0.17,-2.27,-2.58,-1.15,-18.18,154380000.0,81885000000.0,69365000000.0
sh600493,600493,sh,凤竹纺织,6.03,-0.82,1.91,1.03,267.47,1.48,-1.31,-1.63,12.92,-6.1,-18.09,31330000.0,1639999999.9999998,1639999999.9999998
sh603357,603357,sh,设计总院,6.02,1.69,0.92,1.67,11.24,0.86,-0.17,-1.15,4.15,-11.21,-24.94,31030000.0,3374000000.0,3374000000.0
sz002719,002719,sz,ST麦趣,6.01,-3.69,2.05,1.19,-8.97,9.6,-1.64,-0.83,4.34,-19.87,-29.63,20170000.0,1047000000.0000001,973000000.0
sz002474,002474,sz,榕基软件,6.01,-1.31,2.36,0.33,-57.28,2.84,-7.82,-14.63,3.8,-9.08,-39.05,75080000.0,3739000000.0,3178000000.0
sh601999,601999,sh,出版传媒,6.01,-1.48,0.81,0.42,31.62,1.25,-3.38,-0.83,6.75,1.01,-11.75,26930000.0,3311000000.0,3311000000.0
sh600173,600173,sh,卧龙新能,6.01,-0.83,0.56,0.65,-16.6,1.18,-4.75,-4.6,-0.33,-13.9,-15.71,23860000.0,4210000000.0,4210000000.0
sz002948,002948,sz,青岛银行,6.0,0.84,0.92,0.78,6.4,0.83,4.71,3.45,4.17,10.91,39.53,194240000.0,34922000000.0,21133000000.0
sz000679,000679,sz,大连友谊,6.0,-0.5,1.18,0.66,-22.07,14.79,-3.54,-1.32,10.5,-8.26,-15.73,25340000.0,2138000000.0,2138000000.0
sz300040,300040,sz,九洲集团,5.99,3.28,7.23,1.28,87.84,1.48,-3.23,-10.33,-8.83,-20.98,-0.17,220860000.0,3854000000.0,3099000000.0
sz002485,002485,sz,ST雪发,5.99,0.34,0.45,1.03,-16.43,3.21,-1.64,3.63,14.31,25.84,42.62,14420000.0,3259000000.0000005,3259000000.0000005
sz002073,002073,sz,软控股份,5.99,0.84,4.28,1.82,15.62,0.95,6.02,5.09,10.11,5.83,-26.32,260080000.0,6136000000.0,6074000000.0
bj920832,920832,bj,齐鲁华信,5.99,-2.6,0.34,0.84,-67.97,1.15,-3.39,-6.26,2.22,-8.27,-16.57,2530000.0,831000000.0,742000000.0
sz300305,300305,sz,裕兴股份,5.98,-1.97,2.46,0.64,-9.07,1.16,-7.57,-3.08,21.79,-12.45,0.5,47090000.0,2245000000.0,1922000000.0
sz002141,002141,sz,贤丰控股,5.98,-7.29,13.37,0.78,540.33,7.65,-12.19,-11.01,4.36,80.66,60.32,840120000.0,6177000000.0,6177000000.0
sz002055,002055,sz,ST得润,5.98,-0.99,2.51,0.96,-136.03,2.6,3.46,7.55,11.15,-19.19,-11.28,89270000.0,3615000000.0,3531000000.0
sh600735,600735,sh,ST新华锦,5.98,-1.16,0.47,0.53,-19.72,2.4,-1.16,-8.98,-4.17,-16.94,25.89,12030000.0,2564000000.0,2544000000.0
sh600398,600398,sh,海澜之家,5.98,1.36,0.55,1.01,13.17,1.66,1.01,-2.13,-0.17,4.91,6.03,158320000.0,28720999999.999996,28720999999.999996
sz300639,300639,sz,凯普生物,5.97,-3.4,2.24,0.53,-382.56,1.01,-2.93,1.36,9.34,3.65,10.97,84850000.0,3860000000.0,3761999999.9999995
sz000571,000571,sz,新大洲A,5.97,-0.33,2.11,0.61,-32.75,332.24,-7.44,-16.15,-2.93,6.8,1.88,101520000.0,5010000000.0,4860000000.0
sh603126,603126,sh,中材节能,5.97,-0.33,0.76,0.79,111.24,1.78,-1.97,-2.13,5.11,-22.37,-11.03,27610000.0,3645000000.0000005,3645000000.0000005
sz300215,300215,sz,电科院,5.95,-1.16,0.76,0.58,155.77,2.24,-5.41,-6.59,0.17,-28.98,-6.42,33860000.0,4457000000.0,4457000000.0
sz300011,300011,sz,鼎汉技术,5.95,-1.0,0.96,0.48,-236.13,2.38,-1.49,-1.65,4.75,-8.18,-30.65,29080000.0,3603000000.0,3018000000.0
sz300732,300732,sz,设研院,5.94,-1.33,1.54,0.98,-12.11,0.8,-4.81,-4.04,8.0,-15.62,-20.8,33790000.0,2201000000.0,2199000000.0
sz002999,002999,sz,天禾股份,5.94,-0.83,2.07,0.73,38.24,1.71,-0.17,1.02,10.82,-3.41,-12.13,42310000.0,2064999999.9999998,2041000000.0
sz002560,002560,sz,通达股份,5.94,-1.33,3.21,0.9,34.76,1.63,-9.31,-9.17,-3.26,-35.15,-16.76,120930000.0,4368000000.0,3761999999.9999995
sz000565,000565,sz,渝三峡Ａ,5.93,-1.33,2.09,0.62,92.85,2.01,-1.17,-1.66,9.61,-12.47,-18.6,53870000.0,2571000000.0,2571000000.0
sz000153,000153,sz,丰原药业,5.92,-2.47,5.64,0.5,27.96,1.29,-2.47,1.37,11.28,6.09,-4.05,153630000.0,2751000000.0,2717000000.0
sz000592,000592,sz,平潭发展,5.91,-2.8,4.71,0.48,-95.85,6.44,-9.77,-11.92,1.55,-31.12,-61.62,534420000.0,11417000000.0,11318000000.0
sz300099,300099,sz,尤洛卡,5.9,-0.84,1.22,0.56,23.62,1.89,-5.9,-4.68,1.9,-24.07,-20.16,41870000.0,4350000000.0,3429999999.9999995
sz002386,002386,sz,天原股份,5.9,0.85,1.09,1.11,50.2,1.0,1.37,-1.17,4.24,3.87,8.66,83130000.0,7680000000.0,7678000000.0
sz002382,002382,sz,蓝帆医疗,5.9,0.17,1.26,0.9,-10.94,0.84,-0.51,-2.8,3.33,-7.81,5.36,74180000.0,5945000000.0,5887000000.0
sz000726,000726,sz,鲁  泰Ａ,5.9,0.68,0.58,0.63,8.95,0.5,0.0,-1.67,1.55,0.17,-15.35,19990000.0,4823000000.0,3477000000.0000005
sh600212,600212,sh,绿能慧充,5.9,4.8,4.45,2.34,1934.2,7.2,3.33,7.08,17.76,-5.45,-26.71,138920000.0,4154000000.0,3134000000.0
sz300326,300326,sz,ST凯利,5.89,-2.32,0.79,1.0,23.56,1.48,-2.97,-5.76,7.29,-12.87,5.56,33500000.0,4222999999.9999995,4221000000.0
sh605388,605388,sh,均瑶健康,5.89,-1.34,1.18,0.43,-18.38,2.3,-6.21,-5.0,20.45,-5.0,-20.83,41790000.0,3536999999.9999995,3536999999.9999995
sh601991,601991,sh,大唐发电,5.89,-0.34,1.4,0.5,13.56,2.96,-8.4,-7.1,-5.31,-31.75,68.77,1025350000.0,109005000000.0,73013000000.0
sz002790,002790,sz,瑞尔特,5.88,-0.17,1.35,0.74,-1075.21,1.19,-0.84,-0.34,7.69,-6.74,-29.79,20600000.0,2457000000.0,1533000000.0
sz000159,000159,sz,国际实业,5.88,1.38,2.4,1.24,77.02,1.38,2.8,1.55,14.62,-8.84,2.08,66720000.0,2826000000.0,2826000000.0
sh601111,601111,sh,中国国航,5.88,1.38,0.57,1.45,60.62,1.88,-0.34,-3.45,-3.61,-13.66,-37.25,388280000.0,120496000000.0,68432000000.00001
sh600731,600731,sh,湖南海利,5.88,0.51,0.69,0.46,14.06,1.02,1.2,0.51,8.49,4.26,-13.15,22020000.0,3257000000.0,3185000000.0
sz002282,002282,sz,博深股份,5.87,-0.68,0.5,0.64,23.39,0.87,-1.84,-1.34,4.45,-5.17,-18.47,14880000.0,3093000000.0,2964000000.0
sz000567,000567,sz,海德股份,5.87,-1.01,0.74,1.09,16.21,1.9,-4.55,-6.83,4.63,-5.93,-8.57,84630000.0,11473000000.0,11438000000.0
sh601800,601800,sh,中国交建,5.87,0.17,0.2,0.92,7.11,0.33,-0.68,-3.45,-4.08,-7.89,-27.04,138320000.0,95175000000.0,68813000000.0
sh600468,600468,sh,百利电气,5.87,-0.34,1.07,0.65,77.29,3.17,-5.32,-11.46,6.15,-10.72,-17.03,68060000.0,6385000000.0,6385000000.0
sz300575,300575,sz,中旗股份,5.86,-0.17,3.38,0.48,-34.72,1.4,-4.56,3.9,10.36,-2.5,0.51,68320000.0,2805000000.0,2029000000.0
sz002537,002537,sz,海联金汇,5.86,1.74,3.55,1.93,22.8,1.57,1.38,-0.34,6.93,-6.98,-35.32,244040000.0,6880000000.0,6859999999.999999
sz000605,000605,sz,渤海股份,5.86,-0.51,1.33,1.1,235.57,0.97,-3.62,-2.82,9.94,-6.21,-12.51,27380000.0,2067000000.0000002,2067000000.0000002
sh603569,603569,sh,长久物流,5.86,0.0,0.51,0.98,-39.12,1.44,-0.85,-1.35,4.83,3.17,-19.84,18120000.0,3536999999.9999995,3536999999.9999995
sh600019,600019,sh,宝钢股份,5.86,0.86,0.59,1.28,12.72,0.62,2.09,1.38,-1.35,0.17,-19.39,743330000.0,127643000000.0,125486999999.99998
sz002369,002369,sz,卓翼科技,5.85,-1.52,3.33,0.89,-13.43,17.73,-0.51,-0.68,12.5,-8.31,-32.21,110430000.0,3317000000.0,3311999999.9999995
sz002347,002347,sz,泰尔股份,5.85,-2.34,2.26,0.74,-30.98,2.71,-4.41,-2.82,10.38,-16.19,-52.75,65250000.0,2953000000.0,2886000000.0
sz002105,002105,sz,信隆健康,5.85,0.17,2.74,1.63,-53.12,2.65,0.34,2.63,15.84,-0.85,-20.08,57810000.0,2143000000.0,2132000000.0
sz300189,300189,sz,神农种业,5.84,4.47,32.54,0.82,52.78,8.69,12.52,19.43,37.74,13.84,-21.51,1665110000.0,5980000000.0,5176000000.0
bj920970,920970,bj,大禹生物,5.84,-3.15,4.58,0.61,-14.7,2.63,-5.5,-10.29,1.92,-5.19,-24.06,18930000.0,647000000.0,409000000.0
sz002563,002563,sz,森马服饰,5.83,2.1,1.04,1.05,15.01,1.37,1.22,-5.66,-0.34,6.39,10.63,132590000.0,15707000000.0,12905000000.000002
sz002420,002420,sz,毅昌科技,5.83,0.0,1.99,1.04,12.05,2.87,-2.35,0.17,14.76,-1.69,-24.19,46450000.0,2398000000.0,2355000000.0
sz002752,002752,sz,昇兴股份,5.82,-2.02,0.88,1.06,15.54,1.59,-3.48,-3.64,-0.51,-12.22,-11.01,50260000.0,5686000000.0,5678000000.0
sh603421,603421,sh,鼎信通讯,5.82,-1.02,0.91,0.71,-6.42,1.58,-4.28,-3.0,8.18,-19.5,-18.72,34720000.0,3796000000.0,3796000000.0
sh603111,603111,sh,康尼机电,5.82,1.22,0.75,1.63,14.08,1.3,-0.17,-0.85,2.65,-2.14,-11.23,36570000.0,5017000000.0,4875000000.0
sz002177,002177,sz,御银股份,5.81,0.69,10.15,2.08,305.82,2.57,2.83,0.17,7.39,-14.93,-38.26,401850000.0,4423000000.0,3969000000.0
sh601377,601377,sh,兴业证券,5.81,0.35,0.57,1.06,13.67,0.89,-0.68,-1.69,-3.49,2.83,-20.63,286590000.0,50175000000.0,50175000000.0
sz300144,300144,sz,宋城演艺,5.8,-2.85,1.66,1.72,19.93,2.12,-3.65,-6.45,-3.81,-10.65,-26.96,248580000.0,15131000000.0,14972999999.999998
sz002479,002479,sz,富春环保,5.8,-3.01,4.84,1.79,14.86,1.14,1.05,0.0,7.81,8.61,20.83,243060000.0,5017000000.0,5006000000.0
sh600107,600107,sh,*ST尔雅,5.8,0.35,0.44,1.37,-27.09,5.15,1.93,10.69,8.21,-5.23,-16.43,9170000.0,2088000000.0,2088000000.0
sz300175,300175,sz,朗源股份,5.79,-2.36,1.65,0.78,-163.15,5.47,-6.91,0.17,2.84,-8.1,2.66,44950000.0,2726000000.0,2726000000.0
sz002520,002520,sz,日发精机,5.79,-2.53,4.23,0.49,-34.28,14.67,-11.47,-2.69,7.22,-1.36,-8.1,176010000.0,4344000000.0,4154000000.0
sz002161,002161,sz,远 望 谷,5.79,0.17,2.4,1.38,3281.14,2.83,-4.46,-1.86,14.2,-7.0,-20.64,103400000.0,4283000000.0,4282000000.0
sh601997,601997,sh,贵阳银行,5.79,1.05,1.19,1.05,4.01,0.33,3.76,2.66,3.39,2.84,3.95,251950000.0,21169000000.0,21169000000.0
sh600780,600780,sh,通宝能源,5.79,0.0,0.55,0.98,10.18,0.79,-1.36,-3.98,-3.02,-23.21,5.27,36490000.0,6638000000.0,6638000000.0
sz300055,300055,sz,万邦达,5.78,-4.3,3.62,1.61,-20.26,0.99,-4.62,-5.56,4.71,-30.24,-28.95,132350000.0,4836000000.0,3658000000.0
sh600525,600525,sh,ST长园,5.78,0.17,1.9,0.99,-7.34,2.71,6.25,13.78,21.68,9.47,63.74,146390000.0,7623000000.0,7623000000.0
sh600155,600155,sh,华创云信,5.78,0.52,0.74,0.9,50.63,0.64,-2.03,-2.36,1.4,1.58,-12.69,94740000.0,12794000000.0,12794000000.0
sh605199,605199,sh,ST葫芦娃,5.77,-1.7,0.17,0.61,-6.78,6.02,-4.79,-5.56,4.53,-14.52,-24.28,4020000.0,2309000000.0,2309000000.0
sh605138,605138,sh,盛泰集团,5.77,-1.54,0.63,1.08,18.28,1.29,-2.7,-2.86,8.87,-15.35,-16.45,20380000.0,3206000000.0,3206000000.0
sz300423,300423,sz,昇辉科技,5.76,-0.86,1.82,0.46,-16.12,2.49,-5.42,-2.21,5.88,-11.93,-31.26,34980000.0,2866000000.0,1919000000.0000002
sz300289,300289,sz,利德曼,5.75,-3.2,1.32,0.93,-121.7,1.91,-3.85,-5.27,3.79,-3.2,-17.5,41550000.0,3128000000.0,3123000000.0
sz002599,002599,sz,盛通股份,5.75,-0.52,1.55,0.96,320.23,2.47,-4.8,-7.56,-2.54,-7.7,-32.59,36830000.0,3109000000.0,2377000000.0
sz000725,000725,sz,京东方Ａ,5.75,-4.17,4.08,0.66,35.8,1.59,-5.43,-2.38,-3.69,13.77,38.42,8371770000.0,213005000000.00003,203361000000.0
sh600235,600235,sh,民丰特纸,5.74,0.0,1.02,0.85,202.48,1.34,-0.35,0.53,13.44,-4.01,-15.4,20270000.0,2016000000.0,2016000000.0
sz300272,300272,sz,开能健康,5.73,-2.39,2.09,0.74,86.46,2.84,-6.68,-2.72,7.5,-5.76,-22.88,55910000.0,3504000000.0,2661000000.0
sz003035,003035,sz,南网能源,5.73,9.98,2.18,4.39,63.7,3.12,5.14,1.24,3.8,-23.18,25.69,467650000.0,21705000000.0,21705000000.0
sh605001,605001,sh,威奥股份,5.73,0.53,2.3,0.94,27.58,0.83,-0.87,0.88,15.52,-8.9,-23.9,52070000.0,2251000000.0,2251000000.0
sh601636,601636,sh,旗滨集团,5.73,-3.54,1.97,0.86,104.6,1.16,-7.13,-5.6,-1.55,-12.92,-1.55,335160000.0,16953000000.0,16953000000.0
sz000061,000061,sz,农 产 品,5.72,0.53,1.25,0.54,26.23,1.33,-2.05,-2.89,1.6,-10.63,-44.09,128650000.0,11354000000.0,10263000000.0
sz002620,002620,sz,*ST瑞和,5.71,10.02,4.34,2.74,-23.65,-29.25,11.52,12.62,29.77,-18.31,13.29,74970000.0,2155000000.0,1805000000.0
sz002360,002360,sz,ST同德,5.71,-1.04,1.89,1.62,-2.06,2.5,3.63,4.58,17.49,-5.78,17.98,35500000.0,2294000000.0,1859000000.0
bj920455,920455,bj,汇隆活塞,5.71,-1.89,0.43,0.48,36.64,3.09,-3.22,-3.87,4.39,-15.66,-30.87,2420000.0,1013000000.0000001,556000000.0
sz002404,002404,sz,嘉欣丝绸,5.68,-6.27,3.89,2.33,18.8,1.63,-5.49,-5.33,1.61,-7.19,-15.35,100180000.0,3181000000.0,2589000000.0
sh600755,600755,sh,厦门国贸,5.68,0.53,0.54,1.09,35.43,0.64,-0.18,-1.56,-1.05,-2.24,-18.51,65130000.0,12111000000.0,12111000000.0
bj920682,920682,bj,球冠电缆,5.67,-0.87,0.45,0.62,28.93,1.96,-1.39,-3.74,0.0,-11.41,-24.23,5810000.0,2208000000.0,1280000000.0
sz002434,002434,sz,万里扬,5.66,-1.22,0.83,0.69,36.38,1.27,-5.51,-2.41,5.2,-19.72,-40.3,61370000.0,7429000000.000001,7422000000.0
sz000759,000759,sz,中百集团,5.66,-3.25,8.16,0.78,-3.89,5.28,-18.68,-19.03,-16.27,-7.36,-25.33,305740000.0,3713000000.0000005,3711000000.0
sh603817,603817,sh,海峡环保,5.66,0.0,1.22,1.12,13.77,0.99,-0.88,-1.74,4.47,-8.53,-19.69,39480000.0,3227000000.0000005,3227000000.0000005
sh600997,600997,sh,开滦股份,5.66,2.35,1.0,1.16,-43.01,0.67,3.66,3.47,7.4,4.24,-1.22,89230000.0,8987000000.0,8987000000.0
sh600651,600651,sh,飞乐音响,5.66,-0.7,1.53,2.69,235.9,5.62,-4.71,-10.73,8.43,-11.7,-22.36,222930000.0,14190000000.0,14190000000.0
sh600561,600561,sh,江西长运,5.66,-1.05,1.4,1.02,111.44,1.77,-0.88,-2.08,15.98,-6.6,-12.65,22590000.0,1610000000.0000002,1610000000.0000002
sz300647,300647,sz,超频三,5.65,0.36,2.56,0.8,-18.39,5.88,-4.24,-1.05,14.6,-6.15,-18.0,65920000.0,2584000000.0,2580000000.0
sz300405,300405,sz,科隆股份,5.65,-1.57,3.73,1.25,-36.1,4.13,-1.57,0.53,17.95,-11.99,-11.44,45950000.0,1607000000.0,1236000000.0
sz000663,000663,sz,永安林业,5.64,0.0,1.34,0.62,-21.43,2.09,-0.53,0.71,15.1,-5.21,-23.58,23020000.0,1898999999.9999998,1728000000.0
sz000595,000595,sz,新能股份,5.64,1.44,1.96,0.64,-13558.67,12.53,-6.16,-11.32,-4.08,-29.76,0.89,124010000.0,6422000000.0,6422000000.0
sz300343,300343,sz,联创股份,5.63,-1.75,1.45,0.48,107.94,3.04,-7.25,-8.46,-2.6,-16.59,-6.63,86970000.0,6015000000.0,6000000000.0
sh600063,600063,sh,皖维高新,5.63,-2.93,2.42,1.33,23.71,1.36,-6.79,-6.94,-0.53,-19.57,-4.09,281360000.0,11649000000.0,11649000000.0
sh600167,600167,sh,联美控股,5.62,0.36,0.21,0.81,21.17,1.09,-1.06,-3.6,-1.92,-15.51,-18.35,27000000.0,12717000000.0,12717000000.0
sh603889,603889,sh,新澳股份,5.61,1.26,0.93,1.09,10.67,1.5,-1.06,-2.77,-1.23,-2.77,-4.04,48750000.0,5325000000.0,5285000000.0
sz002207,002207,sz,*ST准油,5.6,-2.61,2.08,0.78,-36.63,170.72,-7.44,-8.35,5.07,-36.72,-24.32,30450000.0,1468000000.0,1461000000.0
sz000931,000931,sz,中 关 村,5.6,10.02,14.99,5.21,-203.55,2.65,29.03,32.7,35.27,33.97,15.46,616650000.0,4218000000.0,4206000000.0
sz000531,000531,sz,穗恒运Ａ,5.6,0.0,0.54,0.75,14.63,0.85,-2.78,-5.41,-3.11,-28.11,-11.95,27360000.0,5832000000.0,5095000000.0
sz300241,300241,sz,瑞丰光电,5.59,-2.44,3.43,0.77,45.13,1.71,-4.44,0.36,7.5,-28.06,0.54,114870000.0,4006000000.0,3357000000.0
sz002366,002366,sz,融发核电,5.59,-1.41,1.09,0.54,-156.86,2.51,-8.36,-11.69,2.19,-18.99,-25.57,112280000.0,11632000000.0,10343000000.0
sh600918,600918,sh,中泰证券,5.59,0.9,1.54,2.1,17.88,0.99,0.36,-0.18,0.54,3.71,-13.33,391240000.0,44264000000.0,25506000000.0
sh600682,600682,sh,南京新百,5.59,-1.24,1.13,0.7,-8.0,0.46,-4.28,-1.93,2.76,-2.95,-36.04,73660000.0,7519000000.0,6506999999.999999
sz003037,003037,sz,三和管桩,5.57,-1.24,0.29,0.63,96.18,1.21,-2.28,-4.62,4.31,-22.96,-30.81,9770000.0,3336999999.9999995,3336999999.9999995
sh603086,603086,sh,先达股份,5.57,-1.24,1.09,0.7,17.68,1.16,-2.28,-1.94,8.16,-7.32,-31.4,26470000.0,2422000000.0,2422000000.0
sh601107,601107,sh,四川成渝,5.57,1.27,0.4,1.0,11.48,1.04,0.91,-0.18,0.72,-7.67,-3.68,47870000.0,17033000000.000002,12046000000.0
sh600874,600874,sh,创业环保,5.57,0.0,0.51,1.1,9.9,0.86,0.18,-0.71,1.64,0.16,-2.81,34780000.0,8747000000.0,6853000000.0
sh600726,600726,sh,华电能源,5.57,-0.18,0.95,0.53,132.05,8.36,-11.16,-11.02,-10.88,-45.01,133.05,392990000.0,44044000000.0,41638000000.0
sh600578,600578,sh,京能电力,5.57,0.72,0.85,0.57,10.55,1.5,-5.91,-5.91,0.36,-39.52,12.98,315260000.0,37289000000.0,37289000000.0
sz002798,002798,sz,帝欧水华,5.55,-3.48,1.48,1.09,-6.51,1.7,-5.61,-1.77,12.8,-10.34,-3.14,42840000.0,3261000000.0,2868000000.0
sh600223,600223,sh,福瑞达,5.55,1.28,1.34,1.66,33.4,1.34,-1.25,-2.63,2.02,-7.39,-24.0,76780000.0,5642000000.0,5642000000.0
sh603168,603168,sh,莎普爱思,5.54,-0.72,1.62,0.85,-7.57,1.56,-2.12,-0.89,11.69,-4.15,-24.73,33510000.0,2073000000.0,2064000000.0
sz002022,002022,sz,科华生物,5.53,-1.6,1.86,0.78,-3.91,1.12,-2.12,2.03,11.72,2.03,-6.9,53120000.0,2845000000.0,2844000000.0
sh600908,600908,sh,无锡银行,5.53,2.79,1.4,1.76,5.22,0.53,3.75,2.03,2.6,3.95,-4.66,152930000.0,12137000000.0,11056000000.0
sz000421,000421,sz,南京公用,5.52,-2.13,3.52,1.03,31.95,1.14,-0.18,0.91,5.34,-3.33,-19.42,112750000.0,3171000000.0,3170000000.0
sh603999,603999,sh,读者传媒,5.52,-1.08,0.57,0.58,37.13,1.55,-1.78,-2.3,4.74,-6.52,-20.97,18050000.0,3180000000.0,3180000000.0
sz300279,300279,sz,和晶科技,5.51,-1.96,1.42,0.79,73.57,2.58,-5.65,-3.84,7.62,-21.62,-23.68,38180000.0,2695000000.0,2683000000.0
sz000788,000788,sz,北大医药,5.51,-2.13,4.21,0.59,51.12,2.21,-4.67,0.55,6.99,2.42,-7.27,139170000.0,3284000000.0000005,3284000000.0000005
sh603879,603879,sh,永悦科技,5.51,1.47,3.58,1.76,-36.95,8.54,0.55,2.61,20.57,11.31,-22.18,71730000.0,1980000000.0,1980000000.0
sh600257,600257,sh,大湖股份,5.51,0.55,2.84,0.61,108.15,3.25,-3.16,0.36,14.79,0.0,-12.26,74670000.0,2652000000.0,2652000000.0
sz300245,300245,sz,ST天玑,5.5,-1.96,1.19,0.75,-38.94,1.39,-3.68,-5.5,7.21,-16.79,-54.51,19280000.0,1678000000.0,1614999999.9999998
sz300195,300195,sz,长荣股份,5.5,-0.72,1.94,0.83,-169.97,0.88,-1.43,-1.61,14.35,-6.14,-31.16,33340000.0,2330000000.0,1726000000.0000002
sz300087,300087,sz,ST荃银,5.5,0.55,2.11,0.63,-25.73,3.07,1.1,2.42,9.56,-26.08,-52.91,105730000.0,5210000000.0,4963000000.0
sz002510,002510,sz,天汽模,5.5,-0.36,0.97,0.58,93.32,2.2,-2.31,-3.68,0.36,-14.73,-24.97,53710000.0,5583000000.0,5527000000.0
sz000417,000417,sz,合百集团,5.5,-1.43,2.2,0.74,28.74,0.91,-7.87,-8.64,-7.41,-26.03,-31.55,94250000.0,4289000000.0,4285000000.0
sh600841,600841,sh,动力新科,5.5,-2.83,0.95,0.77,2.45,1.19,-7.56,-5.98,-1.26,-24.24,-9.69,54620000.0,7633000000.0,5737000000.0
sh600778,600778,sh,友好集团,5.5,-0.9,2.18,1.21,124.41,6.78,-2.14,-1.26,13.64,-11.43,-17.54,37340000.0,1713000000.0,1712000000.0
sh600395,600395,sh,盘江股份,5.5,0.73,2.42,1.38,29.66,1.11,5.16,8.48,17.27,-0.9,19.57,282360000.0,11806000000.0,11806000000.0
sz300511,300511,sz,雪榕生物,5.49,-2.14,7.67,0.62,17.98,1.97,0.0,0.0,10.69,-7.73,-12.02,229920000.0,3518000000.0,2998000000.0
sz300448,300448,sz,浩云科技,5.48,-4.86,2.71,1.27,-135.43,3.1,-6.64,-5.19,9.16,-29.65,-29.85,95160000.0,3707000000.0,3502000000.0000005
sh601222,601222,sh,林洋能源,5.48,0.55,0.63,1.03,61.85,0.75,-1.79,-3.35,-3.69,-16.97,0.18,69860000.0,11186000000.0,11186000000.0
sz002381,002381,sz,双箭股份,5.47,-0.55,1.23,0.95,39.72,1.06,-0.55,-1.08,9.4,-5.03,-15.72,21560000.0,2251000000.0,1761000000.0
bj920781,920781,bj,瑞奇智造,5.47,0.37,0.52,0.41,-16.0,2.39,-5.2,-7.13,5.19,-13.86,-38.95,3410000.0,844999999.9999999,658000000.0
bj920575,920575,bj,*ST康乐,5.47,-2.5,3.09,0.63,-2.91,-12.62,-5.69,12.78,51.52,47.04,-33.86,31970000.0,1537000000.0,1027000000.0
sz002483,002483,sz,润邦股份,5.46,0.74,1.37,0.75,15.41,1.08,-1.97,4.0,8.33,-1.97,-21.89,65870000.0,4840000000.0,4833000000.0
sz000553,000553,sz,安道麦A,5.46,-1.62,0.41,0.95,-23.88,0.72,-0.73,-0.36,6.43,-12.92,-0.36,48350000.0,12721000000.0,11887000000.0
sh603385,603385,sh,惠达卫浴,5.46,-0.55,0.78,0.87,-8.99,0.59,-0.36,0.74,16.42,-5.04,-20.18,16250000.0,2078000000.0,2078000000.0
bj920469,920469,bj,富恒新材,5.46,-0.36,1.17,0.78,-7.73,2.76,-2.67,-3.87,6.23,-24.48,-55.36,6530000.0,770000000.0,565000000.0
sz300169,300169,sz,天晟新材,5.45,-1.8,2.74,0.99,57.05,17.27,-6.68,-5.38,23.3,-0.37,-12.8,45200000.0,1850000000.0,1644000000.0000002
sz002370,002370,sz,亚太药业,5.45,-3.71,2.89,0.37,40.03,3.64,-12.38,-6.2,13.78,-8.86,-25.44,118610000.0,4064000000.0,4064000000.0
sz000936,000936,sz,华西股份,5.45,-0.73,3.1,0.31,271.82,0.95,-17.8,3.22,11.68,-14.17,-33.62,149740000.0,4829000000.0,4828000000.0
sz000702,000702,sz,正虹科技,5.45,-0.55,1.83,0.92,-105.83,5.7,-1.27,-0.73,14.26,-10.07,-18.41,34480000.0,1889000000.0,1889000000.0
sh600576,600576,sh,祥源文旅,5.45,0.0,0.7,0.68,55.94,2.22,-0.91,-3.88,-0.18,-7.63,-12.66,25170000.0,5747000000.0,3599000000.0
sz301175,301175,sz,中科环保,5.44,0.0,1.81,0.89,19.38,2.11,-0.37,-2.16,5.22,-4.06,-6.37,61270000.0,8006999999.999999,3383000000.0
sz300044,300044,sz,*ST赛为,5.44,5.63,3.84,2.49,-3.31,-3.63,4.02,4.41,7.72,-5.56,36.34,147360000.0,4154999999.9999995,3892000000.0
sh600864,600864,sh,哈投股份,5.44,1.3,1.4,0.67,30.44,0.86,-3.2,0.37,2.47,-1.79,-17.31,157470000.0,11318000000.0,11318000000.0
sh603815,603815,sh,交建股份,5.43,4.42,2.3,2.28,-4.43,2.13,1.12,-1.09,7.95,-23.84,-27.02,75540000.0,3361000000.0,3361000000.0
sh600819,600819,sh,耀皮玻璃,5.42,-1.63,0.69,0.82,45.19,1.37,-0.55,-0.91,7.54,-19.88,-32.8,29530000.0,5294000000.0,4278000000.0
sz002614,002614,sz,奥佳华,5.41,6.5,6.73,4.2,-60.41,0.79,9.07,7.77,18.38,5.87,-24.97,157040000.0,3374000000.0,2387000000.0
sz000950,000950,sz,重药控股,5.41,-1.28,2.05,0.43,21.44,0.8,-10.13,-1.81,1.31,-6.4,-6.09,190750000.0,9266000000.0,9266000000.0
sh603616,603616,sh,韩建河山,5.41,-0.73,1.51,0.71,-88.13,10.37,-1.28,-2.17,12.94,-11.6,4.24,31500000.0,2095000000.0,2079000000.0
sh600125,600125,sh,铁龙物流,5.41,0.56,0.7,1.12,13.1,0.91,-0.55,-1.46,-0.18,-3.55,-15.06,49240000.0,7063000000.0,7063000000.0
sz300140,300140,sz,节能环境,5.4,0.37,0.3,0.89,18.32,1.16,0.93,-2.53,-0.55,-9.24,-19.52,50130000.0,16735000000.0,16713999999.999998
sz002221,002221,sz,东华能源,5.4,-5.1,2.42,1.42,-11.03,0.86,-1.82,-4.26,0.93,-14.83,-33.33,192910000.0,8511000000.0,7889000000.0
sz002188,002188,sz,中天服务,5.4,-1.28,3.08,0.58,61.21,4.9,-2.88,-0.18,19.73,-11.33,-11.18,42810000.0,1766000000.0,1390000000.0
sh603128,603128,sh,华贸物流,5.4,1.31,0.88,1.75,15.27,1.17,1.31,1.5,5.14,5.14,-8.1,62220000.0,7069000000.0,7069000000.0
sh603060,603060,sh,国检集团,5.4,-1.64,0.56,0.99,46.7,2.2,-1.64,-2.88,3.25,-21.66,-10.19,24190000.0,4341000000.0,4341000000.0
sz002492,002492,sz,恒基达鑫,5.39,-3.06,1.9,1.5,-33.31,1.34,-4.09,-4.43,1.51,-12.78,-38.33,41060000.0,2183000000.0,2144000000.0000002
sz002030,002030,sz,达安基因,5.39,-3.75,2.42,0.95,-8.45,1.07,-5.77,-4.6,0.37,-23.87,-9.56,184800000.0,7565000000.000001,7565000000.000001
sh603669,603669,sh,灵康药业,5.39,-1.64,5.13,1.37,-28.15,6.61,-15.25,-12.21,1.13,30.83,18.2,197290000.0,3839000000.0,3839000000.0
sh601801,601801,sh,皖新传媒,5.39,-2.0,0.89,1.83,14.07,0.9,-0.19,-2.0,1.13,-1.64,-14.17,94990000.0,10553000000.0,10553000000.0
sh600470,600470,sh,六国化工,5.39,-2.88,3.75,0.52,-5.86,1.84,-3.75,-6.59,2.67,0.56,-9.87,105630000.0,2811000000.0,2811000000.0
sz002685,002685,sz,华东重机,5.38,-0.55,2.33,0.69,62.68,3.29,-8.19,-2.54,6.11,-32.16,-28.17,126820000.0,5421000000.0,5421000000.0
sh600820,600820,sh,隧道股份,5.38,1.51,0.61,1.13,7.76,0.53,-0.92,-0.92,-0.55,-4.44,-15.54,102640000.0,16915000000.0,16915000000.0
sh600500,600500,sh,中化国际,5.37,-2.54,4.48,0.89,-11.91,1.89,-3.94,1.13,8.7,-0.19,36.99,859420000.0,19269000000.0,19269000000.0
sh688280,688280,sh,精进电动-W,5.36,-2.19,1.61,0.82,301.32,4.91,-7.59,-7.75,14.29,-7.27,-38.39,44850000.0,3164000000.0,2790000000.0
sz301215,301215,sz,中汽股份,5.35,2.49,1.89,2.99,28.69,2.38,2.29,0.56,5.52,-7.42,-21.2,133150000.0,7083000000.0,7075000000.0
sz002367,002367,sz,康力电梯,5.35,0.19,0.79,0.68,14.33,1.21,-2.55,-2.01,3.88,-5.81,-32.36,33310000.0,4268000000.0,4251000000.0
sz000650,000650,sz,仁和药业,5.34,-0.56,1.32,0.58,20.24,1.2,-2.38,-1.84,-2.02,2.69,-2.91,93980000.0,7476000000.000001,7109999999.999999
sh603021,603021,sh,*ST华鹏,5.34,0.0,2.57,0.7,-7.19,-7.06,-7.45,-18.72,-20.65,-27.64,14.35,44610000.0,1709000000.0,1709000000.0
sz002587,002587,sz,奥拓电子,5.33,-1.11,2.1,0.84,214.55,2.67,-4.82,-5.83,3.5,-20.92,-20.57,59640000.0,3489000000.0,2839000000.0
sz002480,002480,sz,新筑股份,5.33,-1.84,0.67,0.77,-20.4,5.5,-5.83,-7.3,1.33,-11.31,-14.31,27680000.0,4100000000.0,4090999999.9999995
sh600028,600028,sh,中国石化,5.33,4.51,0.63,2.94,17.93,0.76,6.39,4.1,3.5,12.49,-12.16,3174540000.0,644533000000.0,505031000000.00006
sz002872,002872,sz,ST天圣,5.32,0.38,1.01,0.87,-32.05,0.87,0.0,-0.37,9.47,-1.48,9.47,11510000.0,1692000000.0000002,1143000000.0
sz002358,002358,sz,森源电气,5.32,0.0,1.06,0.78,50.22,1.48,-5.17,-7.48,-5.17,-16.61,-1.48,52060000.0,4946000000.0,4946000000.0
sz000735,000735,sz,罗 牛 山,5.32,-2.03,6.35,0.53,-41.1,1.54,-5.34,0.0,7.04,-4.83,-40.92,386340000.0,6126000000.0,6123000000.0
sz000539,000539,sz,粤电力Ａ,5.32,-0.56,1.45,0.61,33.6,1.2,-5.67,-10.74,-7.16,-39.95,20.91,197260000.0,27932000000.0,13594999999.999998
sh603567,603567,sh,珍宝岛,5.32,-5.67,4.46,0.65,-3.08,0.82,-19.64,-24.65,-17.39,-25.59,-40.43,224500000.0,5002000000.0,4998000000.0
sh600678,600678,sh,ST金顶,5.32,-2.56,2.15,1.3,-207.56,7.2,-3.45,-5.34,3.91,-20.48,-61.14,40240000.0,1857000000.0,1857000000.0
sz300271,300271,sz,华宇软件,5.31,-0.75,0.84,0.65,-20.93,1.22,-5.18,-7.97,6.2,-3.63,-26.86,35380000.0,4311000000.0,4218000000.0
sh600006,600006,sh,东风股份,5.3,0.38,0.42,0.77,-24.93,1.33,-1.49,-3.11,-1.85,-13.4,-26.18,44860000.0,10600000000.0,10600000000.0
sz300232,300232,sz,洲明科技,5.29,1.93,4.72,2.83,-223.92,1.24,0.57,-1.31,8.4,-10.34,-25.18,225230000.0,5768000000.0,4700000000.0
sz300039,300039,sz,上海凯宝,5.29,-4.51,4.47,0.66,21.35,1.21,-14.12,-9.42,-9.26,-0.56,-10.79,218630000.0,5533000000.0,4851000000.0
sz000910,000910,sz,大亚圣象,5.29,-0.56,0.77,0.99,-208.39,0.45,-2.76,-2.22,8.18,-16.43,-27.24,22200000.0,2896000000.0,2895000000.0
sz000751,000751,sz,锌业股份,5.29,2.92,7.75,2.53,75.38,2.32,2.92,0.0,20.78,2.32,29.66,660960000.0,8547000000.0,8547000000.0
sz000633,000633,sz,合金投资,5.29,-0.38,1.17,0.62,379.62,10.17,-0.94,-1.12,11.13,-5.03,-26.63,23740000.0,2037000000.0,2037000000.0
sh600073,600073,sh,光明肉业,5.29,0.38,0.97,0.48,-19.96,1.06,-0.94,0.95,5.8,0.19,-17.34,48170000.0,4961000000.0,4961000000.0
sz300335,300335,sz,迪森股份,5.28,0.57,1.89,0.71,61.6,1.34,-1.31,-5.55,-1.49,-15.52,-6.71,38030000.0,2519000000.0,2028000000.0
sz002707,002707,sz,众信旅游,5.28,0.76,2.75,1.33,-2583.92,5.76,2.13,1.54,6.45,-8.01,-26.56,125540000.0,5189000000.0,4567000000.0
sz002408,002408,sz,齐翔腾达,5.28,1.15,1.47,1.39,-22.36,1.37,2.92,2.72,7.54,3.53,8.2,213090000.0,15013999999.999998,14529000000.0
sz002187,002187,sz,广百股份,5.28,-0.56,0.98,0.89,-39.2,0.92,-1.68,-1.86,9.09,-8.97,-30.25,36200000.0,3701000000.0,3701000000.0
sz000906,000906,sz,浙商中拓,5.28,-0.38,0.64,0.89,17.24,0.77,-1.31,-4.35,0.76,-14.15,-8.81,23830000.0,3747000000.0,3703000000.0
sz002333,002333,sz,罗普斯金,5.27,1.15,3.5,0.94,84.69,1.84,-5.56,-5.05,-0.19,4.77,-6.06,122040000.0,3557000000.0,3511999999.9999995
sz002063,002063,sz,远光软件,5.27,-0.38,0.8,0.7,33.48,2.57,-3.83,-6.39,0.0,-10.04,-12.72,74570000.0,10095000000.0,9323000000.0
sz002513,002513,sz,蓝丰生化,5.26,-1.5,2.12,0.92,-10.78,49.28,-1.13,0.19,15.86,-7.23,-21.73,32380000.0,1976000000.0000002,1520000000.0
sz002500,002500,sz,山西证券,5.25,0.57,0.41,1.07,20.27,1.02,-1.13,-2.42,-1.69,2.54,-11.17,77590000.0,18846000000.0,18846000000.0
sz000958,000958,sz,电投产融,5.25,0.0,0.17,0.77,29.17,1.91,-2.78,-4.2,-2.6,-13.93,-18.86,49380000.0,96162000000.0,28263000000.0
sz002522,002522,sz,浙江众成,5.24,2.54,6.28,1.84,62.56,2.02,2.14,3.35,9.85,-15.48,-6.76,298930000.0,4746000000.0,4743000000.0
sh688373,688373,sh,盟科药业-U,5.24,-3.68,2.08,0.86,-17.07,18.9,-4.2,-1.5,11.02,11.97,-13.25,71840000.0,3439000000.0,3439000000.0
sh600018,600018,sh,上港集团,5.24,1.16,0.21,1.19,8.93,0.86,2.95,1.55,1.95,5.12,0.29,250670000.0,121986999999.99998,121813000000.00002
sz002516,002516,sz,旷达科技,5.23,0.19,0.71,0.94,39.47,2.07,-3.51,-3.15,1.55,-13.55,-19.66,54470000.0,7692000000.0,7638000000.0
sh601002,601002,sh,晋亿实业,5.23,-0.76,1.43,1.28,19.6,1.16,-2.61,-4.39,8.51,1.95,3.36,71100000.0,5029000000.0,4992000000.0
sz300299,300299,sz,富春股份,5.22,-0.95,1.64,0.76,-106.66,9.09,-5.09,-6.12,0.97,-4.74,-26.48,59090000.0,3603000000.0,3599000000.0
sz002519,002519,sz,银河电子,5.22,-1.32,1.58,0.69,-118.99,2.65,-7.12,-8.74,2.35,-21.39,-19.44,92300000.0,5880000000.0,5864000000.0
sz002471,002471,sz,中超控股,5.22,-1.32,2.25,0.44,-170.21,3.96,-10.46,-11.38,2.15,-25.21,-34.91,156950000.0,7145000000.0,7016000000.0
sh600469,600469,sh,风神股份,5.22,-0.38,0.56,0.76,17.99,1.01,-1.69,-5.43,1.75,-9.69,-23.68,24830000.0,4646000000.0,4417000000.0
sz002581,002581,sz,*ST未名,5.21,-10.02,6.39,0.96,-25.72,1.91,7.87,34.97,57.88,21.16,-30.53,137620000.0,3436999999.9999995,2088000000.0
sz002206,002206,sz,海 利 得,5.21,0.0,0.54,0.95,12.16,1.56,-0.95,-4.05,1.36,1.17,-7.8,29680000.0,6054000000.0,5507000000.0
sh600712,600712,sh,南宁百货,5.21,-0.38,1.61,0.79,-106.9,3.75,-4.4,-6.46,14.76,-11.54,-23.61,45190000.0,2838000000.0,2806000000.0
sh600249,600249,sh,两面针,5.21,-0.76,0.77,0.58,-200.93,1.34,-2.07,-2.25,7.42,-2.43,-9.39,22150000.0,2866000000.0,2866000000.0
sz002132,002132,sz,恒星科技,5.2,9.01,15.18,3.04,104.48,2.1,13.54,22.93,24.7,8.29,48.49,1099300000.0,7288000000.0,7276000000.000001
sh603018,603018,sh,华设集团,5.2,-0.19,0.59,0.75,14.97,0.8,-3.17,-2.8,2.16,-9.8,-16.79,24950000.0,4260000000.0,4260000000.0
sh601686,601686,sh,友发集团,5.2,0.97,0.43,1.43,11.37,1.15,0.58,-0.38,2.97,-0.38,-13.17,32680000.0,7693000000.000001,7693000000.000001
sh600929,600929,sh,雪天盐业,5.2,-2.07,1.11,1.14,123.66,1.11,-1.89,-2.99,-2.07,-6.05,-7.72,94790000.0,8529000000.000001,8529000000.000001
sz300311,300311,sz,任子行,5.19,-5.98,8.57,0.67,99.87,5.34,-14.78,-21.0,2.37,-3.71,16.89,242390000.0,3496000000.0,2789000000.0
sz300506,300506,sz,名家汇,5.18,-0.38,3.84,0.61,-366.74,5.49,-8.16,1.37,-9.28,6.37,23.33,148380000.0,7384999999.999999,3942000000.0
sz002688,002688,sz,金河生物,5.18,0.19,0.83,0.51,102.9,1.59,-1.52,-1.33,5.93,-4.46,-11.48,32030000.0,3986000000.0,3870000000.0000005
sh601169,601169,sh,北京银行,5.17,1.57,0.97,2.12,5.33,0.39,4.44,2.78,2.17,7.44,-0.62,1059460000.0,109308999999.99998,109308999999.99998
sh600488,600488,sh,津药药业,5.17,-6.17,5.33,0.7,213.78,1.89,-14.12,-16.61,-2.82,-5.79,28.03,305880000.0,5645000000.0,5645000000.0
sz000852,000852,sz,石化机械,5.16,-1.9,1.57,0.53,-3558.08,1.58,-1.9,-3.01,0.0,-11.95,-29.02,77250000.0,4932000000.0,4903000000.0
sh600795,600795,sh,国电电力,5.16,0.98,0.65,0.68,14.18,1.53,3.2,2.79,5.52,3.01,5.33,595440000.0,92032000000.0,92032000000.0
sh600713,600713,sh,南京医药,5.16,-0.77,0.8,0.54,10.85,0.95,-4.09,-0.77,3.41,6.61,-2.46,53110000.0,6750000000.0,6655000000.0
sz300284,300284,sz,苏交科,5.15,-0.96,0.73,0.59,841.48,0.78,-6.36,-6.36,-2.46,-12.64,-34.02,45310000.0,6504000000.000001,6171000000.0
sz002909,002909,sz,集泰股份,5.15,-1.34,0.93,0.61,-57.3,2.36,-2.09,-0.19,11.96,-10.75,-24.38,18170000.0,2009000000.0,1959000000.0
sz000862,000862,sz,银星能源,5.15,0.0,1.57,0.67,-403.32,1.07,-3.74,-13.01,-15.85,-27.97,-11.82,50450000.0,4727000000.0,3234000000.0000005
sz000715,000715,sz,中兴商业,5.15,0.0,1.32,0.65,24.99,1.37,-1.72,3.83,13.44,0.68,-17.27,32840000.0,2783000000.0,2504000000.0
sh600720,600720,sh,中交设计,5.14,0.98,0.62,0.62,8.23,0.75,0.19,-1.91,0.59,-13.07,-27.53,32120000.0,11794000000.0,5187000000.0
sz300165,300165,sz,天瑞仪器,5.13,0.39,5.19,1.45,-11.38,2.41,-2.47,-4.82,3.64,-17.26,6.65,111690000.0,2542000000.0,2157000000.0
sz002540,002540,sz,亚太科技,5.13,-0.19,0.77,0.97,17.23,1.17,-0.97,-1.72,8.0,-5.18,-26.71,33750000.0,6400000000.0,4403000000.0
sh600538,600538,sh,国发股份,5.13,-1.54,1.79,0.74,-28.88,3.98,0.79,-4.82,3.01,-20.22,-16.18,48090000.0,2689000000.0,2689000000.0
sz300366,300366,sz,ST创意,5.12,-0.19,0.71,0.59,-4.96,2.7,-2.29,1.19,19.91,-5.54,-24.82,19250000.0,3111000000.0,2716000000.0
sh601238,601238,sh,广汽集团,5.12,0.2,0.47,0.91,-6.0,0.5,-0.39,-3.94,-0.39,-15.65,-37.25,177130000.0,52209000000.0,37805000000.0
sz300067,300067,sz,安诺其,5.11,-1.54,2.61,0.5,-134.87,2.37,-11.28,-9.07,9.19,-11.44,2.2,124810000.0,5899000000.0,4789000000.0
sz002556,002556,sz,辉隆股份,5.11,1.39,1.19,0.61,24.46,1.35,-0.39,0.2,8.26,0.73,-14.02,56330000.0,4778000000.0,4773000000.0
sz300158,300158,sz,振东制药,5.1,-2.3,1.68,0.51,-16.69,1.51,-8.44,-3.04,3.24,1.39,-12.22,85480000.0,5061000000.0,5057000000.0
sz300025,300025,sz,华星创业,5.1,-0.58,1.55,0.71,-19.02,6.09,-3.41,2.0,22.89,2.0,-11.46,39980000.0,2595000000.0,2584000000.0
sz002391,002391,sz,长青股份,5.1,0.2,1.54,0.77,63.45,0.79,-1.54,-5.03,0.39,-5.7,-11.12,36370000.0,3313000000.0000005,2367000000.0
sz002204,002204,sz,大连重工,5.1,-1.16,0.99,1.15,15.35,1.23,-4.49,-5.73,-2.3,-15.23,-32.5,97790000.0,9850000000.0,9850000000.0
sh601949,601949,sh,中国出版,5.1,0.2,0.31,0.67,16.87,1.0,-2.3,-3.77,1.39,1.43,-19.66,30410000.0,9710000000.0,9710000000.0
sz300006,300006,sz,莱美药业,5.09,-3.42,7.79,1.62,-42.4,3.1,-3.42,-4.86,-0.39,-4.86,-0.97,428050000.0,5375000000.0,5374000000.0
sh600796,600796,sh,钱江生化,5.09,0.2,1.42,0.88,25.58,1.28,-1.55,-1.17,7.16,-4.31,-15.57,22300000.0,4411000000.0,1585000000.0
sz002291,002291,sz,遥望科技,5.08,-1.74,1.81,0.75,-14.39,1.6,-7.3,-10.09,5.39,-12.56,-20.5,79780000.0,4750000000.0,4415000000.0
sh603959,603959,sh,ST百利,5.08,0.0,2.22,1.3,-14.55,6370.47,0.99,13.14,24.82,17.05,-11.5,56010000.0,2491000000.0,2491000000.0
sh600229,600229,sh,城市传媒,5.08,-0.39,0.43,0.95,-7.74,1.21,-1.55,-1.74,7.4,-9.45,-19.87,14340000.0,3356000000.0,3356000000.0
sh600048,600048,sh,保利发展,5.06,-2.5,1.22,1.17,240.61,0.31,-3.07,-5.6,1.0,-11.77,-16.57,743240000.0,60570000000.00001,60570000000.00001
sz002676,002676,sz,顺威股份,5.05,-0.39,1.63,0.56,43.9,2.72,-0.39,-1.17,7.22,-5.08,-38.64,59170000.0,3636000000.0,3636000000.0
sz002476,002476,sz,新叶股份,5.05,0.8,2.27,0.78,102.86,3.21,0.6,8.84,18.82,-3.44,-30.25,69860000.0,3091000000.0,3091000000.0
sz002454,002454,sz,松芝股份,5.05,1.41,1.89,1.71,19.29,1.11,0.0,-0.59,7.91,-13.08,-17.02,82250000.0,4439000000.0,4431000000.0
sz002226,002226,sz,江南化工,5.05,1.0,0.47,0.72,18.18,1.41,-1.56,-1.94,6.09,0.96,-11.74,62660000.0,13377000000.000002,13377000000.000002
sz002099,002099,sz,海翔药业,5.05,-3.63,1.15,0.85,-110.68,1.65,-8.18,-6.83,-2.88,-8.51,-19.07,95010000.0,8175000000.0,8165000000.000001
sz000928,000928,sz,中钢国际,5.05,2.23,1.25,1.69,16.53,0.87,1.2,-1.75,0.2,-11.4,-21.09,89790000.0,7245000000.0,7245000000.0
sz300587,300587,sz,天铁科技,5.04,-3.45,3.41,1.07,-31.09,2.92,-2.33,-0.59,35.85,-0.59,-17.78,182040000.0,6543000000.000001,5305000000.0
sz000875,000875,sz,电投绿能,5.04,2.02,1.12,1.44,110.22,1.04,-0.98,-2.89,-1.75,-29.65,-10.38,187630000.0,18281000000.0,16846000000.0
sz000410,000410,sz,沈阳机床,5.04,-0.79,0.8,0.44,-251.79,3.2,-7.18,-0.4,6.78,-4.18,-29.51,78640000.0,13351000000.0,9934000000.0
sh601658,601658,sh,邮储银行,5.04,1.2,0.31,1.86,6.89,0.59,2.65,1.61,-0.98,3.17,-3.67,1120080000.0,605279000000.0,365540000000.0
sh600516,600516,sh,方大炭素,5.04,-0.79,0.59,0.53,213.68,1.24,-4.0,-3.45,-0.98,0.34,-11.31,120670000.0,20291000000.0,20291000000.0
sh600335,600335,sh,国机汽车,5.04,-4.18,3.14,2.37,16.08,0.64,-0.59,-2.33,1.82,-6.98,-21.59,236820000.0,7497000000.0,7497000000.0
sz002031,002031,sz,巨轮智能,5.03,-2.14,4.51,0.44,-46.6,5.7,-16.86,-5.27,7.71,-19.39,-36.01,434210000.0,11063000000.0,9626000000.0
sz000570,000570,sz,苏常柴Ａ,5.03,0.2,2.17,1.16,43.05,1.0,-0.98,-0.4,4.36,-9.21,-9.17,60270000.0,3550000000.0,2795000000.0
sh600202,600202,sh,哈空调,5.03,-0.4,1.59,1.16,-143.48,2.38,-0.4,0.6,14.06,-7.37,-14.31,30520000.0,1928000000.0,1928000000.0
sh600029,600029,sh,南方航空,5.03,0.8,0.36,1.1,29.55,2.46,0.0,-2.33,-2.33,-8.38,-37.2,244060000.0,91148000000.0,67789000000.0
sz300296,300296,sz,利亚德,5.02,-1.38,1.87,0.87,66.55,1.74,-7.21,-8.23,-1.76,-23.24,-19.29,218050000.0,13613999999.999998,11651000000.0
sh600238,600238,sh,ST椰岛,5.02,-0.79,1.24,0.91,-104.9,28.86,10.33,16.47,24.26,1.41,-20.7,27820000.0,2250000000.0,2235000000.0
sh600284,600284,sh,浦东建设,5.01,0.0,0.79,0.59,17.25,0.61,-3.84,-3.09,1.42,-16.36,-39.86,38130000.0,4861000000.0,4861000000.0
sz002081,002081,sz,金 螳 螂,5.0,-2.91,13.03,0.69,32.72,0.98,-14.09,24.69,35.5,-17.08,51.98,1679380000.0,13277000000.000002,13221000000.0
sz000690,000690,sz,宝新能源,5.0,4.82,6.42,3.24,9.9,0.84,5.71,2.88,1.42,-19.22,25.31,689990000.0,10879000000.0,10872000000.0
sh603878,603878,sh,武进不锈,5.0,-0.79,1.91,1.2,88.39,1.1,-1.77,-1.96,8.7,-22.96,-45.71,53610000.0,2806000000.0,2806000000.0
sz000530,000530,sz,冰山冷热,4.99,1.84,2.18,1.3,137.34,1.33,-1.38,-0.99,5.5,-19.26,-31.36,64760000.0,4208000000.0,2995000000.0
sh600770,600770,sh,综艺股份,4.99,-1.58,1.28,0.75,47.57,1.91,-7.25,-4.95,2.67,-19.26,-3.48,82860000.0,6487000000.0,6487000000.0
sh600358,600358,sh,国旅联合,4.99,-0.6,0.55,0.68,-164.41,2.69,-4.41,-7.76,2.46,-16.56,-17.66,13710000.0,5804000000.0,2520000000.0
sz300239,300239,sz,东宝生物,4.98,-5.5,2.9,1.29,53.97,1.71,-2.92,-2.35,6.41,-5.14,-14.84,86100000.0,2956000000.0,2937000000.0
sz002121,002121,sz,科陆电子,4.98,0.81,1.31,0.96,-31.54,23.48,-2.54,-4.05,3.32,-39.86,-35.32,91920000.0,8329000000.000001,7030000000.0
sz000498,000498,sz,山东路桥,4.98,1.22,0.59,1.26,3.6,0.47,0.4,-0.8,0.2,-2.05,-14.78,42590000.0,7731000000.0,7218000000.000001
sh603113,603113,sh,金能科技,4.98,-2.16,3.44,0.83,-6.56,0.58,8.03,8.03,16.08,-2.2,-17.85,145080000.0,4225000000.0,4225000000.0
sh600724,600724,sh,宁波富达,4.98,-0.99,0.29,0.65,38.81,2.61,-2.73,-4.23,1.22,-27.62,-11.7,21100000.0,7197000000.0,7195999999.999999
sz000701,000701,sz,厦门信达,4.97,-2.36,1.74,0.85,6.72,-14.38,-3.12,-2.55,8.75,-11.09,-24.35,57770000.0,3322000000.0,3319000000.0
sz000507,000507,sz,珠海港,4.97,0.4,0.55,0.5,19.78,0.77,0.0,-1.19,-1.58,-2.11,-3.63,24550000.0,4571000000.0,4485000000.0
sh688009,688009,sh,中国通号,4.97,1.64,0.35,1.24,14.43,1.14,1.22,0.0,1.02,7.34,-6.23,148750000.0,52630999999.99999,42846000000.0
sh601528,601528,sh,瑞丰银行,4.97,2.05,1.2,1.54,4.97,0.49,2.05,1.02,3.54,4.41,-9.47,109870000.0,9752000000.0,9223000000.0
sz300332,300332,sz,天壕能源,4.96,-0.6,4.3,1.32,-15.16,1.09,3.33,1.85,8.77,0.2,-4.98,172810000.0,4204999999.9999995,4029999999.9999995
sh600733,600733,sh,北汽蓝谷,4.96,-1.98,1.06,0.84,-7.05,5.24,-6.06,-9.16,1.02,-18.82,-38.23,321910000.0,31581000000.0,29983000000.0
sz000911,000911,sz,*ST广糖,4.95,0.81,2.33,0.62,-13.62,-24.07,3.99,0.0,21.92,-10.0,-32.28,46800000.0,1982000000.0,1982000000.0
sz300048,300048,sz,合康新能,4.94,-1.2,0.65,0.61,251.11,3.05,-1.4,-7.32,0.41,-15.41,-16.97,36360000.0,5594000000.0,5583000000.0
sh603176,603176,sh,汇通集团,4.94,0.61,0.85,1.13,111.97,2.21,1.02,4.88,20.78,-3.23,-5.82,19270000.0,2348000000.0,2281000000.0
sh600604,600604,sh,市北高新,4.94,10.02,2.0,0.98,-37.92,1.54,2.49,10.27,18.47,10.51,-10.83,139040000.0,9254000000.0,6953000000.0
sz000529,000529,sz,广弘控股,4.93,0.61,0.72,0.8,26.96,0.91,-0.8,1.23,8.83,-0.6,-16.3,20210000.0,2878000000.0,2810000000.0
sh603828,603828,sh,*ST利达,4.93,-5.01,0.87,0.95,-12.05,5.74,18.23,17.1,18.8,-17.14,-41.17,25920000.0,2938000000.0,2938000000.0
sz300168,300168,sz,万达信息,4.92,-1.2,0.91,0.78,-15.4,6.89,-5.57,-6.64,4.68,-6.64,-23.84,64530000.0,7088000000.0,7081000000.0
sz002343,002343,sz,慈文传媒,4.92,-1.4,2.15,0.83,-70.12,2.44,-4.28,-5.93,8.85,-6.99,-31.28,50610000.0,2331000000.0,2331000000.0
sz000100,000100,sz,TCL科技,4.92,-2.19,2.14,0.95,20.22,1.68,-5.2,1.03,-3.53,17.42,10.56,2128640000.0,102340000000.0,98966000000.0
sh600998,600998,sh,九州通,4.92,0.2,0.63,0.83,12.29,0.94,-1.4,-2.57,-3.15,6.96,0.0,156440000.0,24809000000.0,24809000000.0
sz000541,000541,sz,佛山照明,4.91,-0.61,0.39,0.67,42.79,1.11,-1.41,-1.41,0.82,0.0,-17.62,23520000.0,7541000000.0,6042000000.0
sh601816,601816,sh,京沪高铁,4.91,0.82,0.19,0.72,17.99,1.17,0.61,-1.9,0.31,-0.3,-2.87,460040000.0,240225000000.0,240225000000.0
sh600478,600478,sh,科力远,4.91,0.61,1.16,0.97,58.5,2.73,-1.01,-2.39,2.08,-16.78,-28.74,96780000.0,8317000000.0,8317000000.0
sh600163,600163,sh,中闽能源,4.91,0.2,0.55,0.81,20.02,1.28,-3.91,-7.71,-7.36,-28.74,-8.91,51670000.0,9344000000.0,9344000000.0
sz300066,300066,sz,三川智慧,4.9,-1.8,1.2,0.93,41.69,1.97,-7.02,-8.92,3.59,-6.84,-20.71,59150000.0,5096000000.0,4929000000.0
sh600390,600390,sh,五矿资本,4.9,1.24,0.74,1.29,41.75,0.52,0.2,-0.2,-0.2,3.24,-11.49,162040000.0,22041000000.0,22041000000.0
bj920146,920146,bj,华阳变速,4.9,-1.41,1.13,1.0,-15.41,3.61,-4.3,-4.3,3.59,-16.67,-43.22,6040000.0,661000000.0,532000000.0
sz002442,002442,sz,龙星科技,4.88,-1.81,1.65,1.07,123.95,1.34,-3.37,-4.87,4.27,-17.43,-21.42,39880000.0,2456000000.0,2399000000.0
sz002027,002027,sz,分众传媒,4.88,-0.41,0.92,0.71,20.67,5.04,-1.41,-7.75,-5.24,-9.46,-32.03,646990000.0,70478000000.0,70478000000.0
sz000597,000597,sz,东北制药,4.88,-2.59,1.9,0.47,27.81,1.27,-2.59,1.88,6.09,5.97,-5.52,131720000.0,6963000000.0,6877000000.0
sh600825,600825,sh,新华传媒,4.88,-1.21,0.56,0.88,119.7,2.05,-3.75,-4.13,4.05,-5.61,-20.87,28800000.0,5099000000.0,5099000000.0
sh600704,600704,sh,物产中大,4.88,0.62,0.68,1.16,6.99,0.61,0.21,-2.01,-0.41,0.62,-8.79,172290000.0,25235000000.0,25235000000.0
sz300318,300318,sz,博晖创新,4.87,-2.21,1.81,0.81,-41.81,3.11,-4.7,-3.18,4.96,-4.13,-22.33,70860000.0,3978000000.0,3859000000.0000005
sz300261,300261,sz,雅本化学,4.87,-2.6,1.06,0.63,-22.96,2.58,-5.98,-9.81,-4.88,-4.32,-27.64,49070000.0,4691000000.0,4592000000.0
sh600149,600149,sh,廊坊发展,4.87,-1.62,2.91,1.04,129.39,7.39,-1.42,-1.02,9.68,-15.74,-2.4,54200000.0,1851000000.0000002,1851000000.0000002
bj920057,920057,bj,百甲科技,4.87,-0.2,0.41,0.54,72.17,1.23,-1.22,-3.37,6.1,-10.23,-24.67,2330000.0,883000000.0,568000000.0
sz002575,002575,sz,群兴玩具,4.86,-2.02,3.1,0.49,-51.72,3.75,-11.8,-8.3,1.25,-12.43,-21.36,88190000.0,2996000000.0,2840000000.0
sz002266,002266,sz,浙富控股,4.86,0.62,1.53,1.2,17.5,2.06,-4.14,-6.18,7.05,-4.54,18.51,360060000.0,25366000000.0,23535000000.0
sz000419,000419,sz,通程控股,4.86,-0.82,1.24,1.08,23.32,0.8,-2.02,-0.61,8.24,-2.61,-22.36,32900000.0,2642000000.0,2642000000.0
sh601956,601956,sh,东贝集团,4.86,-2.41,1.05,1.26,-72.22,1.28,-2.8,-2.41,6.58,-4.89,-30.87,31800000.0,3021000000.0,3021000000.0
sh600638,600638,sh,新黄浦,4.86,-0.41,1.75,1.06,25.5,0.7,-2.02,-3.57,8.24,-13.51,-24.52,57200000.0,3272999999.9999995,3272999999.9999995
sh600023,600023,sh,浙能电力,4.86,0.0,0.25,1.46,8.81,0.89,-0.61,-2.02,-4.33,-21.49,4.07,160300000.0,65166000000.0,65166000000.0
sh600975,600975,sh,新五丰,4.85,-1.02,0.91,0.77,-4.76,3.39,-2.02,-3.77,1.68,-3.39,-17.66,55000000.0,6061000000.0,6061000000.0
sh600517,600517,sh,国网英大,4.85,0.0,0.26,0.98,11.97,1.18,-2.41,-4.15,-2.61,-8.46,-18.05,71870000.0,27733999999.999996,27733999999.999996
sz300128,300128,sz,锦富技术,4.82,-2.63,5.76,2.15,-18.82,14.85,1.26,1.9,13.41,-38.13,-33.97,367860000.0,6262000000.0,6254000000.0
sz000937,000937,sz,冀中能源,4.82,2.55,0.92,1.63,46.25,0.99,3.43,1.69,1.26,-0.7,0.42,166030000.0,18735000000.0,18204000000.0
sh600858,600858,sh,银座股份,4.82,-0.82,1.23,0.92,43.26,0.91,-2.82,-2.23,7.11,-7.84,-22.63,30780000.0,2507000000.0,2495000000.0
sz002252,002252,sz,上海莱士,4.81,-0.21,0.66,0.76,23.9,0.99,-2.83,-4.18,-5.13,-8.85,-23.55,208860000.0,31711000000.0,31689999999.999996
sz000619,000619,sz,海螺新材,4.81,-0.82,1.2,0.85,-24.37,0.85,-0.62,-0.21,12.38,-13.33,-22.54,20740000.0,2122000000.0,1732000000.0
sz000521,000521,sz,长虹美菱,4.81,0.0,0.42,0.6,96.75,0.84,-1.84,-3.61,-0.82,-10.34,-24.19,17530000.0,4954000000.0,4210000000.0
sz300291,300291,sz,百纳千成,4.8,-1.84,2.6,0.73,-4.17,2.22,-7.87,-12.89,3.0,-31.23,-35.91,116570000.0,4521000000.0,4463000000.0
sz002678,002678,sz,珠江钢琴,4.8,-2.04,1.18,0.71,-17.73,2.14,2.13,3.23,15.11,-20.13,-9.94,77790000.0,6520000000.0,6516000000.0
sz000755,000755,sz,山西高速,4.8,0.42,0.27,0.73,14.98,1.32,-0.83,1.48,5.49,-5.51,-0.41,18620000.0,7043000000.000001,7043000000.000001
sh600219,600219,sh,南山铝业,4.8,1.05,1.54,0.62,12.65,1.11,-1.23,-4.38,6.19,-7.69,-8.47,845900000.0,55122000000.0,55122000000.0
sz002628,002628,sz,成都路桥,4.79,-2.44,1.66,0.37,-40.8,1.31,-7.53,-3.62,7.64,-3.04,16.55,59890000.0,3627000000.0000005,3618000000.0
sz002494,002494,sz,华斯股份,4.79,-0.83,2.51,0.98,79.88,1.44,-1.64,-0.83,13.78,-9.96,-11.13,34410000.0,1807000000.0,1374000000.0
sh600917,600917,sh,重庆燃气,4.79,-0.62,0.32,1.2,41.49,1.29,-0.42,-1.64,0.21,-5.65,-12.06,24200000.0,7477000000.0,7477000000.0
sz002562,002562,sz,兄弟科技,4.78,-2.45,2.48,0.47,49.92,1.53,-3.24,3.02,11.16,-3.24,-24.84,96860000.0,5463000000.0,3889000000.0
sz000930,000930,sz,中粮科技,4.78,1.27,1.2,0.52,-71.79,0.86,-0.62,-0.21,5.52,-5.91,-16.72,105920000.0,8874000000.0,8873000000.0
sz000546,000546,sz,金圆股份,4.78,0.21,2.08,1.08,-8.49,1.02,-0.62,-1.65,14.63,-14.49,-25.08,69620000.0,3717000000.0,3329999999.9999995
sh600582,600582,sh,天地科技,4.78,0.21,0.52,0.91,13.71,0.8,-1.24,-1.85,-1.65,-6.64,-13.56,103010000.0,19782000000.0,19782000000.0
sh600558,600558,sh,大西洋,4.78,0.0,1.25,0.54,21.78,1.81,-5.35,-1.04,6.46,-11.65,-20.07,53660000.0,4290999999.9999995,4290999999.9999995
sh600282,600282,sh,南钢股份,4.78,3.69,1.06,1.48,10.81,1.06,4.14,1.06,-3.43,-2.85,-6.7,310820000.0,29469000000.0,29469000000.0
sz300269,300269,sz,联建光电,4.77,-1.04,2.22,0.92,-616.71,31.41,-2.85,-1.85,10.67,-8.97,-27.29,55640000.0,2609000000.0,2507000000.0
sz002702,002702,sz,海欣食品,4.77,-1.85,3.6,0.63,-61.67,2.62,-6.1,-3.25,13.3,-13.27,-33.01,78680000.0,2651000000.0,2188000000.0
sz002574,002574,sz,明牌珠宝,4.77,1.06,3.63,2.9,-8.15,0.93,2.8,1.49,13.3,-4.79,-15.12,91780000.0,2519000000.0,2519000000.0
sh600287,600287,sh,苏豪时尚,4.77,-0.63,0.8,1.1,91.22,0.91,-1.24,0.0,13.03,-6.65,-12.64,16730000.0,2084000000.0,2084000000.0
sz300182,300182,sz,捷成股份,4.76,-1.45,2.6,0.73,61.69,1.49,-7.39,-11.19,5.94,-16.54,-13.66,277660000.0,12680000000.0,10755000000.0
sh600982,600982,sh,宁波能源,4.76,-0.63,1.02,0.71,14.07,1.22,-4.03,-8.46,-5.37,-27.77,14.15,54270000.0,5320000000.0,5320000000.0
sz300737,300737,sz,科顺股份,4.75,-1.25,2.18,0.74,-10.29,1.34,-6.31,-9.0,-0.84,-34.57,-12.68,91930000.0,5274000000.0,4214000000.0
sh600966,600966,sh,博汇纸业,4.75,-1.04,0.59,0.83,40.32,0.85,-2.66,-7.41,3.94,-19.31,-30.22,37270000.0,6350000000.0,6350000000.0
sh600381,600381,sh,*ST春天,4.75,-3.85,1.14,0.9,-44.61,2.85,3.94,11.76,28.38,-16.67,7.22,32250000.0,2789000000.0,2789000000.0
sz002616,002616,sz,长青集团,4.74,-0.21,1.04,0.72,13.64,1.16,-1.04,-2.07,1.94,-17.28,-9.02,28930000.0,4072999999.9999995,2785000000.0
sh603797,603797,sh,联泰环保,4.74,-0.21,1.49,0.39,21.65,0.81,-2.27,3.27,24.74,8.97,1.5,40450000.0,2733000000.0,2733000000.0
sh600120,600120,sh,浙江东方,4.74,-0.63,0.73,0.62,11.52,0.97,-6.14,-7.96,-4.44,-0.67,-22.14,119260000.0,16188999999.999998,16188999999.999998
bj920433,920433,bj,大唐药业,4.74,-3.07,1.18,0.48,-14.78,3.19,-6.32,-4.05,2.6,-1.66,-19.25,9620000.0,1213000000.0,802999999.9999999
sz002629,002629,sz,仁智股份,4.73,-0.21,2.43,0.91,242.75,31.96,-1.66,0.64,12.35,-9.21,-30.65,41360000.0,2014999999.9999998,1713000000.0
sh600863,600863,sh,华能蒙电,4.73,2.6,2.36,1.47,16.35,1.93,-3.27,0.42,-0.21,-33.19,11.03,803370000.0,37060000000.0,33410000000.000004
sz300205,300205,sz,*ST天喻,4.72,-3.08,0.49,0.93,-3.43,5.25,-4.45,-7.99,-3.48,-16.61,-1.67,10070000.0,2030000000.0,2030000000.0
sz002701,002701,sz,奥瑞金,4.72,1.72,0.79,1.03,14.06,1.22,-0.84,-3.67,-0.63,-3.87,-19.04,95270000.0,12082000000.0,12071000000.0
sz002303,002303,sz,美盈森,4.72,0.21,3.33,0.77,33.66,1.64,-8.88,-13.71,0.85,47.04,19.49,166200000.0,7228000000.0,5038000000.0
sz000716,000716,sz,黑芝麻,4.72,-1.67,4.65,0.42,-207.0,1.41,-10.61,-2.28,8.51,-19.18,-24.24,161420000.0,3554000000.0,3472999999.9999995
sh600526,600526,sh,菲达环保,4.72,2.39,2.21,1.83,13.19,0.9,4.66,4.42,11.58,0.21,-11.11,90980000.0,4194000000.0,4121000000.0
sz002035,002035,sz,华帝股份,4.71,0.43,1.27,0.54,13.5,1.06,-2.48,-3.88,0.64,-5.65,-21.55,46770000.0,3992000000.0,3683000000.0
sh603300,603300,sh,海南华铁,4.71,-1.26,1.4,0.8,22.21,1.38,-5.04,-5.99,-0.63,-15.59,-40.0,131370000.0,9416000000.0,9416000000.0
sz002355,002355,sz,兴民智通,4.7,-2.29,3.36,1.09,-9.23,3.93,-3.69,0.43,10.85,-14.39,-22.44,99210000.0,3142000000.0,2905000000.0
sh601006,601006,sh,大秦铁路,4.7,0.64,0.55,0.97,15.46,0.57,0.0,-1.67,-2.69,-6.89,-6.34,507520000.0,93356000000.0,93356000000.0
sz002712,002712,sz,思美传媒,4.69,0.0,2.11,1.08,-51.37,1.85,-2.29,-2.9,11.4,-8.04,-15.65,52910000.0,2553000000.0,2537000000.0
sz002193,002193,sz,ST如意,4.69,-1.05,1.25,0.68,-3.35,5.97,-5.82,-0.42,26.76,-1.26,-11.84,15260000.0,1227000000.0,1227000000.0
sh600080,600080,sh,ST金花,4.69,-2.09,0.48,0.82,172.11,1.1,-3.7,-5.44,0.21,-14.73,-37.8,8450000.0,1751000000.0000002,1751000000.0000002
sz001330,001330,sz,博纳影业,4.68,-2.5,3.19,0.76,-11.62,1.69,-7.69,-13.17,-0.21,-48.29,-38.42,174960000.0,6433000000.0,5442000000.0
sz003012,003012,sz,东鹏控股,4.67,-0.21,0.69,1.16,16.25,0.74,-1.48,-1.89,3.78,-7.3,-25.97,37040000.0,5403000000.0,5299000000.0
sz002094,002094,sz,青岛金王,4.67,1.3,2.23,1.24,159.42,2.19,-1.06,-3.11,7.36,-10.54,-38.95,71500000.0,3226000000.0,3224000000.0
sz002793,002793,sz,罗欣药业,4.66,-6.8,4.13,1.01,-19.77,4.5,-14.02,-12.08,-3.72,8.62,-2.92,212710000.0,5068000000.0,5060000000.0
sz000059,000059,sz,华锦股份,4.66,-1.06,3.02,0.83,-18.22,0.74,1.3,0.0,2.42,5.19,-12.9,224990000.0,7453000000.0,7453000000.0
sh603188,603188,sh,亚邦股份,4.66,1.75,5.47,1.52,-59.34,3.77,-0.85,4.95,23.94,3.1,1.53,147630000.0,2657000000.0,2657000000.0
sh603183,603183,sh,建研院,4.66,-2.31,3.23,0.99,-1142.73,1.45,-2.31,-0.43,14.5,13.38,8.25,74470000.0,2317000000.0,2317000000.0
sh600119,600119,sh,*ST长投,4.66,-1.06,0.97,1.45,-39.68,22.93,2.64,0.87,11.22,-17.96,-40.64,16860000.0,1702000000.0,1702000000.0
sz300365,300365,sz,恒华科技,4.64,1.09,2.17,1.03,-10.48,1.78,-3.93,-3.93,2.65,-15.48,-26.58,51130000.0,2783000000.0,2374000000.0
sz300180,300180,sz,华峰超纤,4.64,2.43,7.07,2.7,2892.25,1.75,6.91,4.74,14.0,-5.4,-33.0,558960000.0,8170999999.999999,7947000000.0
sz002302,002302,sz,西部建设,4.64,0.22,0.4,0.69,-6.96,0.75,-2.52,-8.84,4.5,-10.42,-24.18,23690000.0,5857000000.0,5857000000.0
sz002010,002010,sz,传化智联,4.64,-0.22,0.41,0.86,19.46,0.72,-2.52,-4.13,1.53,-11.28,-18.74,52910000.0,12825000000.0,12794000000.0
sh601608,601608,sh,中信重工,4.64,-0.43,0.48,0.67,55.97,2.29,-4.92,-5.88,3.41,-16.05,-29.24,101450000.0,21249000000.0,21249000000.0
sz002863,002863,sz,今飞凯达,4.63,-1.49,2.25,0.34,43.25,0.98,-7.21,1.76,11.3,-6.46,-20.99,62350000.0,2776000000.0,2776000000.0
sz000753,000753,sz,漳州发展,4.63,-0.64,1.13,0.73,66.04,1.67,-3.54,-4.54,2.43,-13.05,-41.06,51820000.0,4591000000.0,4591000000.0
sh600936,600936,sh,北投科技,4.63,-6.28,4.12,0.81,-302.58,7.57,-7.58,-24.84,-9.92,-12.81,9.72,324380000.0,7737000000.0,7737000000.0
sz000035,000035,sz,中国天楹,4.62,1.09,0.91,0.87,38.11,1.03,-1.99,-5.21,-0.09,-21.08,-15.75,96300000.0,11033000000.0,10686000000.0
sh601669,601669,sh,中国电建,4.62,0.22,0.41,0.75,8.52,0.55,-1.49,-4.15,-3.55,-11.73,-9.32,248880000.0,79585000000.0,60390000000.0
sh600075,600075,sh,新疆天业,4.62,-0.22,1.58,1.39,-300.27,0.88,3.36,0.0,2.67,-8.33,-6.67,124280000.0,7890000000.000001,7890000000.000001
sz002419,002419,sz,天虹股份,4.61,0.66,0.67,0.58,65.55,1.35,-0.43,0.0,6.22,-5.92,-15.58,35400000.0,5261000000.0,5261000000.0
sz002044,002044,sz,美年健康,4.61,-1.71,1.48,0.59,59.04,2.3,-7.06,-13.02,3.83,-18.85,-12.54,264520000.0,18045000000.0,17860000000.0
sz000599,000599,sz,青岛双星,4.61,-1.07,1.0,0.7,-62.1,1.82,-4.55,-8.17,2.9,-9.07,-30.36,37640000.0,11263000000.0,3765000000.0
sh600812,600812,sh,华北制药,4.61,-6.11,2.16,1.24,64.09,1.43,-8.71,-8.17,-3.35,2.33,-16.11,173040000.0,7909999999.999999,7909999999.999999
sh600805,600805,sh,悦达投资,4.61,3.13,2.12,3.23,47.85,0.91,4.3,4.54,11.35,-1.28,-14.79,82960000.0,3922999999.9999995,3920000000.0000005
bj920964,920964,bj,润农节水,4.61,-1.5,2.64,0.51,-63.86,1.38,0.88,0.88,10.29,-7.8,-31.09,18310000.0,1204000000.0,681000000.0
sz002337,002337,sz,赛象科技,4.6,-0.65,0.79,0.7,53.9,2.05,-2.13,-1.29,8.49,-11.61,-29.71,21450000.0,2708000000.0,2705000000.0
sz002427,002427,sz,尤夫股份,4.59,1.32,4.08,1.46,355.97,4.78,4.56,3.61,13.9,-0.86,-31.59,182220000.0,4523000000.0,4519000000.0
sh601368,601368,sh,绿城水务,4.59,-0.22,0.43,0.95,34.25,0.84,1.1,1.55,6.0,-0.11,-6.8,17270000.0,4053000000.0,4053000000.0
sh600655,600655,sh,豫园股份,4.59,2.0,0.45,1.39,-3.72,0.6,-0.86,-1.5,3.38,-3.16,-10.53,80100000.0,17861000000.0,17854000000.0
sh600281,600281,sh,华阳新材,4.59,-0.65,4.87,0.6,-22.5,41.97,-5.36,1.32,18.3,-6.13,-22.2,115740000.0,2361000000.0,2361000000.0
sz300187,300187,sz,永清环保,4.57,0.22,0.93,0.51,23.07,2.5,-2.97,-4.79,3.16,-20.66,-5.58,27130000.0,2950000000.0,2936000000.0
sz300176,300176,sz,鸿特科技,4.57,-2.35,6.14,1.6,50.47,2.49,-3.24,-4.71,3.3,-15.37,-20.63,149380000.0,2429000000.0,2429000000.0
sz300172,300172,sz,中电环保,4.57,-0.65,1.38,0.76,33.66,1.6,-1.93,-0.87,6.28,-4.59,-14.58,33110000.0,3093000000.0,2392000000.0
sz000707,000707,sz,双环科技,4.57,-1.3,1.29,1.13,-15.09,0.99,-1.08,-0.65,8.29,-5.38,-24.46,32510000.0,2672000000.0,2517000000.0
sz300569,300569,sz,天能重工,4.56,-3.39,1.41,1.6,51.26,0.89,-6.56,-8.62,-3.8,-14.93,-20.31,65820000.0,4664000000.0,4650000000.0
sz300412,300412,sz,迦南科技,4.56,-0.44,3.46,1.27,112.33,2.22,-1.51,2.01,17.83,1.06,-13.83,73140000.0,2270000000.0,2132999999.9999998
sh600611,600611,sh,大众交通,4.56,2.93,7.24,1.4,-186.67,1.13,-7.51,0.0,13.43,-3.18,-16.18,535220000.0,10780000000.0,7129000000.000001
sz002424,002424,sz,ST百灵,4.55,0.66,0.62,1.08,-63.37,2.0,-0.87,-0.87,2.02,-0.87,4.6,32680000.0,6359000000.0,5241000000.0
sz000886,000886,sz,海南高速,4.55,0.22,1.09,0.85,31.08,1.42,-0.44,-1.09,2.02,-5.01,-33.67,48400000.0,4499000000.0,4449000000.0
sh600802,600802,sh,福建水泥,4.55,-1.09,1.43,1.19,-9.62,2.49,-1.3,-0.44,13.47,-10.26,-30.64,29930000.0,2085000000.0000002,2085000000.0000002
sh600027,600027,sh,华电国际,4.55,2.02,0.79,1.44,9.0,1.09,0.0,-2.57,-2.78,-16.05,-5.6,330220000.0,52834000000.0,41931000000.0
sh601000,601000,sh,唐山港,4.54,1.34,0.66,1.01,12.89,1.3,1.57,-2.16,-2.99,3.42,24.73,176130000.0,26904000000.000004,26904000000.000004
sh600787,600787,sh,中储股份,4.54,0.67,0.68,1.1,18.21,0.72,-0.66,-1.52,0.0,-2.72,-17.56,67330000.0,9852000000.0,9852000000.0
sz002682,002682,sz,龙洲股份,4.53,-1.31,5.35,0.46,-4.32,4.83,-11.18,-0.44,11.3,-10.83,-47.14,136570000.0,2548000000.0,2548000000.0
sh600854,600854,sh,春兰股份,4.53,-0.44,0.97,0.87,18.66,0.97,-0.22,-0.22,9.42,-6.98,-6.98,22810000.0,2353000000.0,2353000000.0
sz000566,000566,sz,海南海药,4.52,-6.61,6.92,0.73,-13.39,1318.53,-17.22,-25.29,-14.72,9.98,-36.78,412800000.0,5864000000.0,5861000000.0
sh603007,603007,sh,顺景科技,4.52,-2.16,1.81,0.82,-17.87,17.1,-6.22,-8.13,1.57,-24.16,-25.17,56820000.0,3997999999.9999995,3142000000.0
sh600728,600728,sh,佳都科技,4.51,-1.53,0.84,0.73,146.2,1.22,-3.22,-5.45,1.12,-6.47,-32.4,81120000.0,9618000000.0,9618000000.0
sh600405,600405,sh,动力源,4.51,-1.53,1.29,0.79,-9.85,71.65,-0.88,2.04,15.64,2.27,-13.44,35520000.0,2764000000.0,2764000000.0
sz300664,300664,sz,鹏鹞环保,4.5,-1.1,0.85,0.85,31.11,0.78,-3.43,-3.43,1.58,-8.91,-15.29,27750000.0,3388000000.0000005,3263000000.0000005
sz000415,000415,sz,渤海租赁,4.5,-2.17,1.65,1.81,5.78,0.89,-2.81,-3.02,4.9,9.22,11.11,403960000.0,27830000000.0,24268000000.0
sh600185,600185,sh,珠免集团,4.5,0.0,0.78,0.8,-9.43,98.25,-3.02,-5.66,-2.39,-17.58,-33.92,65970000.0,8483000000.0,8483000000.0
bj920985,920985,bj,海泰新能,4.5,-1.32,0.78,0.62,-2.05,2.68,-4.26,-7.02,0.45,-20.07,-37.41,7820000.0,1393000000.0,986999999.9999999
sz000883,000883,sz,湖北能源,4.49,1.35,0.38,1.33,15.44,0.87,0.22,-3.23,-4.06,-13.32,2.28,111000000.0,31786000000.0,29093000000.0
sz000088,000088,sz,盐 田 港,4.49,1.13,0.63,0.98,15.83,1.31,0.67,0.67,3.22,2.91,3.38,89670000.0,23346000000.0,14201000000.0
sh600635,600635,sh,大众公用,4.49,0.0,0.95,0.79,48.76,1.52,-3.85,-4.67,1.58,-13.65,-30.82,103090000.0,13256000000.0,10860000000.0
sh600429,600429,sh,三元股份,4.49,-0.22,0.57,0.58,-31.56,1.4,-3.23,-3.02,7.93,-8.37,-13.32,38030000.0,6723999999.999999,6723999999.999999
sz002178,002178,sz,延华智能,4.48,0.9,1.18,0.57,-408.66,7.48,-3.66,-3.24,5.16,-21.68,-29.89,37420000.0,3190000000.0,3189000000.0
sh600556,600556,sh,天下秀,4.48,-2.18,1.55,0.78,390.16,2.12,-9.13,-12.5,3.46,-13.76,-26.13,125890000.0,8098999999.999999,8098999999.999999
sz002743,002743,sz,富煌钢构,4.47,-2.83,8.45,1.13,-2.04,0.84,10.1,10.37,30.7,-5.89,-17.83,167160000.0,1946000000.0,1943000000.0
sz002697,002697,sz,红旗连锁,4.47,0.0,0.81,0.39,13.0,1.24,-2.4,-5.7,-1.11,-10.06,-23.37,41340000.0,6079000000.0,5132000000.0
sz002016,002016,sz,世荣兆业,4.47,-1.11,0.76,0.68,23.81,0.74,-0.89,-0.67,8.76,-5.54,-22.42,27690000.0,3617000000.0,3617000000.0
sz002004,002004,sz,华邦健康,4.47,-0.67,1.93,1.04,13.74,0.88,-0.89,0.0,4.68,4.41,-1.35,161520000.0,8850000000.0,8428000000.0
sh601068,601068,sh,中铝国际,4.46,0.22,0.4,0.88,50.83,4.29,-0.45,-4.29,1.83,-19.35,-15.69,45930000.0,13322000000.0,11416000000.0
sh600502,600502,sh,安徽建工,4.46,0.9,1.28,1.02,4.95,0.64,0.68,-3.46,-4.09,-12.89,0.9,97800000.0,7656000000.0,7656000000.0
sz002586,002586,sz,ST围海,4.45,-4.51,1.17,1.21,19.15,1.59,3.25,17.11,25.0,0.68,-0.89,57720000.0,5092000000.0,4839000000.0
sz002059,002059,sz,云南旅游,4.45,-1.55,1.17,1.6,-12.11,4.73,-0.67,-1.98,3.73,-2.84,-17.29,51660000.0,4505000000.0,4407000000.0
sz000548,000548,sz,湖南投资,4.45,-0.67,1.02,1.02,58.89,1.08,-0.89,-1.11,8.01,-7.29,-17.74,22710000.0,2222000000.0,2222000000.0
sh600925,600925,sh,苏能股份,4.45,2.3,1.2,2.41,139.88,1.98,2.53,1.83,2.77,-4.91,-1.55,85290000.0,30656000000.0,7147000000.0
sz300376,300376,sz,易事特,4.44,0.0,0.77,1.06,-1950.71,1.59,-6.92,-7.88,-1.51,-13.42,-31.57,80020000.0,10337000000.0,10334000000.0
sz002467,002467,sz,二六三,4.44,-1.33,1.83,0.46,-19.53,3.91,-11.02,-7.5,0.68,-19.42,-27.09,111090000.0,6107000000.0,6069000000.0
sz002172,002172,sz,澳洋健康,4.44,9.9,16.14,0.62,100.29,16.99,-11.02,30.21,43.23,33.73,11.84,519430000.0,3400000000.0,3397000000.0
sz000166,000166,sz,申万宏源,4.44,0.68,0.24,1.14,11.25,0.99,-0.78,-1.0,-3.16,2.42,-14.53,241090000.0,111177000000.0,100058000000.0
sz300076,300076,sz,*ST宁视,4.43,-1.77,0.87,0.95,-23.33,2.24,-2.64,-5.74,10.75,-7.13,-46.63,16500000.0,1878000000.0,1878000000.0
sz002316,002316,sz,亚联发展,4.43,-0.45,2.38,0.85,416.69,22.24,-2.85,-2.21,15.36,-11.04,-6.34,35650000.0,1742000000.0000002,1510000000.0
sz002092,002092,sz,中泰化学,4.43,-0.67,1.52,0.83,-580.15,0.53,-1.12,-3.7,0.0,-4.53,-11.04,173640000.0,11474000000.0,11410000000.0
sh601668,601668,sh,中国建筑,4.42,0.68,0.41,0.83,4.81,0.38,1.38,-2.64,-4.54,-3.03,-9.02,751480000.0,182636000000.0,182636000000.0
sh601216,601216,sh,君正集团,4.42,0.91,0.47,1.02,12.32,1.4,-1.12,-3.7,-4.54,-6.75,-0.45,173340000.0,37296000000.0,37296000000.0
sz300079,300079,sz,数码视讯,4.41,0.68,1.61,1.15,160.57,1.54,-3.5,-3.29,3.76,-13.02,-17.88,91770000.0,6289000000.0,5699000000.0
sz002659,002659,sz,凯文教育,4.41,0.0,2.2,1.06,-152.38,1.23,-4.13,-8.12,11.93,-0.45,-24.74,57600000.0,2638000000.0,2638000000.0
sh600603,600603,sh,广汇物流,4.41,-4.34,1.72,1.04,42.13,0.71,-2.65,-1.34,5.0,-6.96,-29.1,88930000.0,5088000000.0,5088000000.0
sh600168,600168,sh,武汉控股,4.41,-0.23,0.57,0.79,41.57,0.81,0.0,1.61,5.25,-8.92,-12.88,25010000.0,4381000000.0,4381000000.0
sz002839,002839,sz,张家港行,4.4,1.62,1.22,1.08,5.4,0.57,2.8,0.92,0.92,3.77,-1.12,130440000.0,10755000000.0,10745000000.0
sz002570,002570,sz,贝因美,4.4,-1.12,1.08,0.65,31.63,2.92,-5.38,-2.87,8.64,-11.82,-28.1,51640000.0,4752000000.0,4752000000.0
sz002131,002131,sz,利欧股份,4.4,-3.72,4.65,0.6,-692.58,2.35,-17.29,-18.52,9.73,-26.42,-21.58,1200430000.0,29795999999.999996,25761000000.0
sz002593,002593,sz,日上集团,4.39,-1.13,1.95,1.04,27.56,1.45,-2.66,-1.57,5.28,-6.99,-25.09,48070000.0,3529000000.0,2461000000.0
sz300098,300098,sz,高新兴,4.38,-1.35,1.84,0.91,-1059.13,2.87,-6.61,-6.41,0.23,-17.51,-28.2,124410000.0,7611000000.0,6753000000.0
sh601968,601968,sh,宝钢包装,4.38,0.23,0.41,1.01,28.55,1.24,-1.35,-3.52,4.29,-4.58,-17.51,22770000.0,5588000000.0,5588000000.0
sz002183,002183,sz,怡 亚 通,4.37,0.0,1.35,0.81,-34.99,1.25,-5.41,-5.82,-0.91,-28.94,-8.19,153400000.0,11349000000.0,11349000000.0
sh601390,601390,sh,中国中铁,4.36,1.4,0.43,1.27,5.04,0.34,-0.23,-3.54,-1.67,-6.92,-18.11,380560000.0,106957000000.0,88612000000.0
sh601008,601008,sh,连云港,4.36,0.69,1.14,0.55,30.28,1.3,-0.23,-0.23,0.69,-0.68,-17.11,61930000.0,5409000000.0,5409000000.0
sh600179,600179,sh,安通控股,4.36,-0.46,1.03,1.06,16.8,1.52,1.4,2.83,4.06,-0.46,-21.01,174430000.0,18449000000.0,16840000000.0
sz002453,002453,sz,华软科技,4.35,-0.91,1.43,0.72,-12.92,4.74,-3.12,-1.58,8.48,-25.0,-31.28,37500000.0,3534000000.0000005,2622000000.0
sz002108,002108,sz,沧州明珠,4.35,0.93,1.39,1.27,47.97,1.45,-0.68,-1.58,2.35,-11.76,-7.84,99720000.0,7170999999.999999,7169000000.0
sh600620,600620,sh,天宸股份,4.35,-0.46,0.66,0.87,489.42,2.09,-0.46,0.46,10.41,-9.0,-33.08,19720000.0,2987000000.0,2987000000.0
sz300123,300123,sz,ST亚光,4.34,-3.56,1.8,0.72,-3.6,14.21,-5.03,-2.91,8.5,4.33,-46.42,78330000.0,4435000000.0,4314000000.0
sz300043,300043,sz,星辉娱乐,4.34,-2.25,1.51,0.73,13.47,3.13,-9.01,-11.61,-1.36,-6.87,-22.5,81500000.0,5400000000.0,5397000000.0
sz002681,002681,sz,奋达科技,4.34,-2.03,1.59,0.81,-55.85,3.65,-5.03,-5.65,3.58,-20.07,-34.74,108700000.0,7789000000.0,6811000000.0
sh600130,600130,sh,波导股份,4.34,0.23,2.33,0.88,568.06,3.58,-1.59,-0.46,16.35,-11.97,3.58,74760000.0,3254999999.9999995,3254999999.9999995
bj920030,920030,bj,德众汽车,4.34,-0.69,0.6,0.6,-25.08,1.78,-2.47,-3.77,2.6,-13.89,-36.64,2960000.0,776000000.0,488000000.0
sh688223,688223,sh,晶科能源,4.33,-1.37,0.63,0.96,-6.5,1.78,-3.56,-5.04,4.09,-26.11,-23.23,280630000.0,44467000000.0,44467000000.0
sh600106,600106,sh,重庆路桥,4.33,0.93,1.14,1.61,99.01,1.08,-1.37,-5.04,4.84,-18.52,-30.54,65640000.0,5755000000.0,5755000000.0
sz300310,300310,sz,宜通世纪,4.32,-0.46,2.05,0.71,228.5,2.02,-4.0,-3.57,6.67,-18.64,-26.9,61350000.0,3809000000.0000005,2987000000.0
sz300160,300160,sz,秀强股份,4.32,-0.46,0.85,1.02,27.61,1.26,-2.04,-1.59,3.85,-13.94,-19.48,27970000.0,3339000000.0,3296000000.0
sz300155,300155,sz,安居宝,4.31,-2.71,6.42,0.77,-44.26,2.02,-0.46,0.23,13.12,-8.88,-34.4,91410000.0,2419000000.0,1420000000.0
sz000525,000525,sz,红太阳,4.31,1.17,3.14,0.57,-13.87,2.26,-4.86,-6.1,-2.93,-10.95,-21.06,154070000.0,5616000000.0,4792000000.0
sh600279,600279,sh,重庆港,4.31,0.0,0.56,0.98,75.48,0.76,1.65,-0.23,5.12,-7.77,-20.82,28920000.0,5115000000.0,5115000000.0
sh600207,600207,sh,安彩高科,4.31,-1.15,1.37,1.06,-6.11,2.5,-4.43,-4.01,5.12,-42.76,-16.31,64690000.0,4695000000.0,4695000000.0
sz002145,002145,sz,钛能化学,4.3,0.0,0.8,0.81,31.64,1.24,-4.23,-5.7,-4.02,-0.02,-11.54,130460000.0,16369000000.0,16368000000.0
sz000822,000822,sz,山东海化,4.3,-0.69,1.15,1.03,-2.73,1.08,-1.38,-1.15,4.37,-10.6,-18.1,44060000.0,3849000000.0,3849000000.0
sh600717,600717,sh,天津港,4.3,1.65,0.9,1.36,10.78,0.61,1.42,0.94,0.94,-2.01,-1.56,112030000.0,12444000000.0,12444000000.0
sz300350,300350,sz,华鹏飞,4.28,-1.38,2.01,1.04,-63.41,2.74,-2.06,-3.17,8.35,-6.14,-32.17,40580000.0,2405000000.0,2018000000.0
sz002564,002564,sz,天沃科技,4.28,-3.17,1.53,1.43,-169.38,33.63,-6.14,-6.14,0.71,-17.05,-44.42,56590000.0,3676000000.0,3676000000.0
sz000757,000757,sz,浩物股份,4.28,-0.7,1.75,0.94,63.31,1.41,-0.7,-0.7,22.29,6.73,-12.11,39920000.0,2280000000.0,2280000000.0
sz300317,300317,sz,珈伟新能,4.27,4.4,9.33,1.2,-19.86,2.5,-5.32,-11.78,-10.67,-25.35,11.2,331590000.0,3545000000.0000005,3539000000.0
sz002634,002634,sz,*ST棒杰,4.26,-2.07,0.63,0.75,-1.96,-2.51,-2.07,-4.91,6.77,-6.58,-24.6,12030000.0,1957000000.0,1884000000.0
sz000520,000520,sz,凤凰航运,4.26,-0.23,4.26,1.01,-282.06,9.64,0.95,7.04,10.08,18.01,-11.98,183720000.0,4311000000.0,4311000000.0
sz000030,000030,sz,富奥股份,4.26,0.0,0.42,0.73,11.03,0.89,-1.62,-0.7,2.4,-3.84,-23.79,29790000.0,7326000000.000001,7118000000.000001
sh600289,600289,sh,ST信通,4.26,-1.84,0.28,0.88,-5.5,2.99,-6.37,-2.96,-2.96,-30.05,-35.84,6720000.0,2688000000.0,2411000000.0
sz300230,300230,sz,永利股份,4.25,-0.47,0.95,0.75,19.39,1.11,-0.47,-0.93,4.17,-8.5,-7.51,25310000.0,3456000000.0,2677000000.0
sz002742,002742,sz,冀衡医药,4.25,4.68,8.24,1.01,-9.41,19.61,-9.57,-1.39,25.0,0.95,-5.97,182890000.0,2907000000.0,2227000000.0
sz000736,000736,sz,中交发展,4.25,-2.3,2.14,0.52,-6.21,2.59,-4.92,-5.56,7.87,-20.71,-20.86,68250000.0,3175000000.0,3175000000.0
sz000591,000591,sz,太阳能,4.25,0.95,0.81,1.01,23.14,0.7,-2.75,-5.13,-4.71,-29.83,-2.61,134040000.0,16596000000.0,16588999999.999998
sz000589,000589,sz,贵州轮胎,4.25,0.47,0.84,0.69,9.0,0.73,-1.39,-3.41,-0.93,-7.81,-16.5,54890000.0,6606000000.0,6562000000.0
sh603323,603323,sh,苏农银行,4.25,1.43,1.85,1.5,4.57,0.49,2.91,0.71,0.95,1.19,-5.18,174170000.0,9437000000.0,9437000000.0
sh601218,601218,sh,吉鑫科技,4.25,-2.97,1.88,0.9,26.01,1.37,-8.01,-9.19,-4.92,-20.26,-15.42,77890000.0,4118000000.0,4118000000.0
sh600616,600616,sh,金枫酒业,4.25,0.47,0.91,0.8,6912.37,1.5,-1.39,0.24,10.1,-4.71,-19.96,25930000.0,2843000000.0,2843000000.0
sh600050,600050,sh,中国联通,4.25,0.71,0.38,0.77,19.21,0.78,-1.62,-1.85,-2.97,-1.12,-15.97,506560000.0,132874000000.0,131708999999.99998
sz300145,300145,sz,南方泵业,4.24,0.95,3.16,0.98,32.51,2.83,-4.07,-4.93,0.24,-2.08,-9.21,255470000.0,8142000000.0,8102000000.0
sz300217,300217,sz,东方电热,4.23,-1.4,0.84,0.49,44.81,1.48,-7.24,-7.44,4.7,-16.8,-18.09,44350000.0,6252000000.0,5251000000.0
sh600866,600866,sh,星湖科技,4.23,-0.47,1.28,0.75,32.94,0.92,-3.2,-5.58,-6.0,-8.64,-35.62,89670000.0,7028000000.0,7028000000.0
sz300430,300430,sz,*ST益通,4.22,-3.43,2.16,1.03,-1.21,0.9,-10.59,-10.59,1.2,-18.38,-78.04,23840000.0,1152000000.0,1097000000.0
sz300150,300150,sz,世纪瑞尔,4.22,-1.17,0.87,0.89,64.87,1.57,-2.54,-0.47,12.23,-2.54,-20.23,17080000.0,2469000000.0,1957000000.0
sz000850,000850,sz,华茂股份,4.22,0.96,0.74,0.74,80.62,0.91,2.43,2.43,5.5,8.96,-21.46,29610000.0,3982000000.0,3981000000.0
sh600572,600572,sh,康恩贝,4.21,-2.55,3.1,0.53,22.11,1.55,-12.29,-3.0,-2.55,3.19,-2.32,332020000.0,10687000000.0,10659000000.0
sh600507,600507,sh,方大特钢,4.2,0.72,0.67,0.78,12.15,0.99,0.72,-3.23,-1.64,-13.04,-26.19,64710000.0,9715000000.0,9715000000.0
sz000692,000692,sz,惠天热电,4.19,0.0,3.35,0.44,68.07,12.04,-9.5,1.45,13.55,-20.49,21.8,74510000.0,2233000000.0,2233000000.0
sh601789,601789,sh,宁波建工,4.19,-0.95,2.46,0.49,23.45,1.02,-7.91,-4.12,-4.99,-15.35,-15.18,111830000.0,6387000000.0,4554000000.0
sh600481,600481,sh,双良节能,4.19,-0.48,1.99,1.03,-6.41,1.99,-4.99,-4.34,6.35,-22.84,-35.93,172680000.0,8649000000.0,8649000000.0
sz002692,002692,sz,远程股份,4.18,-2.56,1.94,1.04,-27.51,2.71,-0.95,-0.24,11.17,-7.93,-17.39,58520000.0,3002000000.0,3001000000.0
sz002638,002638,sz,勤上股份,4.18,1.21,5.91,1.85,-17.48,3.18,19.43,12.06,19.77,-7.93,35.28,335810000.0,6005000000.0,5654000000.0
sh600399,600399,sh,抚顺特钢,4.18,-3.46,2.25,1.19,-10.57,1.57,-4.35,-4.57,5.03,-12.92,-28.42,185780000.0,8243000000.000001,8243000000.000001
sz002666,002666,sz,德联集团,4.17,-1.42,2.72,1.52,77.59,0.92,-2.57,-1.18,8.59,-7.13,-24.32,56510000.0,3286000000.0,2088000000.0
sh603866,603866,sh,桃李面包,4.17,0.97,0.68,0.96,26.51,1.35,-1.65,-4.14,3.99,-8.55,-17.59,45170000.0,6670999999.999999,6670999999.999999
sh600586,600586,sh,金晶科技,4.17,-2.34,0.91,0.83,-7.37,1.17,-0.48,-0.95,3.22,-19.65,-25.93,54020000.0,5910000000.0,5910000000.0
sh600662,600662,sh,外服控股,4.16,1.22,0.73,1.23,14.25,1.81,-2.8,-4.37,0.73,-3.93,-14.58,68570000.0,9499000000.0,9471000000.0
sz002691,002691,sz,*ST冀凯,4.15,-2.58,0.63,0.92,-17.36,1.8,-5.68,-3.71,12.77,-21.1,-54.14,8840000.0,1411000000.0,1394000000.0
sh601096,601096,sh,宏盛华源,4.15,0.97,0.97,0.81,31.15,2.32,-4.16,-5.03,-0.72,-17.46,0.53,65970000.0,11102000000.0,6818000000.000001
sz300292,300292,sz,吴通控股,4.13,-1.2,2.97,0.67,44.84,3.77,-6.77,-4.62,2.99,-23.38,-8.43,136390000.0,5541000000.0,4609000000.0
sz002481,002481,sz,双塔食品,4.13,-0.48,0.67,0.46,445.08,2.08,-3.73,-3.95,2.48,-1.9,-19.18,31110000.0,5095000000.0,4618000000.0
sz000909,000909,sz,*ST数源,4.13,-3.5,0.76,1.14,-4.48,2.99,-3.28,-4.4,2.23,-10.61,-25.85,13960000.0,1807999999.9999998,1807999999.9999998
sz000863,000863,sz,三湘印象,4.13,-1.9,1.63,1.09,-31.57,1.12,-0.48,-2.59,12.53,-17.23,-33.71,78790000.0,4876000000.0,4804000000.0
sh688509,688509,sh,正元地信,4.13,-1.43,0.85,0.6,-18.07,2.88,-2.82,-2.36,8.12,-9.63,-24.77,13560000.0,3180000000.0,1589000000.0
sh601158,601158,sh,重庆水务,4.12,0.49,0.13,1.08,23.69,1.16,0.49,-1.9,-0.72,-2.35,-5.7,26250000.0,19776000000.0,19776000000.0
sh600310,600310,sh,广西能源,4.11,0.49,1.91,0.76,-163.55,2.25,-3.97,-10.07,-6.16,-30.92,8.73,113860000.0,6024000000.0,6024000000.0
sz300259,300259,sz,新天科技,4.1,1.49,3.47,1.31,19.5,1.6,-7.24,-5.96,-7.03,-37.12,-5.38,162220000.0,4736000000.0,4735000000.0
sz002398,002398,sz,垒知集团,4.1,0.24,1.99,1.22,61.2,0.76,-0.97,-1.44,9.04,-5.98,-26.01,48900000.0,2822000000.0,2459000000.0
sz000669,000669,sz,ST金鸿,4.1,-7.87,1.89,1.2,39.7,37.72,0.24,16.15,20.59,-6.18,38.98,53820000.0,2790000000.0,2790000000.0
sz001391,001391,sz,国货航,4.09,0.49,0.93,0.65,20.15,1.9,-2.62,-5.1,-4.22,-19.38,-29.88,58070000.0,49934000000.0,6214000000.0
sz000955,000955,sz,欣龙控股,4.09,-1.92,2.18,1.16,-1447.23,3.41,-5.98,-6.62,9.07,-4.22,-34.24,48050000.0,2202000000.0,2202000000.0
sz000516,000516,sz,国际医学,4.09,-2.39,1.0,0.83,-42.9,2.82,-4.22,-4.66,-2.39,-3.76,-4.66,90500000.0,9157000000.0,9017000000.0
sh600594,600594,sh,益佰制药,4.09,9.95,6.6,1.41,-8.23,1.54,4.07,8.2,12.67,15.54,2.76,209390000.0,3208000000.0,3208000000.0
sz000789,000789,sz,万年青,4.08,-0.24,0.29,0.71,-122.69,0.51,-0.97,-1.92,5.15,-7.21,-19.8,9430000.0,3253000000.0,3253000000.0
sh600545,600545,sh,卓郎智能,4.08,-4.0,3.86,0.7,-13.3,2.78,-16.05,-8.11,0.49,-48.22,59.38,281400000.0,7295000000.0,7295000000.0
sh600543,600543,sh,*ST莫高,4.08,0.99,0.82,1.73,-12.32,1.89,-0.24,3.55,13.97,-9.53,-23.16,10700000.0,1310000000.0,1310000000.0
sh600084,600084,sh,*ST尼雅,4.08,-0.24,0.16,0.82,-203.84,3.6,-0.49,-4.0,2.0,-15.7,-22.29,7340000.0,4585000000.0,4585000000.0
sz300422,300422,sz,博世科,4.07,-0.97,2.05,0.64,-3.15,3.76,-4.68,-12.66,-2.63,-22.33,-11.33,43060000.0,2173000000.0,2103000000.0
sz002766,002766,sz,索菱股份,4.07,-2.4,3.43,0.74,-34.32,3.36,-6.44,-0.73,13.37,-11.71,-32.73,121420000.0,3500000000.0,3488000000.0000005
sh600624,600624,sh,ST复华,4.07,0.25,0.21,0.31,-13.8,6.51,-4.91,2.26,13.37,-3.1,-23.06,5930000.0,2765000000.0,2765000000.0
sz000407,000407,sz,胜利股份,4.06,-1.22,1.77,0.54,21.28,1.15,-0.98,-0.98,5.18,-1.1,-18.15,63100000.0,3572999999.9999995,3556000000.0
sh600368,600368,sh,五洲交通,4.06,1.0,1.68,1.49,11.79,0.89,2.27,-0.25,7.69,7.38,7.38,109160000.0,6534999999.999999,6534999999.999999
sh600162,600162,sh,香江控股,4.06,-2.87,3.89,0.65,-151.43,2.32,-7.73,4.1,45.26,45.78,120.05,513990000.0,13269999999.999998,13269999999.999998
sz002807,002807,sz,江阴银行,4.05,1.0,2.1,1.31,5.3,0.54,4.11,1.76,2.27,2.27,0.12,229950000.0,10966000000.0,10949000000.0
sh600540,600540,sh,新赛股份,4.05,2.53,6.92,0.81,-19.83,6.12,0.25,0.5,20.18,-10.79,-11.38,161270000.0,2355000000.0,2355000000.0
sh600495,600495,sh,晋西车轴,4.05,0.0,0.67,0.68,141.32,1.49,-2.41,3.05,5.47,-1.75,-14.95,32830000.0,4893000000.0,4893000000.0
sh600121,600121,sh,郑州煤电,4.05,2.02,9.04,1.24,-4.64,6.71,3.32,0.5,9.16,-5.15,-2.88,444580000.0,4935000000.0,4935000000.0
sh600320,600320,sh,振华重工,4.04,0.25,0.81,0.95,24.9,1.36,-1.46,-3.35,-2.88,-14.86,-20.39,108140000.0,21237000000.0,13372999999.999998
sz002512,002512,sz,ST达华,4.03,-1.95,2.41,0.95,-35.06,14.93,0.0,5.77,20.66,-10.44,-35.31,106800000.0,4443000000.0,4411000000.0
sh600777,600777,sh,新潮能源,4.03,-1.95,0.34,1.07,36.08,1.24,-3.36,-4.05,-2.42,-25.09,4.95,86920000.0,27406000000.0,25656000000.0
sz300359,300359,sz,全通教育,4.02,-0.5,1.74,0.66,-36.09,4.97,-5.85,-9.05,13.24,-2.66,-25.0,43980000.0,2546000000.0,2546000000.0
sz000790,000790,sz,华神科技,4.02,-1.47,2.61,0.92,-9.66,3.47,-3.13,-0.74,8.06,2.55,3.88,65390000.0,2507000000.0,2503000000.0
sh688425,688425,sh,铁建重工,4.02,-0.74,0.27,1.07,17.12,1.15,-2.9,-4.74,-1.86,-7.92,-19.37,58720000.0,21441000000.0,21441000000.0
sh600968,600968,sh,海油发展,4.02,0.5,0.33,0.67,10.4,1.43,3.34,3.34,6.91,6.55,8.85,132640000.0,40864000000.0,40864000000.0
sh600266,600266,sh,城建发展,4.02,-4.06,2.32,0.95,-28.54,0.46,-6.51,-3.83,1.01,-15.37,-19.92,195900000.0,8344000000.0,8344000000.0
sz300167,300167,sz,ST迪威迅,4.01,-5.87,2.43,0.93,-55.52,12.98,-12.45,-3.37,4.16,-23.18,-18.99,34900000.0,1669000000.0000002,1420000000.0
sz002548,002548,sz,金新农,4.01,-1.72,2.74,0.55,-7.36,3.17,-4.52,-4.07,4.16,-2.2,-34.05,88660000.0,3321000000.0,3226000000.0
sz002330,002330,sz,得利斯,4.01,-0.25,1.55,0.43,-234.13,1.11,-3.84,1.01,10.47,-1.96,-17.15,39400000.0,2548000000.0,2547000000.0
sz002154,002154,sz,报 喜 鸟,4.01,-1.47,2.44,0.88,13.43,1.25,-6.09,-6.31,9.26,-2.2,8.97,114670000.0,5852000000.0,4732000000.0
sh601619,601619,sh,嘉泽新能,4.01,-1.72,1.31,0.76,24.55,1.52,-8.66,-12.83,-10.49,-27.09,-9.28,133640000.0,12072000000.0,10155000000.0
sh600738,600738,sh,丽尚国潮,4.01,0.25,1.73,0.66,16.27,1.43,-0.99,-0.5,8.97,-6.31,-20.75,53030000.0,3053000000.0,3050000000.0
sh600369,600369,sh,西南证券,4.01,0.25,0.37,0.9,23.64,1.02,-2.2,-3.37,-2.2,2.72,-8.95,97820000.0,26647000000.000004,26647000000.000004
sh600327,600327,sh,大东方,4.01,-1.72,3.56,0.94,-13.31,1.26,-0.5,1.78,15.56,10.77,-18.99,127530000.0,3547999999.9999995,3547999999.9999995
sz000036,000036,sz,华联控股,4.0,-0.99,1.23,0.56,62.08,1.09,-1.72,-6.54,-0.74,-22.93,-39.39,69170000.0,5615000000.0,5612000000.0
sh601975,601975,sh,招商南油,4.0,0.76,5.33,1.27,12.83,1.58,8.99,7.82,12.36,-17.7,33.65,990570000.0,18721000000.0,18721000000.0
sz300425,300425,sz,中建环能,3.99,-0.99,0.91,0.79,182.5,1.15,-0.75,-1.97,4.72,-7.34,-19.33,24870000.0,2722000000.0,2716000000.0
sz000637,000637,sz,茂化实华,3.99,-1.24,2.23,1.07,-15.38,4.33,0.76,2.31,13.03,-5.67,-7.21,32660000.0,2073999999.9999998,1455000000.0
sh601375,601375,sh,中原证券,3.99,0.0,0.76,0.94,35.52,1.28,-2.68,-3.11,-1.92,-0.7,-6.73,104010000.0,18525000000.0,13756000000.0
sz300013,300013,sz,新宁物流,3.98,-2.21,1.96,0.77,-82.91,12.37,-1.97,0.51,17.4,-16.91,1.02,43770000.0,2222000000.0,2220000000.0
sz002160,002160,sz,常铝股份,3.98,0.51,1.09,0.74,60.81,1.09,-1.0,-0.75,8.45,-10.96,-23.46,44290000.0,4110000000.0,4102000000.0000005
sz000966,000966,sz,长源电力,3.98,0.25,0.8,0.8,1158.79,1.02,-2.93,-5.91,-8.08,-26.3,-6.79,111080000.0,13855000000.000002,13855000000.000002
sh603023,603023,sh,威帝股份,3.98,-1.97,1.24,0.73,-535.06,2.9,-4.1,-0.25,9.94,-11.36,-20.87,27840000.0,2221000000.0,2221000000.0
sh601500,601500,sh,通用股份,3.98,0.51,0.64,0.86,27.97,1.03,-1.49,-2.21,2.31,-5.24,-17.43,40200000.0,6300000000.0,6300000000.0
sh600960,600960,sh,渤海汽车,3.98,-0.75,0.68,0.73,23.64,1.07,-1.73,-1.49,7.57,-11.56,-28.67,25650000.0,3783000000.0,3783000000.0
sz002168,002168,sz,ST惠程,3.97,3.39,1.4,2.47,-46.49,277.72,2.32,4.75,12.15,5.59,-5.48,43370000.0,3113000000.0,3113000000.0
sz300375,300375,sz,鹏翎股份,3.96,-0.5,1.67,0.87,-14.4,1.46,-1.74,-1.0,5.04,-7.69,-24.71,35180000.0,3026000000.0,2109000000.0
sh600930,600930,sh,华电新能,3.96,0.76,0.93,0.75,25.8,1.51,-2.46,-6.38,-6.6,-38.12,-36.44,393520000.0,165189000000.0,42543000000.0
sz002084,002084,sz,海鸥住工,3.95,10.03,0.76,0.14,-18.97,1.97,10.03,10.64,18.98,19.34,1.8,19300000.0,2552000000.0,2546000000.0
sh600643,600643,sh,爱建集团,3.95,0.51,0.72,0.92,-3.14,0.64,-0.25,-1.0,2.86,-7.93,-28.57,44740000.0,6293000000.0,6282000000.0
sh600227,600227,sh,赤天化,3.95,0.0,23.3,1.21,-25.82,2.97,15.84,7.63,25.4,31.23,65.97,1205250000.0,6670000000.0,5047000000.0
sz300242,300242,sz,佳云科技,3.94,-2.23,1.79,0.69,-86.44,10.31,-9.01,-12.25,-9.43,-21.2,-21.2,44930000.0,2500000000.0,2500000000.0
sz002437,002437,sz,誉衡药业,3.94,-9.43,26.99,0.85,21.35,3.68,-20.88,14.87,35.86,33.11,28.34,2316940000.0,8786000000.0,8275000000.0
sz002067,002067,sz,景兴纸业,3.94,-1.75,2.31,0.44,58.06,0.87,-10.25,-12.64,-9.22,-18.26,-30.14,121290000.0,5811000000.0,5270000000.0
sz000514,000514,sz,渝 开 发,3.94,-1.25,0.89,0.84,-23.64,0.91,-1.5,-1.25,7.07,-11.26,-19.76,29560000.0,3324000000.0,3324000000.0
sz002652,002652,sz,扬子新材,3.93,-1.01,2.44,0.86,-74.83,8.57,-4.61,-0.51,11.02,-29.95,-0.51,49320000.0,2012000000.0,2012000000.0
sz002641,002641,sz,公元股份,3.93,-0.76,0.54,0.79,70.08,0.89,-0.25,-0.25,5.36,-5.53,-8.6,24000000.0,4830000000.0,4457000000.0
sz002524,002524,sz,光正眼科,3.93,-2.48,6.04,2.19,-644.88,18.0,-2.96,-2.96,9.17,2.61,-4.61,121610000.0,2025000000.0,2001000000.0000002
sz000428,000428,sz,华天酒店,3.93,-1.26,2.18,0.61,-19.13,3.14,-7.96,-9.03,17.66,9.47,19.09,87630000.0,4004000000.0,4004000000.0
sz002162,002162,sz,悦心健康,3.92,-2.0,1.0,0.64,350.36,4.35,-6.0,-5.31,0.51,2.35,-15.88,36210000.0,3604999999.9999995,3600000000.0
sz300194,300194,sz,福安药业,3.91,-0.51,1.73,0.58,74.0,1.07,-3.46,0.51,6.54,2.36,-10.73,65690000.0,4652000000.0,3786000000.0
sz300068,300068,sz,ST南都,3.91,-2.01,3.36,0.83,-1.31,3.19,-9.7,-6.46,-2.25,-11.74,-74.84,113460000.0,3513000000.0000005,3338000000.0000005
sz002671,002671,sz,龙泉股份,3.9,-1.02,1.56,1.05,39.96,1.34,-1.76,-1.27,9.86,-10.96,-25.57,33540000.0,2190000000.0,2150000000.0
sh600658,600658,sh,电子城,3.9,-2.5,0.67,0.66,-2.3,1.08,-2.5,-3.47,3.45,-17.2,-28.96,29290000.0,4362000000.0,4362000000.0
sz002578,002578,sz,闽发铝业,3.89,4.29,5.14,0.74,-104.1,2.44,3.73,12.43,36.49,-5.35,-13.36,168040000.0,3651000000.0,3350000000.0
sz000889,000889,sz,中嘉博创,3.89,0.78,4.05,0.9,-144.41,52.44,-4.42,-2.75,5.42,-3.71,8.06,136340000.0,3642000000.0,3384000000.0000005
sz000723,000723,sz,美锦能源,3.89,9.89,4.15,1.45,-15.56,1.39,9.58,8.66,10.2,-10.16,-17.23,697970000.0,17130000000.000002,17097000000.0
sh601616,601616,sh,广电电气,3.89,1.83,3.92,1.86,-56.63,1.39,3.73,4.01,14.08,-8.04,0.78,129750000.0,3321000000.0,3321000000.0
sz003816,003816,sz,中国广核,3.88,1.04,0.2,0.93,20.66,1.61,0.52,-1.77,-3.72,-13.66,5.61,298700000.0,195935000000.0,152621000000.0
sh600979,600979,sh,广安爱众,3.88,1.04,1.04,0.69,-13.51,1.16,-2.02,-4.43,-0.26,-26.79,-11.62,49850000.0,4892000000.0,4818000000.0
sh600828,600828,sh,茂业商业,3.88,-1.52,0.54,0.78,-24.12,1.0,-2.76,-3.0,9.6,-16.2,-33.56,36630000.0,6720000000.0,6718000000.000001
sh600815,600815,sh,厦工股份,3.86,-1.53,3.52,0.83,-83.67,4.71,-5.16,6.93,34.49,15.92,11.88,238740000.0,6848000000.0,6848000000.0
sz300071,300071,sz,福石控股,3.85,-3.27,4.37,0.78,-32.68,23.05,-12.3,-16.3,-4.47,-8.11,-41.04,159580000.0,3711000000.0,3640000000.0
sz300021,300021,sz,大禹节水,3.85,0.0,1.43,0.4,78.1,1.51,-1.53,-3.27,3.77,-3.51,-15.94,48020000.0,3936000000.0,3363000000.0000005
sz002218,002218,sz,拓日新能,3.84,-0.52,2.03,0.86,-27.24,1.38,-6.8,-10.7,-9.43,-15.79,-11.52,108290000.0,5408000000.0,5329000000.0
sz000802,000802,sz,北京文化,3.83,-4.01,15.09,0.68,-12.83,4.63,-28.14,-18.51,-2.79,-24.46,-15.82,416730000.0,2742000000.0,2741000000.0
sh688119,688119,sh,中钢洛耐,3.83,-1.79,0.73,0.85,-25.89,1.53,-6.36,-6.36,1.32,-14.32,-31.48,31370000.0,4309000000.0,4309000000.0
sz300315,300315,sz,掌趣科技,3.82,-2.05,2.32,1.07,-61.37,2.25,-9.26,-12.18,-4.74,-14.73,-22.67,241170000.0,10343000000.0,10343000000.0
sz300157,300157,sz,新锦动力,3.82,-3.78,3.62,0.81,-43.37,-15.59,-4.5,-12.59,-9.91,-16.59,-15.86,101390000.0,2924000000.0,2802000000.0
sz002344,002344,sz,海宁皮城,3.81,-1.04,0.46,0.61,101.55,0.58,-2.06,-1.8,4.96,-2.56,-18.94,22420000.0,4887000000.0,4882000000.0
sz002259,002259,sz,升达林业,3.81,-1.04,1.53,0.72,14.52,6.26,-3.54,-7.07,8.55,-20.13,0.79,43790000.0,2866000000.0,2866000000.0
sz000912,000912,sz,泸天化,3.81,1.6,1.98,1.28,1029.8,0.94,3.81,0.53,7.63,1.06,-8.19,116920000.0,5974000000.0,5974000000.0
sz000665,000665,sz,湖北广电,3.81,-0.78,1.0,0.41,-3.94,1.36,-8.63,-5.22,1.87,-13.41,-34.54,43590000.0,4333000000.0,4332000000.0
sh600649,600649,sh,城投控股,3.81,-1.8,1.71,0.75,34.78,0.45,1.87,2.42,6.13,-1.8,-13.61,162740000.0,9494000000.0,9494000000.0
sh600094,600094,sh,大名城,3.81,-1.3,0.66,0.68,61.4,0.86,-7.97,-14.19,4.38,-13.01,-8.41,53410000.0,8858000000.0,8101000000.000001
sh600052,600052,sh,东望时代,3.81,-1.04,0.75,0.63,-6.69,1.49,-5.22,-1.04,8.86,-9.93,-19.11,24070000.0,3215999999.9999995,3215999999.9999995
sz000796,000796,sz,凯撒旅业,3.8,-1.3,2.11,1.06,172.42,6.71,-1.3,-3.55,4.97,-18.28,-47.22,107260000.0,6094000000.0,5057000000.0
sh600020,600020,sh,中原高速,3.79,1.34,0.7,1.05,13.06,0.72,1.07,-0.26,0.8,-2.57,-8.45,59580000.0,8518000000.000001,8518000000.000001
bj920090,920090,bj,*ST同辉,3.79,-3.56,1.74,0.71,-13.46,21.8,-0.26,-2.82,11.14,-7.33,-40.31,8970000.0,755000000.0,511000000.00000006
sh600892,600892,sh,大晟文化,3.78,-1.31,4.25,0.76,-24.01,241.13,-3.82,-1.05,20.0,-4.79,3.28,90630000.0,2114999999.9999998,2114000000.0
sh600880,600880,sh,博瑞传播,3.78,-1.31,1.1,0.9,-302.61,1.38,-4.79,-6.67,2.72,-12.7,-23.48,45520000.0,4133000000.0,4132000000.0
sh600269,600269,sh,赣粤高速,3.78,0.53,0.72,0.93,12.2,0.46,-0.26,-4.06,-4.55,-9.57,-24.7,63570000.0,8828000000.0,8828000000.0
sz002211,002211,sz,ST宏达,3.77,-1.31,0.85,0.73,-473.93,33.78,-1.31,-1.31,-0.26,-0.79,18.18,13830000.0,1630000000.0,1630000000.0
sh603117,603117,sh,万林物流,3.77,-1.57,1.36,1.09,307.33,2.2,-0.79,0.53,11.21,-15.85,-20.13,30820000.0,2259000000.0,2259000000.0
sz300032,300032,sz,金龙机电,3.76,-1.05,1.99,1.03,-100.91,4.67,-1.83,0.0,10.26,-12.96,-29.98,60040000.0,3020000000.0,3020000000.0
sh601568,601568,sh,北元化工,3.76,1.62,0.5,1.46,364.35,1.34,1.9,0.0,4.74,0.8,2.45,74430000.0,14936000000.000002,14936000000.000002
sh600748,600748,sh,上实发展,3.76,-3.09,0.73,1.07,-57.24,0.68,-3.09,-3.09,7.74,-20.0,-30.63,51230000.0,6936000000.0,6936000000.0
sz300080,300080,sz,易成新能,3.75,0.54,0.77,1.28,-9.38,1.63,-0.79,-0.53,5.63,-6.02,-22.84,54240000.0,7025000000.0,7016000000.0
sz000572,000572,sz,海马汽车,3.75,-1.83,2.24,1.2,-36.01,3.91,-3.85,-4.82,5.93,-16.67,-54.04,138180000.0,6167000000.0,6158000000.0
sh600740,600740,sh,山西焦化,3.75,3.88,2.99,1.29,71.07,0.63,4.46,4.17,6.23,-1.96,0.4,285190000.0,9608000000.0,9608000000.0
sz300074,300074,sz,华平股份,3.74,-1.84,2.36,1.01,-11.92,2.41,-2.86,-0.8,11.64,-8.56,-18.87,48270000.0,2057999999.9999998,2055999999.9999998
sz002042,002042,sz,华孚时尚,3.74,-0.27,1.01,0.88,86.29,1.08,-3.86,-3.36,4.18,-11.56,-11.77,64790000.0,6361000000.0,6361000000.0
sh600792,600792,sh,云煤能源,3.74,2.19,2.67,0.81,-8.45,1.7,1.63,0.81,9.68,-7.88,-3.61,110660000.0,4151000000.0,4151000000.0
sh603818,603818,sh,曲美家居,3.73,-1.58,2.86,0.85,-17.89,1.24,1.08,1.63,14.77,18.41,3.32,73360000.0,2561000000.0,2561000000.0
sz300072,300072,sz,海新能科,3.72,-2.36,1.32,0.63,-15.35,1.67,-2.87,4.49,9.09,-2.36,-19.13,115020000.0,8741000000.0,8673000000.0
sz000778,000778,sz,新兴铸管,3.72,0.81,0.85,0.87,14.64,0.56,-0.27,-2.11,-1.06,-15.74,-9.38,122880000.0,14743000000.0,14484000000.0
sh688055,688055,sh,龙腾光电,3.71,-2.11,0.31,0.77,-56.04,3.09,-7.02,-5.12,-2.37,-22.06,3.06,38620000.0,12367000000.0,12367000000.0
sh600375,600375,sh,汉马科技,3.71,-4.87,1.92,1.84,112.08,1.75,-6.78,-7.94,-3.39,-12.91,-36.9,105200000.0,5947000000.0,5427000000.0
sh600361,600361,sh,创新新材,3.71,1.37,1.16,1.32,16.39,1.25,1.37,-2.11,2.2,-14.56,-10.65,160670000.0,13847999999.999998,13847999999.999998
sz300278,300278,sz,华昌达,3.7,-1.33,0.92,0.95,-83.73,3.13,-6.09,-6.33,6.32,-17.78,-39.34,47880000.0,5231000000.0,5215000000.0
sz000750,000750,sz,国海证券,3.7,0.54,0.52,0.91,28.61,1.04,-2.12,-2.63,-3.14,0.27,-12.11,110380000.0,23629000000.0,21446000000.0
sz000518,000518,sz,四环生物,3.7,-2.63,5.8,0.72,-72.11,12.34,-8.87,-10.41,2.21,5.71,53.53,224130000.0,3809000000.0000005,3809000000.0000005
sz000012,000012,sz,南  玻Ａ,3.7,-0.54,0.64,0.61,1009.13,0.87,-3.14,-4.64,-3.39,-8.19,-16.1,46140000.0,11257000000.0,7248999999.999999
sh600905,600905,sh,三峡能源,3.7,0.27,0.18,0.9,45.84,1.19,-0.54,-2.12,-3.9,-10.39,-8.62,187100000.0,105774000000.0,105774000000.0
sh600243,600243,sh,*ST海华,3.7,-1.33,0.98,0.68,-17.31,2.98,-4.64,4.23,20.52,-0.54,-30.19,15970000.0,1623999999.9999998,1623999999.9999998
sz002418,002418,sz,康盛股份,3.68,-0.27,4.06,0.47,240.82,2.87,-9.36,-1.87,8.24,-20.52,-22.85,170240000.0,4182000000.0,4182000000.0
sh601015,601015,sh,陕西黑猫,3.68,3.37,6.48,1.35,-6.12,1.56,9.52,7.29,15.36,2.22,1.66,484730000.0,7516000000.0,7516000000.0
sz300247,300247,sz,融捷健康,3.67,-0.54,1.06,0.57,43.68,2.55,-5.17,-5.17,-1.61,-13.24,-28.46,31160000.0,2951000000.0,2951000000.0
sz000892,000892,sz,欢瑞世纪,3.65,-2.41,3.54,0.78,-12.43,5.93,-9.65,-12.68,16.24,-16.48,-47.71,92210000.0,3581000000.0,2595000000.0
sz000877,000877,sz,天山股份,3.65,0.0,0.12,0.9,-3.56,0.35,-1.88,-5.68,1.11,-15.9,-31.39,31980000.0,25952999999.999996,25952999999.999996
sz000632,000632,sz,ST三木,3.65,-6.41,3.33,1.44,-1.84,27.09,-0.54,8.31,21.26,-8.98,-35.4,58350000.0,1698999999.9999998,1698999999.9999998
sz002672,002672,sz,东江环保,3.64,-0.27,0.65,0.9,-3.26,1.81,-1.09,-1.09,9.97,-3.45,-21.21,21270000.0,4022999999.9999995,3295000000.0000005
sz000932,000932,sz,华菱钢铁,3.64,1.39,1.1,1.34,22.93,0.46,1.11,-2.41,-3.19,-5.45,-33.33,273650000.0,24943000000.0,24943000000.0
sz000900,000900,sz,现代投资,3.64,0.83,0.57,0.88,14.01,0.5,-1.36,-1.62,-1.62,-5.21,-7.38,31710000.0,5525000000.0,5525000000.0
sz000720,000720,sz,新能泰山,3.64,-1.62,2.58,0.68,-9.19,2.43,-7.85,-1.36,7.37,-31.06,11.31,118040000.0,4574000000.0,4574000000.0
sz000607,000607,sz,华媒控股,3.64,0.28,1.52,1.29,-11.55,3.09,-2.15,-0.55,10.3,1.11,-12.29,48820000.0,3704000000.0,3222000000.0
sz000420,000420,sz,吉林化纤,3.64,-0.82,1.36,0.89,214.58,2.02,-4.46,-5.45,-0.55,-18.39,-19.65,121290000.0,8950000000.0,8947000000.0
sz002329,002329,sz,皇氏集团,3.63,-1.89,11.34,0.47,-6.71,6.06,-16.74,4.61,12.04,-16.17,-6.92,268860000.0,3022000000.0,2365000000.0
sz002191,002191,sz,劲嘉股份,3.63,-0.55,0.44,0.49,-12.23,0.82,-4.22,-3.97,-2.16,-1.36,-13.37,22190000.0,5133000000.0,5092000000.0
sz002224,002224,sz,三 力 士,3.62,-2.69,2.66,1.35,-224.41,1.02,0.0,0.0,8.06,-2.29,-17.26,77860000.0,3265999999.9999995,2919000000.0
sz000573,000573,sz,粤宏远Ａ,3.62,-1.36,2.09,1.03,-902.5,1.44,-2.43,-2.69,1.97,-17.16,-11.27,47840000.0,2311000000.0,2291000000.0
sh600425,600425,sh,青松建化,3.62,1.69,1.03,1.21,19.97,0.9,0.56,-0.28,8.06,0.28,-10.84,59790000.0,5809000000.0,5809000000.0
sz002567,002567,sz,唐人神,3.61,-0.55,1.12,0.72,-2.98,1.24,-0.82,-3.22,2.27,-1.1,-17.95,57580000.0,5173000000.0,5168000000.0
sz000557,000557,sz,西部创业,3.61,-0.28,0.37,0.77,18.88,0.83,-1.1,-3.22,1.4,-13.43,-27.22,19660000.0,5265000000.0,5263000000.0
sh601162,601162,sh,天风证券,3.61,0.0,0.95,0.7,275.72,1.33,-3.22,-0.55,-0.82,7.76,-13.22,294940000.0,36367000000.0,31039000000.0
sh601003,601003,sh,柳钢股份,3.61,0.84,0.49,0.82,21.9,1.04,-2.96,-5.74,4.03,-7.67,-26.77,44820000.0,9510000000.0,9252000000.0
sh600530,600530,sh,ST交昂,3.61,-2.43,0.84,1.08,687.3,8.9,-4.24,-6.23,-24.63,-51.02,-43.94,23630000.0,2797000000.0,2797000000.0
sz002075,002075,sz,沙钢股份,3.59,-2.97,1.72,1.19,31.64,1.18,-3.75,-9.11,3.16,-7.35,-37.29,136930000.0,7876000000.000001,7876000000.000001
sh601778,601778,sh,晶科科技,3.59,-0.28,2.94,1.0,56.66,0.82,-6.27,-6.75,1.41,-39.17,-2.76,396620000.0,13366000000.0,13366000000.0
sz300190,300190,sz,维尔利,3.58,-2.98,0.97,0.75,-11.76,1.11,-5.04,-7.73,-0.56,-12.9,-16.55,32890000.0,3394000000.0,3379999999.9999995
sz002375,002375,sz,亚厦股份,3.58,-0.56,0.92,0.93,14.59,0.59,-2.45,0.56,3.77,-10.63,-2.35,43630000.0,4797000000.0,4765000000.0
sh600928,600928,sh,西安银行,3.58,1.13,0.6,1.36,5.91,0.45,1.99,0.0,0.85,4.99,-0.56,94130000.0,15911000000.000002,15836000000.000002
sh600844,600844,sh,金煤科技,3.58,1.42,6.37,1.28,-47.77,45.94,1.7,0.28,18.54,20.13,24.31,185670000.0,3639000000.0,2945000000.0
sh600824,600824,sh,益民集团,3.58,0.85,1.8,0.64,29.75,1.51,-7.97,-0.14,6.07,-5.42,-20.36,68590000.0,3772999999.9999995,3772999999.9999995
sz000972,000972,sz,中基健康,3.55,-2.47,1.45,0.33,-46.72,421.71,-2.47,2.31,6.93,-0.28,-9.44,40190000.0,2738000000.0,2738000000.0
sz002225,002225,sz,濮耐股份,3.54,-1.94,2.1,0.64,124.76,1.01,-6.6,-8.05,1.14,-5.6,-37.36,73300000.0,4104000000.0,3451000000.0
sz000812,000812,sz,陕西金叶,3.54,-0.84,1.4,0.94,-11.45,1.79,-2.21,-3.28,8.92,-4.07,-25.94,37500000.0,2677000000.0,2677000000.0
sh600033,600033,sh,福建高速,3.54,0.57,0.67,0.76,10.14,0.78,0.0,-0.84,0.57,-0.25,-12.79,64880000.0,9715000000.0,9715000000.0
sz000959,000959,sz,首钢股份,3.53,1.73,0.31,0.87,32.58,0.55,0.0,-4.85,-8.07,-1.12,-27.37,80920000.0,27375000000.0,26304000000.000004
sz000401,000401,sz,金隅冀东,3.53,0.28,0.2,0.67,96.29,0.36,-0.56,-3.02,-1.4,-11.53,-18.1,18490000.0,9376000000.0,9289000000.0
sz000698,000698,sz,ST沈化,3.52,-0.56,0.51,0.78,644.25,1.97,-0.56,1.44,8.64,2.62,-3.83,14330000.0,2885000000.0,2766000000.0
sh600626,600626,sh,申达股份,3.52,0.0,0.62,1.0,104.65,1.46,-1.12,-0.56,7.98,-4.09,-26.97,28670000.0,4649000000.0,4649000000.0
sz300135,300135,sz,宝利国际,3.51,3.85,6.31,3.76,-41.15,3.72,4.78,4.78,12.14,-0.28,-11.14,207540000.0,3235000000.0,3235000000.0
sz000055,000055,sz,方大集团,3.51,-1.13,1.05,0.87,-7.24,0.67,-1.4,-0.57,6.69,1.45,-14.39,24870000.0,3769000000.0,2372000000.0
sh601366,601366,sh,利群股份,3.51,-1.13,1.6,0.45,-10.52,0.79,-8.83,-1.96,4.15,-6.15,-26.57,54520000.0,3369000000.0,3369000000.0
sh600016,600016,sh,民生银行,3.51,1.15,0.6,1.17,5.24,0.27,2.93,-0.57,-0.57,0.37,-7.07,745610000.0,153676000000.0,124472000000.0
sz001213,001213,sz,中铁特货,3.5,0.57,0.09,0.63,41.52,0.81,-0.57,-1.96,0.0,-7.28,-12.83,14410000.0,15556000000.0,15556000000.0
sz002775,002775,sz,文科股份,3.49,-1.41,1.72,0.77,-7.5,-161.2,-6.18,-10.74,-10.28,-13.83,-18.46,35810000.0,2291000000.0,2066000000.0
sz002251,002251,sz,步步高,3.49,-1.41,2.57,0.6,85.13,1.1,-7.67,-6.93,-2.24,-28.48,-34.27,199850000.0,9384000000.0,7756000000.0
sz002069,002069,sz,獐子岛,3.49,0.87,2.43,1.18,-308.91,86.54,2.65,4.18,14.43,2.35,-6.43,60380000.0,2482000000.0,2479000000.0
sh600716,600716,sh,凤凰股份,3.49,-1.13,0.52,1.09,-4.7,0.8,-1.69,-1.97,10.44,-5.68,-9.82,17170000.0,3267000000.0,3267000000.0
sz002397,002397,sz,梦洁股份,3.48,-1.97,3.0,0.88,45.09,2.08,-2.79,-4.4,4.5,-27.5,-13.65,68030000.0,2602000000.0,2256000000.0
sh600115,600115,sh,中国东航,3.48,1.16,0.74,1.05,77.25,5.45,-1.42,-5.95,-4.4,-20.73,-42.0,435560000.0,76865000000.0,59247000000.0
sz002061,002061,sz,浙江交科,3.47,1.17,0.57,0.85,9.54,0.59,-0.86,-2.25,-1.7,-3.34,-10.34,51070000.0,9172000000.0,9019000000.0
sz000868,000868,sz,安凯客车,3.47,-0.57,0.85,0.54,-45.43,4.06,-5.19,-4.67,1.46,-10.57,-30.32,27720000.0,3260000000.0,3260000000.0
sz000620,000620,sz,盈新发展,3.47,10.16,9.12,0.74,-22.01,5.48,11.94,25.72,27.11,23.93,29.48,1456230000.0,20375000000.0,16211000000.000002
sh603557,603557,sh,*ST起步,3.47,-4.41,1.01,1.73,-13.19,38.66,-7.96,-9.87,-10.57,-26.64,37.15,22200000.0,2163000000.0,2163000000.0
sz000825,000825,sz,太钢不锈,3.46,1.47,0.52,0.9,-169.56,0.6,0.0,-2.81,-1.7,-10.39,-29.11,102660000.0,19709000000.0,19709000000.0
sh600684,600684,sh,珠江股份,3.46,0.0,1.48,0.7,61.71,3.04,0.58,-1.42,1.17,-6.49,-20.64,43830000.0,3827000000.0000005,2953000000.0
sz000820,000820,sz,神雾节能,3.45,-1.71,6.6,0.81,-35.23,25.94,-0.86,-10.62,17.75,-7.01,1.77,67290000.0,2231000000.0,1025000000.0
sh600665,600665,sh,天地源,3.45,0.29,0.95,0.65,-2.14,2.1,1.17,2.99,25.91,6.15,5.18,28050000.0,2981000000.0,2981000000.0
sz300459,300459,sz,汤姆猫,3.44,-0.29,1.93,0.79,-10.28,16.43,-5.75,-9.95,-2.82,-11.34,-25.05,216900000.0,12094000000.0,11308000000.0
sz300287,300287,sz,飞利信,3.44,-2.27,1.22,0.55,-31.32,4.98,-8.51,-11.57,-2.55,-13.13,-29.65,55470000.0,4937000000.0,4535000000.0
sz301139,301139,sz,*ST元道,3.43,0.88,8.96,0.53,-412.28,0.21,-12.94,-6.03,31.92,-20.42,-81.32,23530000.0,417000000.0,261000000.0
sz300070,300070,sz,碧水源,3.43,0.0,0.63,0.81,202.35,0.45,-0.87,-2.28,-0.58,-2.45,-12.41,74360000.0,12431000000.0,11781000000.0
sh601018,601018,sh,宁波港,3.43,1.48,0.35,1.09,12.92,0.83,3.31,1.18,0.88,-1.44,-3.11,231390000.0,66729000000.0,66729000000.0
sz000767,000767,sz,晋控电力,3.42,-0.58,1.92,0.5,60.96,1.74,-6.3,-11.63,-8.56,-38.71,22.14,190990000.0,10523000000.0,9960000000.0
sz000090,000090,sz,天健集团,3.42,-0.58,0.85,1.07,-42.35,0.58,-1.44,-2.29,4.59,-10.33,-6.66,54600000.0,6390000000.0,6390000000.0
sh600758,600758,sh,辽宁能源,3.41,2.1,5.27,0.89,-9.32,0.84,0.29,-3.67,5.25,-27.29,-6.32,236150000.0,4508000000.0,4504000000.0
sz300451,300451,sz,创业慧康,3.4,-1.45,1.09,0.72,-11.32,1.34,-5.82,-7.86,2.72,-11.23,-29.75,56750000.0,5267000000.0,5191000000.0
sz000652,000652,sz,泰达股份,3.4,-0.87,0.51,0.63,-16.76,0.92,-3.13,-3.13,-3.41,-8.85,-18.27,25560000.0,4962000000.0,4958000000.0
sz000509,000509,sz,华塑控股,3.4,1.8,4.03,2.1,-259.82,30.18,1.19,3.66,18.06,-34.11,-2.02,147390000.0,3649000000.0,3649000000.0
sh600681,600681,sh,百川能源,3.4,-0.58,0.82,0.68,18.6,1.27,-1.16,-2.58,0.89,-7.61,-20.19,37380000.0,4559000000.0,4555000000.0
sz300020,300020,sz,ST银江,3.39,-1.45,0.99,0.93,-1.5,2.02,-3.42,-5.83,-8.87,2.42,-3.14,25830000.0,2694000000.0,2599000000.0
sz002613,002613,sz,北玻股份,3.39,-0.29,2.55,1.02,353.15,1.69,-0.88,-0.88,8.65,-23.48,-8.87,66550000.0,3731000000.0,2623000000.0
sz002523,002523,sz,天桥起重,3.39,1.5,2.01,1.38,33.94,1.91,-0.88,0.3,4.95,-0.88,-20.61,96400000.0,4802000000.0,4785000000.0
sh601326,601326,sh,秦港股份,3.39,1.8,0.42,1.04,11.74,0.94,-0.59,-0.29,-0.88,5.77,0.44,66710000.0,18941000000.0,16128000000.0
sh600339,600339,sh,中油工程,3.39,0.3,0.98,0.82,50.79,0.71,4.31,1.5,1.8,-3.88,1.59,184450000.0,18927000000.0,18927000000.0
sz300510,300510,sz,金冠股份,3.38,-0.59,1.49,0.81,-7.95,1.45,-3.43,-4.79,-2.31,-8.4,-18.16,41680000.0,2787000000.0,2787000000.0
sz000809,000809,sz,和展能源,3.38,-1.74,1.18,0.87,-164.04,1.05,-2.87,-1.74,10.82,-19.14,-7.14,33170000.0,2788000000.0,2788000000.0
sz000558,000558,sz,天府文旅,3.38,-0.88,1.07,0.76,-98.02,4.15,-3.7,-4.52,3.05,-9.87,-34.37,47140000.0,4358000000.0,4356000000.0
sh600666,600666,sh,奥瑞德,3.38,-2.87,2.98,0.74,66.41,8.48,-13.99,-12.44,2.74,-25.88,0.6,260040000.0,9299000000.0,8693000000.0
sz002445,002445,sz,中南文化,3.37,10.13,0.2,0.07,180.94,3.5,10.13,12.71,15.81,-2.6,29.62,16170000.0,8009000000.0,7973999999.999999
sh601113,601113,sh,华鼎股份,3.37,-0.3,0.79,1.0,33.13,0.96,-1.17,-2.88,2.12,-16.79,-27.99,29240000.0,4563000000.0,3721000000.0
sh601099,601099,sh,太平洋,3.37,0.9,1.38,0.71,137.57,2.31,-4.8,-1.46,0.0,0.3,-18.0,316670000.0,22971000000.0,22971000000.0
sh601016,601016,sh,节能风电,3.37,0.3,1.11,0.75,44.3,1.24,-3.71,-5.87,-5.87,-33.1,14.35,226210000.0,22055000000.0,20349000000.0
sh600496,600496,sh,精工钢构,3.37,0.9,1.26,0.71,10.61,0.75,4.01,0.6,4.98,-11.78,-14.25,84240000.0,6706999999.999999,6706999999.999999
sh600035,600035,sh,楚天高速,3.37,0.3,0.47,0.86,10.8,0.61,-0.88,-2.88,-3.16,-8.67,-9.41,25470000.0,5426000000.0,5426000000.0
sh601388,601388,sh,怡球资源,3.35,1.21,1.64,1.28,35.39,1.59,-0.59,-1.76,10.56,-3.18,12.23,120190000.0,7373999999.999999,7373999999.999999
sh600386,600386,sh,北巴传媒,3.35,-0.89,0.71,0.91,-231.35,1.61,-1.18,-0.89,7.37,-8.47,-23.69,19270000.0,2701000000.0,2701000000.0
sh600790,600790,sh,轻纺城,3.34,0.3,0.69,1.04,16.13,0.85,-0.3,-0.3,6.71,-15.87,-10.22,33850000.0,4896000000.0,4896000000.0
sz300026,300026,sz,红日药业,3.33,-2.06,2.22,0.55,418.92,1.17,-8.52,-2.35,-2.35,2.46,-5.13,221300000.0,10004000000.0,9994000000.0
sz002256,002256,sz,兆新股份,3.33,-1.19,1.71,0.67,133.41,5.63,-6.2,-7.76,1.52,-25.17,-4.58,115440000.0,6795000000.0,6708000000.0
sz002198,002198,sz,ST嘉应,3.32,-1.48,0.53,0.55,61.2,2.31,-3.77,-2.06,7.44,-13.77,-52.77,8980000.0,1685000000.0000002,1685000000.0000002
sh600963,600963,sh,岳阳林纸,3.32,-0.6,1.2,0.8,-21.54,0.77,-1.48,-1.19,3.75,-18.23,-28.91,70060000.0,5835000000.0,5835000000.0
sz300148,300148,sz,天舟文化,3.31,-1.49,1.4,0.7,52.14,2.7,-5.43,-6.23,3.12,-7.28,-24.6,37970000.0,2791000000.0,2695000000.0
sh601515,601515,sh,衢州东峰,3.31,-1.49,0.6,0.8,-14.24,1.3,-4.06,-7.54,1.22,-17.46,-23.02,38160000.0,6370000000.0,6370000000.0
sz000615,000615,sz,*ST美谷,3.3,-2.08,0.56,0.83,-10.1,3.59,-1.2,-2.08,10.74,-12.7,-5.44,17050000.0,5899000000.0,3053000000.0
sh600617,600617,sh,国新能源,3.3,-1.79,1.78,1.05,-25.32,2.0,-4.9,-6.78,-11.53,-1.2,5.1,104050000.0,6366000000.0,5859000000.0
sh600575,600575,sh,淮河能源,3.3,0.61,0.84,1.01,15.2,1.13,-1.49,-4.62,-0.6,-17.29,2.8,108250000.0,23650000000.0,12825000000.0
sh600831,600831,sh,广电网络,3.29,-2.37,1.78,1.18,-1.52,6.6,-2.66,-3.24,15.03,-12.96,-21.67,41610000.0,2339000000.0,2339000000.0
sh600376,600376,sh,首开股份,3.29,-6.8,3.14,0.56,-1.35,3.6,-20.53,-17.75,-9.62,-25.73,-50.23,271310000.0,8487000000.0,8487000000.0
sz300324,300324,sz,旋极信息,3.28,-10.14,4.47,2.81,-11.95,2.4,-13.91,-13.91,-6.02,-26.95,-45.15,255420000.0,5666000000.0,5609000000.0
sz002551,002551,sz,尚荣医疗,3.28,-0.61,2.06,0.47,-17.85,1.12,-4.09,3.47,14.29,6.15,-10.14,41300000.0,2773000000.0,2005000000.0
sh600800,600800,sh,渤海化学,3.28,-2.67,2.18,0.49,-5.87,3.72,-6.82,-3.24,12.71,-15.9,-5.2,80050000.0,3640999999.9999995,3640000000.0
sh600853,600853,sh,龙建股份,3.27,0.62,1.14,1.28,8.44,0.92,-0.91,0.31,5.14,-8.17,-23.79,37710000.0,3315000000.0,3315000000.0
sh600165,600165,sh,ST宁科,3.27,-1.21,2.92,0.87,-58.31,4.62,22.47,35.68,34.57,7.92,-21.2,70810000.0,5284000000.0,2397000000.0
sh600108,600108,sh,亚盛集团,3.27,-0.91,6.53,0.69,119.41,1.47,0.93,0.31,9.73,-5.68,3.91,417140000.0,6366000000.0,6366000000.0
sh600798,600798,sh,宁波海运,3.26,-2.4,2.06,0.81,60.0,1.0,-0.31,0.0,2.52,-5.23,-6.86,82040000.0,3933000000.0,3933000000.0
sz300301,300301,sz,ST长方,3.25,-2.69,0.67,0.95,-18.2,37.14,-4.69,0.0,-2.4,-4.41,37.13,17270000.0,2697000000.0,2567000000.0
sh600433,600433,sh,冠豪高新,3.25,-1.22,1.26,0.66,-172.34,1.28,-4.69,-4.97,0.62,-20.92,-0.91,71800000.0,5688000000.0,5688000000.0
sh600337,600337,sh,ST美克,3.25,1.56,2.12,1.62,-1.93,11.9,5.86,12.46,11.68,3.83,11.3,98020000.0,4670000000.0,4670000000.0
sh600255,600255,sh,鑫科材料,3.25,0.31,2.61,0.97,109.16,3.91,-3.56,-5.8,6.91,-8.19,-15.58,152230000.0,5870000000.0,5870000000.0
sz300173,300173,sz,ST福能,3.23,-2.12,0.68,0.93,-15.44,2.92,-3.0,-3.29,7.31,-11.99,-23.64,16160000.0,2373000000.0,2373000000.0
sh601279,601279,sh,英利汽车,3.22,0.31,0.5,0.95,-68.26,1.23,-1.23,-1.23,7.69,-9.3,-38.08,25580000.0,5106000000.0,5106000000.0
sz002662,002662,sz,峰璟股份,3.21,0.63,0.66,0.95,21.23,1.1,-1.53,-3.02,2.88,-6.14,-19.14,31420000.0,4815000000.0,4815000000.0
sz002047,002047,sz,宝鹰股份,3.21,0.0,3.0,0.52,73.51,119.58,-11.81,-0.93,-2.13,-34.36,-12.77,146340000.0,4867000000.0,4867000000.0
sh600609,600609,sh,金杯汽车,3.21,0.0,0.94,0.68,19.93,2.52,-1.23,-3.6,0.31,-11.08,-30.32,39280000.0,4188000000.0000005,4188000000.0000005
sz002385,002385,sz,大北农,3.2,0.63,2.8,0.42,-14.41,1.87,4.23,3.56,7.38,-4.48,-20.0,319690000.0,13697000000.0,11410000000.0
sz002596,002596,sz,海南瑞泽,3.19,-2.15,1.44,0.81,-18.2,6.89,-1.85,-5.06,6.69,-14.02,-40.82,52790000.0,3661000000.0,3657000000.0
sh600300,600300,sh,维维股份,3.18,0.0,1.04,0.53,14.79,1.45,-2.45,-0.63,4.61,-3.05,-6.64,53550000.0,5143000000.0,5143000000.0
sz300267,300267,sz,尔康制药,3.17,-1.55,2.4,0.87,-16.56,1.63,-4.52,-3.65,5.67,-15.92,-7.04,108740000.0,6538000000.0,4509000000.0
sz002573,002573,sz,清新环境,3.17,0.0,0.71,0.57,-10.97,0.82,-3.35,-3.06,0.0,-6.76,-15.24,31610000.0,4486000000.0,4479000000.0
sz000813,000813,sz,德展健康,3.17,-3.06,2.06,0.81,-18.58,1.44,-10.2,-9.43,-3.65,-5.93,-17.45,137460000.0,6648000000.0,6647000000.0
sh600725,600725,sh,云维股份,3.17,0.0,1.33,0.87,-103.87,15.22,-3.35,-3.94,0.32,-18.09,-24.16,51880000.0,3907000000.0,3907000000.0
sh600308,600308,sh,华泰股份,3.17,-1.55,0.51,1.04,-41.91,0.53,-1.86,-3.06,0.32,-9.43,-18.72,24470000.0,4808000000.0,4808000000.0
sz000536,000536,sz,华映科技,3.16,-1.86,1.06,0.84,-8.69,16.2,-4.82,-5.11,1.61,-18.77,-35.25,92020000.0,8741000000.0,8731000000.0
sz002640,002640,sz,跨境通,3.15,-1.56,2.79,0.59,-19.14,7.62,-5.97,-9.74,-7.89,-17.11,-30.46,136910000.0,4908000000.0,4877000000.0
sh600794,600794,sh,保税科技,3.15,0.0,0.74,0.57,-40.82,1.51,-0.94,-0.63,4.3,-1.56,-18.81,27830000.0,3779999999.9999995,3779999999.9999995
sh600751,600751,sh,海航科技,3.14,-0.63,1.04,1.12,124.85,1.21,-1.88,-2.79,7.53,-4.62,-17.63,83820000.0,9104000000.0,8080000000.0
sz002822,002822,sz,ST中装,3.13,-1.88,0.65,1.0,-1.97,5.67,-3.4,-0.95,9.44,5.74,-20.15,21800000.0,6103000000.0,3346000000.0
sz002060,002060,sz,广东建工,3.12,-3.11,2.0,2.58,12.46,0.83,-4.0,-6.31,-3.41,-12.11,-9.83,96850000.0,11714000000.0,4876000000.0
sz000965,000965,sz,天保基建,3.12,-0.95,1.0,0.79,-201.19,0.63,-1.27,-2.5,1.96,-5.45,-20.2,34560000.0,3463000000.0000005,3463000000.0000005
sh600217,600217,sh,中再资环,3.11,-0.64,0.71,1.07,-8.47,1.81,-1.27,-3.12,0.97,-9.06,-23.77,36830000.0,5155000000.0,5155000000.0
sh600076,600076,sh,康欣新材,3.11,0.65,0.98,0.81,-10.69,1.17,-1.27,1.63,13.92,-11.4,-7.72,40970000.0,4182000000.0,4182000000.0
sh601399,601399,sh,国机重装,3.09,-0.32,0.59,0.81,46.49,1.5,-5.21,-6.93,-3.74,-19.53,-35.36,131290000.0,22290000000.0,22290000000.0
sz002228,002228,sz,合兴包装,3.08,-1.28,0.94,0.63,39.58,1.27,-2.22,-1.91,4.41,-7.31,-31.05,34910000.0,3736999999.9999995,3725000000.0
sz000068,000068,sz,华控赛格,3.08,0.33,1.14,0.81,-29.44,5.3,1.32,5.12,14.5,-1.91,-8.88,35350000.0,3101000000.0,3101000000.0
sh600261,600261,sh,阳光照明,3.08,-4.94,2.44,2.01,29.08,1.21,-2.53,0.33,4.41,-2.22,-4.94,100010000.0,4111999999.9999995,4111999999.9999995
sz300078,300078,sz,思创智联,3.07,-0.65,2.02,0.8,-89.18,6.98,-2.85,-3.15,11.23,-7.25,-30.7,69310000.0,3432000000.0,3418000000.0
sz000523,000523,sz,红棉股份,3.07,-3.46,7.87,0.9,49.03,2.88,3.72,3.37,12.45,-2.23,-18.57,327100000.0,5635000000.0,4068000000.0
sh601818,601818,sh,光大银行,3.07,1.66,0.54,1.68,4.8,0.36,2.68,0.66,-0.97,1.32,-7.39,768330000.0,181393000000.0,142469000000.0
sz300338,300338,sz,*ST开元,3.05,5.54,5.05,3.95,-8.6,-9.65,7.02,7.39,16.86,-2.24,-19.74,54270000.0,1228000000.0,1067000000.0
sz300081,300081,sz,ST恒信,3.05,-4.69,2.23,1.06,-4.87,2.34,0.99,0.0,2.35,-23.37,-41.23,41670000.0,1845000000.0,1844000000.0000002
sz000002,000002,sz,万  科Ａ,3.05,-0.97,0.74,0.7,-0.41,0.33,-2.24,-6.15,-2.56,-14.08,-34.41,221310000.0,36389000000.0,29637000000.0
sh601228,601228,sh,广州港,3.05,1.33,0.28,1.07,29.18,1.08,0.33,-0.97,0.0,0.1,-4.9,65410000.0,23011000000.0,23011000000.0
sz002374,002374,sz,中锐股份,3.04,-1.62,1.08,0.79,-10.18,6.17,-2.88,-10.59,-0.65,-8.71,-15.56,35580000.0,3299000000.0,3299000000.0
sz000629,000629,sz,钒钛股份,3.04,-0.33,1.01,1.15,86.27,2.25,-1.62,-5.0,-1.3,-11.11,-1.94,287530000.0,28244000000.0,28243000000.0
sz002589,002589,sz,瑞康医药,3.02,-5.03,7.64,0.49,502.68,0.86,-15.64,-9.58,10.62,5.3,-6.15,318400000.0,4544000000.0,4124000000.0
sz002421,002421,sz,达实智能,3.01,-2.9,5.88,0.67,-10.95,2.35,-12.5,-13.75,7.89,-26.76,5.61,360100000.0,6383000000.0,6129000000.0
sh600959,600959,sh,江苏有线,3.01,0.33,0.28,0.66,94.24,0.67,-1.76,-2.4,0.2,-14.34,-12.09,41690000.0,15052000000.000002,15052000000.000002
sz002425,002425,sz,凯撒文化,3.0,-1.96,2.64,0.58,-5.22,1.16,-7.98,-9.37,16.73,-3.23,-15.25,72810000.0,2870000000.0,2761000000.0
sz002390,002390,sz,信邦制药,3.0,-1.32,1.18,0.71,45.67,0.87,-4.46,-2.28,1.69,-0.99,-5.12,68710000.0,5832000000.0,5783000000.0
sh601933,601933,sh,永辉超市,3.0,-2.28,1.15,0.72,-13.01,12.35,-7.41,-8.26,-2.6,-18.92,-36.03,309090000.0,26775000000.0,26775000000.0
sh601599,601599,sh,浙文影业,3.0,-0.66,0.85,0.68,31.25,2.27,-2.28,-3.23,2.39,-7.69,-24.62,29520000.0,3482000000.0,3482000000.0
sh601106,601106,sh,中国一重,3.0,-1.64,0.48,0.74,-91.05,3.98,-4.46,-6.54,0.67,-19.57,-24.81,99170000.0,20573000000.0,20573000000.0
sh601011,601011,sh,宝泰隆,3.0,4.17,10.58,1.84,-10.69,1.07,12.36,10.29,20.48,6.38,-11.76,596060000.0,5747000000.0,5747000000.0
sh600708,600708,sh,光明地产,3.0,-1.32,0.7,1.01,-1.81,1.12,-5.36,-6.25,1.35,-8.81,-22.88,46940000.0,6686000000.0,6676000000.000001
sh600400,600400,sh,红豆股份,2.99,-4.47,2.42,0.84,-17.22,4.94,-8.28,-4.78,11.99,2.75,25.63,168300000.0,6851000000.000001,6851000000.000001
sz000838,000838,sz,*ST发展,2.98,6.05,6.27,1.37,-4.85,-13.1,5.67,20.65,21.14,57.67,-3.56,195110000.0,3279000000.0,3140000000.0
sz000563,000563,sz,陕国投Ａ,2.97,1.02,0.65,0.99,10.59,0.8,-1.0,-1.33,-1.0,-0.34,-12.39,98340000.0,15188000000.0,15188000000.0
bj920819,920819,bj,颖泰生物,2.97,-0.67,0.28,0.3,-13.66,0.76,2.41,4.58,12.93,0.0,-23.26,10160000.0,3640999999.9999995,3599000000.0
sz002263,002263,sz,大东南,2.96,-0.67,1.44,0.78,306.77,2.0,-3.9,-3.58,4.23,-24.1,-11.11,79940000.0,5560000000.0,5560000000.0
sz002958,002958,sz,青农商行,2.95,1.37,1.37,1.12,5.13,0.44,0.68,-1.99,-1.34,7.27,-1.01,217500000.0,16388999999.999998,16047000000.0
sz002656,002656,sz,摩登大道,2.95,1.03,1.64,1.13,-42.23,5.09,-1.67,-0.67,11.32,-13.99,4.61,33220000.0,2102000000.0,2026000000.0000002
sz002110,002110,sz,三钢闽光,2.95,0.0,0.79,0.85,-49.6,0.37,-0.67,-5.75,-2.32,-5.14,-32.65,57090000.0,7166000000.0,7166000000.0
sh601916,601916,sh,浙商银行,2.95,1.03,0.57,1.12,6.24,0.45,1.37,1.37,2.08,2.82,1.41,359200000.0,81021000000.0,63555999999.99999
sh601908,601908,sh,京运通,2.95,-0.67,0.77,0.47,-4.63,0.96,-6.65,-5.14,-2.64,-20.7,-24.55,54960000.0,7123000000.0,7123000000.0
sz002309,002309,sz,中利集团,2.93,-1.68,3.05,0.56,68.22,4.45,-11.21,-14.58,-4.25,-17.23,-13.57,216030000.0,8812000000.0,7050000000.0
sz002157,002157,sz,正邦科技,2.93,0.0,1.09,0.6,-18.26,2.59,-1.35,-1.68,1.38,-5.48,-9.57,248480000.0,27102999999.999996,22819000000.0
sh603718,603718,sh,*ST海利,2.93,-2.01,0.66,0.57,-6.02,2.18,-0.68,-1.35,8.12,-17.7,-51.97,12580000.0,1902000000.0,1902000000.0
sz000631,000631,sz,顺发恒能,2.92,-0.34,0.27,0.56,145.01,1.23,-2.34,-1.68,0.69,-15.61,-9.74,17950000.0,6716000000.0,6716000000.0
sh601333,601333,sh,广深铁路,2.92,0.69,0.79,0.81,13.46,0.73,0.0,-1.35,-1.68,-2.67,-1.02,130160000.0,20684000000.0,16505000000.000002
sh600448,600448,sh,华纺股份,2.92,-0.68,2.27,1.41,-6.81,2.05,0.0,2.1,18.22,-2.34,-7.3,41670000.0,1839000000.0,1839000000.0
sh600280,600280,sh,中央商场,2.92,-2.01,1.75,0.89,-8.2,12.39,-3.31,-2.01,13.18,-8.75,-24.16,57840000.0,3295000000.0000005,3295000000.0000005
sz300111,300111,sz,向日葵,2.91,-3.0,2.96,0.81,-395.59,5.53,-7.32,-6.13,5.05,-12.61,-52.53,111520000.0,3746000000.0,3746000000.0
sz002726,002726,sz,ST龙大,2.9,4.69,9.47,0.97,-6.45,5.78,22.88,33.64,54.26,69.59,-29.44,359170000.0,3947000000.0,3945000000.0000005
sz002554,002554,sz,惠博普,2.9,0.69,1.24,0.83,-9.03,2.03,2.11,0.69,4.32,-6.75,-9.09,47480000.0,3868000000.0,3867000000.0
sz300355,300355,sz,蒙草生态,2.89,-0.69,1.04,0.71,187.33,1.1,-4.3,-3.02,2.85,-9.12,-28.47,40980000.0,4636000000.0,3949000000.0
sz002307,002307,sz,北新路桥,2.88,0.0,1.07,1.0,-17.04,1.17,-4.32,-6.19,-1.37,-26.15,-42.97,50050000.0,4748000000.0,4692000000.0
sh603377,603377,sh,ST东时,2.88,-0.35,0.33,1.11,-2.72,-1437.09,-3.36,-6.49,-0.69,-18.18,-23.4,6740000.0,2082000000.0,2082000000.0
sh600208,600208,sh,衢州发展,2.88,-1.71,0.77,0.84,161.61,0.59,-4.64,-7.1,2.13,-2.7,-25.58,188170000.0,24506000000.0,24503000000.0
sh600654,600654,sh,中安科,2.87,0.7,1.7,0.88,112.25,4.96,-2.71,-3.37,1.77,-12.5,-23.87,113090000.0,8166000000.0,6651000000.000001
sh600248,600248,sh,陕建股份,2.87,0.7,0.39,0.69,-779.48,0.39,-1.71,0.0,1.06,-11.96,-18.23,41630000.0,10659000000.0,10635000000.0
sz300159,300159,sz,新研股份,2.86,-2.39,1.42,0.7,66.39,3.37,-6.54,-7.44,0.35,-26.29,-10.06,75110000.0,9411000000.0,5269000000.0
sz002689,002689,sz,ST远智,2.86,0.0,0.85,1.61,28.81,2.5,2.14,4.38,13.94,-9.21,-9.49,25670000.0,2984000000.0,2983000000.0
sh600408,600408,sh,安泰集团,2.86,-0.35,7.35,0.77,-10.25,2.54,0.35,1.06,10.85,-4.67,-29.03,211320000.0,2879000000.0,2879000000.0
sh600103,600103,sh,青山纸业,2.86,-0.69,2.36,0.68,163.65,1.62,-5.3,-4.03,6.32,-22.91,-31.6,149240000.0,6409000000.0,6327000000.0
sz002721,002721,sz,金一文化,2.85,4.4,8.49,1.76,90.71,3.52,5.95,2.89,25.0,7.95,-9.52,635980000.0,7579000000.000001,7579000000.000001
sh600166,600166,sh,福田汽车,2.85,-1.38,1.16,0.84,15.78,1.4,-2.06,-7.17,-6.56,-2.73,-2.4,262020000.0,22565000000.0,22565000000.0
sh603363,603363,sh,傲农生物,2.84,-1.73,0.92,0.51,-50.36,2.3,-3.4,-3.73,4.03,-12.07,-38.39,56020000.0,7756000000.0,6096000000.0
sh601188,601188,sh,龙江交通,2.84,0.0,0.87,0.85,24.07,0.83,-1.39,-1.73,0.71,-8.03,-18.58,32150000.0,3708000000.0,3708000000.0
sh600688,600688,sh,上海石化,2.84,0.35,0.77,0.96,-44.69,1.28,1.07,-1.05,2.53,4.41,2.16,159670000.0,29941000000.000004,20814000000.0
sh600365,600365,sh,ST通葡,2.84,1.79,0.65,1.51,-13.73,5.86,2.16,0.0,7.17,3.65,-12.62,7840000.0,1289000000.0,1213000000.0
sh600008,600008,sh,首创环保,2.84,1.07,0.68,1.01,11.57,1.01,0.71,-0.7,-1.73,-7.49,-1.39,140390000.0,20847000000.0,20847000000.0
sh600303,600303,sh,曙光股份,2.83,-1.39,2.12,0.73,-5.6,2.05,-2.08,-2.75,15.04,-12.38,-13.19,40600000.0,1935000000.0000002,1917000000.0000002
sz300094,300094,sz,国联水产,2.82,0.0,3.44,0.47,-1.95,33.49,-3.42,-3.09,8.05,-3.75,-20.79,106350000.0,3181000000.0,3118000000.0
sh600423,600423,sh,*ST柳化,2.82,0.36,0.4,0.79,-150.44,4.16,-2.42,-3.42,9.3,2.55,-24.19,8940000.0,2252000000.0,2252000000.0
sh600082,600082,sh,ST海泰,2.82,-0.35,0.97,1.14,-25.03,1.08,-0.7,-1.05,10.16,-16.32,-30.54,17130000.0,1822000000.0,1789000000.0
sz300110,300110,sz,华仁药业,2.8,-2.1,1.65,0.61,-7.15,3.88,-4.44,-0.36,4.48,0.0,-11.11,54730000.0,3310000000.0,3307000000.0
sz002127,002127,sz,南极电商,2.8,-0.36,1.43,0.78,-28.23,1.83,-6.67,-12.23,-6.67,-4.11,-15.41,80070000.0,6873999999.999999,5585000000.0
sh600293,600293,sh,三峡新材,2.79,-1.76,1.91,0.94,-38.63,1.96,-1.76,-2.45,7.31,-12.81,-11.43,61820000.0,3236999999.9999995,3236999999.9999995
sz002506,002506,sz,协鑫集成,2.78,6.51,12.6,4.11,-14.08,17.27,1.46,2.21,11.65,-19.65,-0.71,2056390000.0,16263999999.999998,16247999999.999998
sz000816,000816,sz,智慧农业,2.78,0.0,1.69,0.6,-55.44,2.03,-1.07,1.09,10.32,2.58,-24.46,67690000.0,4022999999.9999995,4002000000.0000005
sz002489,002489,sz,浙江永强,2.76,1.85,1.43,1.21,-115.86,1.41,0.0,0.0,4.55,-25.61,-26.79,75300000.0,5986000000.0,5280000000.0
sh601518,601518,sh,吉林高速,2.76,0.36,0.44,0.79,10.61,0.93,-0.72,-1.08,0.73,-5.15,2.6,23050000.0,5218000000.0,5218000000.0
sh600067,600067,sh,冠城新材,2.76,-1.43,0.86,0.78,199.1,0.69,-3.16,-2.13,6.56,-8.34,-33.03,32880000.0,3840999999.9999995,3840999999.9999995
sh600965,600965,sh,*ST福成,2.75,-0.36,0.85,0.5,41.33,1.02,-3.51,4.17,11.79,-14.33,-53.78,19000000.0,2251000000.0,2251000000.0
sh600868,600868,sh,梅雁吉祥,2.75,0.73,1.86,0.66,-54.79,2.7,-2.14,-4.18,5.36,-21.43,-17.66,96900000.0,5220000000.0,5220000000.0
sh600515,600515,sh,海南机场,2.75,-2.14,1.02,1.45,149.84,1.3,-3.85,-6.14,-1.79,-14.2,-48.36,260090000.0,31420000000.0,25234000000.0
sh600782,600782,sh,新钢股份,2.74,0.37,0.93,0.87,-12.49,0.35,1.48,-2.14,-1.44,2.43,-26.84,80360000.0,8724000000.0,8619000000.0
sz000839,000839,sz,国安股份,2.72,1.49,0.92,0.63,121.82,6.87,-3.2,-8.11,6.67,-9.03,3.03,97700000.0,10662000000.0,10662000000.0
bj920370,920370,bj,新安洁,2.72,-1.81,0.73,0.84,-10.6,1.45,-3.2,0.0,5.43,-8.72,-34.3,5230000.0,817000000.0,714000000.0
sz300256,300256,sz,星星科技,2.71,-0.73,0.89,1.01,-143.45,6.78,-0.73,0.37,9.27,-12.86,-32.75,53540000.0,6147000000.0,6080000000.0
sz002356,002356,sz,鹏飞绿能,2.71,-1.81,0.97,0.57,97.31,5.93,-3.21,-1.81,5.86,-9.06,-31.57,34580000.0,3553000000.0,3553000000.0
sz002122,002122,sz,ST汇洲,2.71,-1.45,0.81,0.86,143.52,2.49,4.23,4.23,15.81,-3.56,-9.67,43720000.0,5424000000.0,5387000000.0
sh600759,600759,sh,ST洲际,2.7,4.65,5.05,1.64,52.71,1.23,8.0,15.88,15.88,-2.17,-13.46,553910000.0,11202000000.0,11188000000.0
sz300185,300185,sz,通裕重工,2.69,0.75,1.52,1.2,132.1,1.53,-2.54,-4.61,-1.82,-3.17,-5.21,157060000.0,10857000000.0,10347000000.0
sz002377,002377,sz,国创高新,2.69,-0.74,2.07,0.9,108.98,6.2,-1.47,0.0,8.03,-6.27,-5.94,48270000.0,2465000000.0,2347000000.0
sz002133,002133,sz,广宇集团,2.69,-0.37,1.46,0.79,28.82,0.72,-0.74,-0.37,12.08,-6.6,-20.65,30320000.0,2082000000.0,2071000000.0
sh600017,600017,sh,日照港,2.68,1.52,0.87,1.02,18.8,0.59,0.37,-1.47,-1.11,-1.87,-9.49,71500000.0,8243000000.000001,8243000000.000001
sz002109,002109,sz,ST兴化,2.65,-3.64,0.64,1.45,-8.33,0.86,-1.85,1.53,4.74,-8.62,-25.35,21900000.0,3382000000.0,3382000000.0
sz000981,000981,sz,山子高科,2.64,-0.38,1.68,0.88,22.08,8.52,-6.71,-10.81,5.18,-26.46,-36.54,422780000.0,26393000000.0,25115000000.0
sz002526,002526,sz,山东矿机,2.63,-0.75,1.08,0.88,154.12,1.45,-4.36,-5.4,3.14,-15.43,-26.74,50240000.0,4689000000.0,4658000000.0
sz000552,000552,sz,甘肃能化,2.62,1.16,2.29,1.29,-72.94,0.86,2.75,2.75,1.16,-4.03,13.42,222620000.0,14022000000.0,9762000000.0
sz002021,002021,sz,中捷资源,2.61,-2.25,1.74,0.84,-147.73,5.09,-5.43,-4.4,10.59,-5.09,5.67,54180000.0,3120000000.0,3120000000.0
sz002426,002426,sz,胜利精密,2.6,-0.76,1.72,0.77,-11.59,5.39,-7.47,-5.8,4.84,-21.92,-32.11,151040000.0,8847000000.0,8847000000.0
sz000659,000659,sz,珠海中富,2.59,-4.43,2.21,1.09,-31.55,48.81,-9.76,-9.76,2.78,-35.25,-36.21,74180000.0,3329999999.9999995,3329999999.9999995
sh600807,600807,sh,济高发展,2.59,-1.15,1.31,0.83,-11.19,7.75,-0.77,-0.77,8.82,-6.5,-15.91,26690000.0,2291000000.0,2038000000.0
sh600322,600322,sh,津投城开,2.59,-1.89,1.27,0.88,-2.44,37.65,-4.78,-3.72,3.6,2.78,11.16,36560000.0,2864000000.0,2864000000.0
sh600939,600939,sh,重庆建工,2.58,-0.77,0.49,1.02,-4.12,0.7,-0.77,-2.27,2.38,-7.86,-18.61,23780000.0,4908000000.0,4908000000.0
sh601860,601860,sh,紫金银行,2.56,1.59,2.08,1.57,7.49,0.46,1.19,0.0,0.0,1.99,-3.76,188300000.0,9372000000.0,9092000000.0
sh601618,601618,sh,中国中冶,2.56,0.39,0.37,1.09,39.32,0.51,-0.78,-3.03,-3.76,-9.54,-13.8,170820000.0,52971000000.0,45703000000.0
sz002486,002486,sz,嘉麟杰,2.55,-0.78,2.04,0.48,54.82,1.97,-4.49,4.94,16.44,3.74,-17.69,42580000.0,2102000000.0,2092000000.0000002
sh600808,600808,sh,马钢股份,2.55,1.59,0.9,1.07,-878.24,0.82,0.79,-1.54,1.59,-13.56,-39.57,136330000.0,19637000000.0,15218000000.0
sh600691,600691,sh,潞化科技,2.55,-0.39,1.23,0.82,-8.25,1.95,2.82,0.79,8.51,-5.56,-7.61,74410000.0,6059000000.0,6058000000.0
sh600657,600657,sh,信达地产,2.55,-1.54,0.86,0.83,-0.89,0.47,-1.54,-1.92,4.94,-10.53,-26.09,62980000.0,7272000000.0,7272000000.0
sz002175,002175,sz,*ST东智,2.53,-2.32,1.3,0.8,-90.55,4.17,-2.32,3.69,3.27,-4.53,-42.89,41980000.0,3229999999.9999995,3229999999.9999995
sz000545,000545,sz,金浦钛业,2.52,-0.4,3.24,1.21,-7.71,3.89,-0.79,-3.82,4.13,2.44,-10.64,80730000.0,2487000000.0,2483000000.0
sz300091,300091,sz,*ST金灵,2.51,-2.33,0.34,1.23,-3.53,5.49,-4.92,-1.57,2.45,-14.33,-10.61,13650000.0,7134000000.0,4072000000.0
sh601996,601996,sh,丰林集团,2.5,-1.19,1.66,0.94,-14.77,1.2,1.21,1.21,12.11,-6.02,11.11,46390000.0,2802000000.0,2802000000.0
sh601868,601868,sh,XD中国能,2.5,0.81,0.61,1.1,19.46,0.94,-0.75,-3.06,-1.54,-12.56,7.81,493070000.0,110600000000.0,81072000000.0
sz002547,002547,sz,*ST春兴,2.49,-4.96,2.17,0.79,-6.36,-6.43,-8.46,-4.23,15.81,-29.46,-46.68,60830000.0,2809000000.0,2751000000.0
sh600159,600159,sh,大龙地产,2.49,-1.97,1.68,1.0,-7.69,1.42,-2.35,-1.97,10.18,-10.11,-10.11,34880000.0,2067000000.0000002,2067000000.0000002
sz002535,002535,sz,林州重机,2.48,-1.98,1.98,1.17,-30.42,3.34,-2.36,-1.2,13.76,-3.88,-36.08,36690000.0,1988000000.0,1851000000.0000002
sz002622,002622,sz,皓宸医疗,2.47,-1.59,2.5,0.74,-17.96,7.76,-3.14,-5.73,19.32,-2.37,-16.84,51860000.0,2075000000.0,2075000000.0
sz002239,002239,sz,奥特佳,2.47,0.0,1.11,0.78,45.75,1.39,-1.98,-2.37,-0.4,-6.58,-16.95,89580000.0,8678000000.0,8067000000.0
sz300477,300477,sz,ST合纵,2.45,-3.16,1.86,0.94,-2.92,31.67,-7.89,-8.92,-6.49,-10.26,-6.49,45700000.0,2626000000.0,2428000000.0
sz000008,000008,sz,神州高铁,2.45,-0.41,1.82,1.32,-8.09,3.08,2.08,0.0,6.06,-4.67,-14.04,121290000.0,6655000000.0,6655000000.0
sh600816,600816,sh,建元信托,2.45,-0.41,0.82,0.64,21.01,1.6,-3.54,-4.3,-0.81,-20.71,-13.43,110900000.0,24119000000.0,13399000000.0
sz000402,000402,sz,金 融 街,2.43,-1.22,0.96,0.77,-1.56,0.37,-2.02,-3.95,1.67,-21.36,-11.64,70110000.0,7263000000.0,7262000000.0
sh603077,603077,sh,和邦生物,2.42,2.11,1.83,1.09,-102.74,1.13,-0.82,-2.42,3.42,-1.63,7.08,382540000.0,21373000000.0,21373000000.0
sz000927,000927,sz,中国铁物,2.41,0.42,0.48,0.84,29.13,1.52,-0.82,-2.43,-1.63,-9.3,-6.12,70620000.0,14581000000.0,14581000000.0
sh600981,600981,sh,苏豪汇鸿,2.41,0.42,0.59,0.87,-1566.0,1.09,-1.23,-1.63,7.11,-2.03,-23.0,31630000.0,5404000000.0,5404000000.0
sh601866,601866,sh,中远海发,2.4,0.42,0.64,1.06,20.44,1.02,0.84,-0.83,-0.21,-4.19,-4.19,150280000.0,31517000000.0,23305000000.0
sh600477,600477,sh,杭萧钢构,2.38,-0.42,0.87,0.68,79.84,1.12,-3.25,-3.25,2.15,-12.31,-19.43,48960000.0,5614000000.0,5614000000.0
sz002495,002495,sz,佳隆股份,2.37,-0.42,2.27,0.91,128.5,2.02,-2.87,-0.42,12.86,-1.66,-10.57,37080000.0,2217000000.0,1645000000.0
sz002247,002247,sz,聚力文化,2.37,0.0,4.39,1.43,50.39,2.94,-0.84,1.28,16.75,-6.32,-15.66,66980000.0,2017000000.0000002,1525000000.0
sz002005,002005,sz,德豪润达,2.37,-2.47,0.57,0.64,97.59,12.49,-4.44,3.95,3.95,-19.11,-4.44,23810000.0,4153000000.0,4152000000.0000005
sz000797,000797,sz,中国武夷,2.37,-1.25,1.21,0.9,-7.42,0.8,-2.07,-2.47,3.95,-7.06,-39.69,45160000.0,3722999999.9999995,3722000000.0
sz300198,300198,sz,*ST纳川,2.32,-1.69,0.59,0.41,-8.52,5.51,4.98,4.5,14.29,1.75,-9.38,14060000.0,2393000000.0,2377000000.0
sz000761,000761,sz,本钢板材,2.32,-0.43,0.42,1.2,-2.24,1.61,0.43,-0.43,2.65,-7.57,-30.75,36170000.0,9531000000.0,8603000000.0
sz000517,000517,sz,荣安地产,2.32,-2.11,1.14,0.64,-6.19,1.59,1.31,6.42,38.1,23.4,28.18,66020000.0,7387000000.0,5781000000.0
sh600467,600467,sh,好当家,2.32,-0.85,1.45,0.58,96.22,0.99,-1.28,0.0,9.43,2.02,-10.56,48990000.0,3390000000.0,3390000000.0
sz002310,002310,sz,东方新能,2.3,-0.43,1.41,0.79,-162.67,5.76,-4.56,-9.09,-4.56,-21.23,2.22,143410000.0,13797999999.999998,10118000000.0
sh688538,688538,sh,和辉光电-U,2.29,-0.87,1.01,1.05,-16.35,4.17,-2.97,-4.18,-3.38,-2.55,-13.91,133600000.0,31624000000.0,13172999999.999998
sh600581,600581,sh,*ST八钢,2.29,1.33,0.37,1.05,-2.3,-6.79,-0.43,-2.97,3.15,-9.49,-31.44,12870000.0,3510000000.0,3510000000.0
sh601929,601929,sh,吉视传媒,2.26,-1.31,1.29,0.7,-17.27,1.69,-6.22,-7.0,0.89,-20.42,-34.3,100400000.0,7887000000.0,7790000000.000001
sh600010,600010,sh,包钢股份,2.26,3.2,2.47,2.77,203.74,1.95,1.35,-1.31,3.2,-4.24,-5.04,1743460000.0,102211000000.0,70779000000.0
sz002102,002102,sz,ST能特,2.25,1.81,0.62,1.48,-408.79,1.87,0.45,-1.32,-3.02,-3.02,-32.43,28540000.0,5437000000.0,4659000000.0
sh600935,600935,sh,华塑股份,2.25,-0.44,0.24,0.63,-71.08,1.36,-2.17,-3.43,0.45,-7.41,-8.16,18640000.0,8088000000.0,7892000000.0
sh600325,600325,sh,华发股份,2.25,-2.6,2.23,0.84,-0.58,0.72,-5.46,-8.54,-6.64,-23.21,-46.68,139050000.0,6192000000.0,6192000000.0
sh600170,600170,sh,上海建工,2.25,0.0,0.69,0.67,14.1,0.65,-0.44,-3.43,-3.43,-9.46,-13.96,137380000.0,19993000000.0,19993000000.0
sz300352,300352,sz,ST信源,2.24,-1.32,1.08,0.69,-9.69,3.22,-8.94,-10.76,-0.44,-27.97,-63.46,30820000.0,3247999999.9999995,2859000000.0
sz300010,300010,sz,ST豆神,2.24,3.23,2.27,1.57,-194.44,2.67,0.45,-2.61,16.67,-20.28,-69.06,83350000.0,4629000000.0,3726000000.0
sz002124,002124,sz,天邦食品,2.24,-1.32,2.87,0.55,-2.32,3.0,-1.32,-3.03,3.23,-12.84,-18.25,126470000.0,4977000000.0,4418000000.0
sh600117,600117,sh,西宁特钢,2.24,-0.88,0.29,0.69,-7.27,2.12,-1.32,-2.61,2.75,-4.68,-21.13,21510000.0,7291000000.0,7291000000.0
sz000785,000785,sz,居然智家,2.23,0.45,0.72,0.84,-12.09,0.73,-1.33,-2.19,2.76,-7.47,-23.63,92900000.0,13886000000.000002,12944000000.0
sh600743,600743,sh,华远控股,2.22,-0.45,0.86,0.86,-51.29,9.4,-3.06,-2.2,4.23,-9.76,11.0,45020000.0,5208000000.0,5208000000.0
sz000717,000717,sz,中南股份,2.21,0.0,0.66,1.22,-4.97,0.8,-0.9,-2.64,1.84,-0.9,-14.67,35240000.0,5357000000.0,5356000000.0
sh600871,600871,sh,石化油服,2.21,-0.45,0.84,0.7,61.96,4.19,0.45,-1.34,1.84,-4.74,2.31,250690000.0,41895000000.0,29939000000.0
sh600622,600622,sh,光大嘉宝,2.21,-2.21,1.08,0.76,-2.39,1.66,0.0,0.0,9.41,-17.23,-22.73,35950000.0,3314000000.0,3314000000.0
sz002210,002210,sz,飞马国际,2.2,-0.9,1.38,0.74,210.7,6.25,-4.35,-4.35,-0.45,-24.14,-38.89,80670000.0,5855000000.0,5842000000.0
sh600675,600675,sh,中华企业,2.2,-0.45,0.43,0.62,-30.66,0.93,-1.79,-2.65,2.14,-9.24,-18.64,56910000.0,13301000000.0,13301000000.0
sh600383,600383,sh,金地集团,2.18,-1.36,1.56,0.84,-0.74,0.22,-0.91,-4.39,-1.36,-20.73,-28.76,153780000.0,9842000000.0,9842000000.0
sh600252,600252,sh,中恒集团,2.18,-1.8,1.59,0.66,-17.01,1.32,-6.44,-3.11,-0.46,-1.8,-20.44,110370000.0,6941000000.0,6941000000.0
sz000926,000926,sz,福星股份,2.17,-3.98,2.78,0.85,-0.83,0.66,-0.91,-0.91,4.83,-16.22,-3.56,95780000.0,3457000000.0,3414000000.0
sz000727,000727,sz,冠捷科技,2.17,-1.81,1.13,0.68,-10.95,5.45,-3.56,-3.56,-0.91,-20.8,-14.57,111780000.0,9829000000.0,9829000000.0
sz000560,000560,sz,我爱我家,2.17,-2.69,6.27,0.58,-52.45,0.55,0.0,-3.13,0.46,-21.94,-25.68,321350000.0,5111000000.0,5074000000.0
sh600527,600527,sh,江南高纤,2.17,0.93,2.16,1.07,155.04,1.85,-1.36,-1.81,3.83,-15.23,2.36,80680000.0,3758000000.0,3758000000.0
sz300370,300370,sz,安控科技,2.16,-1.37,0.91,0.8,-27.33,7.83,-3.14,0.0,6.93,-8.09,-17.24,30710000.0,3381000000.0,3372999999.9999995
sh600568,600568,sh,ST中珠,2.16,-2.26,0.43,1.1,-36.96,2.66,-3.14,-4.85,-1.37,-13.94,-13.94,15740000.0,4305000000.0,3604999999.9999995
sz000793,000793,sz,ST华闻,2.14,-1.83,0.35,0.79,-436.1,3.55,-2.28,-3.17,-3.6,-15.38,-19.34,19840000.0,9403000000.0,5702000000.0
sh600533,600533,sh,栖霞建设,2.14,-1.83,1.42,1.33,-1.18,1.69,-1.83,-1.83,12.04,-4.89,-16.41,31920000.0,2247000000.0,2247000000.0
sz002694,002694,sz,*ST顾地,2.13,0.95,0.25,0.94,-3.3,-21.6,1.91,-2.74,13.9,-11.98,-43.35,3760000.0,1625000000.0,1531000000.0
sz002219,002219,sz,新里程,2.13,-4.48,3.63,0.53,240.78,3.72,-17.44,-2.29,1.91,-1.84,0.0,254880000.0,7353000000.0,6970000000.0
sz001227,001227,sz,兰州银行,2.12,0.47,1.45,0.98,6.57,0.39,-0.47,-1.4,-0.93,1.44,-5.36,129700000.0,12075000000.0,8941000000.0
sz000031,000031,sz,大悦城,2.12,-1.4,0.68,0.8,-3.93,0.89,-2.3,-5.78,-0.93,-18.77,-24.82,62250000.0,9087000000.0,9087000000.0
sh600503,600503,sh,华丽家族,2.12,-0.47,1.06,0.66,-42.52,0.98,-2.3,-2.3,7.61,-20.0,-20.9,36270000.0,3397000000.0,3397000000.0
sh603359,603359,sh,*ST东珠,2.11,-1.86,0.94,0.84,-0.86,0.67,-7.05,-8.66,-1.86,-25.7,-77.88,8940000.0,941000000.0,941000000.0
sz002314,002314,sz,南山控股,2.1,-1.41,1.3,0.87,-2.41,0.84,-1.87,-2.33,3.45,-8.3,-26.32,36670000.0,5686000000.0,2810000000.0
sz002306,002306,sz,ST云网,2.1,-0.94,2.32,1.3,-29.74,31.74,8.25,9.95,22.09,0.48,5.53,39290000.0,1827000000.0,1707000000.0
sz000709,000709,sz,河钢股份,2.1,1.45,0.6,0.93,19.87,0.42,0.0,-2.33,0.96,-4.11,-7.49,129150000.0,21708000000.0,21704000000.0
sh601828,601828,sh,美凯龙,2.1,-1.87,0.92,1.01,-0.39,0.41,-4.11,-6.25,-3.23,-13.93,-22.22,69850000.0,9143000000.0,7586000000.0
sh600537,600537,sh,*ST亿晶,2.1,-1.41,2.04,1.34,-4.6,-17.1,-5.83,-4.98,-2.33,-31.37,-49.52,50520000.0,2486000000.0,2486000000.0
sz002285,002285,sz,世联行,2.09,-2.79,2.26,0.83,-6.47,1.9,-4.13,-4.57,3.47,-20.23,-26.67,93210000.0,4165000000.0,4128000000.0
sz002305,002305,sz,*ST南置,2.08,-1.89,0.77,0.85,-2.72,14.41,-0.48,-3.26,10.05,-12.61,-6.73,27820000.0,3607000000.0,3607000000.0
sh600169,600169,sh,ST太重,2.07,0.98,0.22,0.95,28.45,1.33,0.0,0.49,3.5,-10.0,-9.21,15030000.0,6900000000.0,6900000000.0
sz002076,002076,sz,星光股份,2.06,-1.44,2.47,0.94,-236.48,7.5,-4.19,-1.44,10.75,-24.82,2.49,52850000.0,2285000000.0,2147000000.0
sz000056,000056,sz,*ST皇庭,2.04,1.49,2.32,1.18,-0.9,-1.0,2.51,3.55,7.94,27.5,1.49,42690000.0,2412000000.0,1844000000.0000002
sh603030,603030,sh,全筑股份,2.03,-2.87,2.2,1.14,-9.95,3.82,-2.87,-1.93,11.54,-20.7,-31.42,58880000.0,2673000000.0,2673000000.0
sz002321,002321,sz,华英农业,2.02,-0.49,1.13,0.6,-68.31,4.67,0.0,2.54,10.38,6.32,-12.17,48400000.0,4308000000.0,4290000000.0
sz002496,002496,sz,辉丰股份,2.01,-3.83,2.3,1.05,-14.63,2.33,-4.74,-1.47,6.91,-21.79,9.24,55190000.0,3030000000.0,2374000000.0
sz002086,002086,sz,东方海洋,2.01,0.5,3.4,0.46,-27.76,3.11,-7.37,-0.5,15.52,5.24,-12.99,107430000.0,3936999999.9999995,3178000000.0
sh600512,600512,sh,腾达建设,2.01,-0.5,1.04,0.97,271.02,0.52,-1.95,-0.99,3.08,-8.64,-16.6,33330000.0,3191000000.0,3191000000.0
sz002607,002607,sz,中公教育,2.0,-0.99,1.73,0.78,219.39,15.33,-5.21,-9.5,10.5,-17.36,-27.01,192700000.0,12335000000.0,11087000000.0
sz000898,000898,sz,鞍钢股份,2.0,0.0,0.32,0.89,-3.77,0.44,0.5,-1.96,0.0,-1.96,-20.95,51230000.0,18738000000.0,15915000000.0
sz300197,300197,sz,节能铁汉,1.99,-1.49,3.24,0.74,-2.89,-16.39,-8.29,4.74,12.43,23.6,12.43,189650000.0,5901000000.0,5901000000.0
sz000826,000826,sz,*ST启环,1.95,-0.51,1.44,0.63,-0.9,-1.11,-0.51,7.14,39.29,-11.76,-12.16,39520000.0,2779000000.0,2779000000.0
sz300237,300237,sz,ST美晨,1.94,-2.02,0.59,0.74,-7.7,62.65,-2.51,-5.37,4.3,-14.91,-24.81,16780000.0,2797000000.0,2797000000.0
sz002470,002470,sz,金正大,1.93,-0.52,2.56,0.57,170.33,2.97,-2.03,-3.98,3.76,-16.09,8.43,162730000.0,6342000000.0,6341000000.0
sz002542,002542,sz,*ST中岩,1.89,-0.53,2.0,1.07,-3.54,-11.93,8.62,10.53,16.67,13.86,-43.41,66790000.0,3414000000.0,3325000000.0
sh688121,688121,sh,*ST卓然,1.87,7.47,4.73,1.29,-1.95,0.19,-12.21,-12.62,-18.7,-71.14,-82.88,17580000.0,437000000.0,379000000.0
sh600881,600881,sh,亚泰集团,1.87,-4.59,4.32,0.38,-3.37,14.06,-15.38,10.0,8.72,24.67,0.54,263100000.0,6044000000.0,6044000000.0
sz000903,000903,sz,ST云动,1.86,-2.11,0.76,0.85,-3.58,5.85,-2.11,0.54,6.9,0.54,-29.28,27530000.0,3599000000.0,3572000000.0
sz000639,000639,sz,ST西王,1.86,-6.06,8.82,1.09,-2.0,1.13,8.14,15.53,32.86,13.41,-43.81,181060000.0,2007999999.9999998,2007999999.9999998
sz000488,000488,sz,ST晨鸣,1.86,-1.06,0.36,0.78,-0.74,13.13,-2.11,-3.12,-3.12,-18.42,-15.45,11400000.0,5471000000.0,3151000000.0
sz000718,000718,sz,苏宁环球,1.85,-1.07,0.6,0.71,-240.27,0.61,-3.65,-2.63,1.65,-7.96,-19.21,25460000.0,5614000000.0,4221000000.0
sh600439,600439,sh,ST瑞贝卡,1.85,0.0,0.93,0.75,-24.8,0.83,-1.07,-0.54,-11.9,-21.28,-33.21,19590000.0,2094000000.0000002,2094000000.0000002
sz300266,300266,sz,兴源环境,1.84,-1.08,0.74,0.74,-12.27,93.6,-3.66,-3.16,6.98,-10.24,-28.4,21160000.0,2859000000.0,2858000000.0
sz300027,300027,sz,ST华谊,1.84,2.22,1.61,1.3,-13.36,-445.44,2.79,2.79,12.2,0.55,-15.21,75230000.0,5105000000.0,4722000000.0
sh601718,601718,sh,ST际华,1.84,0.55,0.51,0.87,-15.93,0.67,-3.16,2.22,7.6,-11.54,-45.07,40820000.0,8023999999.999999,8023999999.999999
bj920023,920023,bj,*ST田野,1.82,-3.7,1.36,0.53,-199.52,0.49,-7.61,-5.21,9.64,-21.21,-61.44,6770000.0,596000000.0,488999999.99999994
sh600491,600491,sh,ST龙元,1.78,-1.66,8.05,0.89,-0.94,0.39,8.54,44.72,42.4,33.83,-32.58,221810000.0,2723000000.0,2723000000.0
sz002936,002936,sz,郑州银行,1.77,1.14,0.87,0.69,8.25,0.35,0.57,0.0,-0.56,0.0,-8.29,107310000.0,16093000000.0,12442000000.0
sz000897,000897,sz,津滨发展,1.76,0.0,1.3,0.75,-48.81,0.95,-1.68,-0.56,3.53,-8.81,-22.81,37050000.0,2846000000.0,2846000000.0
sh600569,600569,sh,安阳钢铁,1.76,0.57,0.58,1.37,-4.2,3.47,0.0,-2.22,2.92,-6.88,-21.78,29190000.0,5055000000.0,5055000000.0
sz000069,000069,sz,华侨城Ａ,1.74,-1.69,0.39,0.7,-0.97,0.41,-1.69,-5.43,4.19,-10.31,-29.84,46370000.0,13986000000.000002,12004000000.0
sz000677,000677,sz,ST海龙,1.7,0.59,3.01,1.01,-323.57,2.86,-1.16,-1.73,8.28,-17.48,-61.28,44460000.0,1469000000.0,1469000000.0
sh600231,600231,sh,凌钢股份,1.69,-0.59,0.34,0.85,-2.72,1.36,-0.59,-1.74,2.42,-16.34,-21.03,16240000.0,4854000000.0,4793000000.0
sh601588,601588,sh,北辰实业,1.68,-0.59,0.81,0.92,-2.48,0.97,-2.33,-2.89,2.44,-20.38,-3.45,36190000.0,5657000000.0,4469000000.0
sh600653,600653,sh,申华控股,1.66,-0.6,0.9,1.12,-17.13,5.17,-2.35,-2.92,4.4,-2.92,-12.63,29230000.0,3231000000.0,3231000000.0
sz002514,002514,sz,*ST宝馨,1.64,-5.75,5.32,0.96,-5.81,-22.37,-11.83,-14.14,-4.65,-62.3,-72.11,49350000.0,1181000000.0,909000000.0
sh600734,600734,sh,*ST实达,1.64,-1.2,0.93,0.78,-25.4,15.59,-2.96,-1.8,0.61,-22.64,-64.35,33300000.0,3572000000.0,3572000000.0
sz002663,002663,sz,普邦股份,1.63,-2.4,1.39,1.01,-5.99,1.45,-4.12,-0.61,8.67,-16.41,-13.76,38800000.0,2809000000.0,2783000000.0
sz300152,300152,sz,*ST动力,1.62,0.0,2.06,0.99,-35.94,5.46,-1.22,-2.99,14.89,-2.41,-24.3,23880000.0,1155000000.0,1155000000.0
sz000980,000980,sz,众泰汽车,1.62,-2.41,1.43,0.86,-23.6,249.82,-5.81,-7.43,0.0,-39.78,-54.11,117540000.0,8169000000.0,8169000000.0
sz002630,002630,sz,*ST华西,1.61,-1.23,0.72,0.78,-5.9,-24.97,-4.17,-3.59,-3.01,-1.23,-35.6,12470000.0,1901000000.0000002,1732999999.9999998
sz000078,000078,sz,ST海王,1.59,-1.85,1.8,0.7,-7.31,3.37,-4.79,-10.17,0.0,-5.36,-54.05,75800000.0,4183000000.0,4174000000.0
sh600157,600157,sh,永泰能源,1.57,1.29,1.59,1.18,156.13,0.73,0.0,-1.88,-0.63,-13.74,0.0,539250000.0,34254000000.000004,34254000000.000004
sh600715,600715,sh,文投控股,1.55,-1.27,0.51,0.48,-99.66,5.82,-5.49,-5.49,2.65,-18.85,-28.9,22440000.0,6293000000.0,4437000000.0
sz000010,000010,sz,*ST美丽,1.53,2.0,2.02,1.15,-1035.97,5.98,-1.29,-0.65,4.08,-27.14,-56.66,28270000.0,1759000000.0,1404000000.0
sh600180,600180,sh,*ST瑞茂,1.53,-3.77,1.59,0.89,-0.48,0.39,-5.56,-3.16,9.29,14.18,-56.29,26950000.0,1663000000.0,1663000000.0
sh600370,600370,sh,*ST三房,1.47,-2.0,0.37,0.86,-8.05,1.2,-2.0,-3.29,-9.26,3.52,-34.96,22190000.0,5913000000.0,5913000000.0
sz002217,002217,sz,ST合力泰,1.45,0.0,1.02,0.79,778.99,5.8,-3.33,-5.84,3.57,-44.02,-52.46,107710000.0,10845000000.0,10555000000.0
sh601880,601880,sh,辽港股份,1.45,0.0,0.36,1.14,23.38,0.85,-0.68,-1.36,-1.36,-8.29,-7.7,96210000.0,34179000000.000004,26699000000.0
sh600239,600239,sh,ST云城,1.45,2.84,1.18,1.5,-8.58,2.31,2.84,2.84,7.41,-4.61,-38.3,27240000.0,2328000000.0,2328000000.0
sh600307,600307,sh,酒钢宏兴,1.43,0.0,0.34,0.88,-5.16,1.68,-1.38,-2.72,0.0,-10.63,-13.33,30430000.0,8957000000.0,8957000000.0
sh600136,600136,sh,ST明诚,1.43,1.42,0.44,1.03,-126.41,12.89,-0.69,0.0,2.14,-11.73,-15.38,12070000.0,2918000000.0,2779000000.0
sz000882,000882,sz,华联股份,1.42,-0.7,1.16,0.61,-11.62,0.59,-2.74,-0.7,4.41,-5.33,-31.07,44930000.0,3886999999.9999995,3884000000.0000005
sz000564,000564,sz,供销大集,1.42,-0.7,1.38,0.36,-14.21,1.77,-7.79,-0.7,5.19,-18.39,-43.2,297060000.0,25642000000.0,21435000000.0
sh601010,601010,sh,ST文峰,1.41,-1.4,0.67,0.68,-23.95,0.63,-0.7,0.0,-0.7,-17.06,-48.35,17070000.0,2550000000.0,2550000000.0
sz002269,002269,sz,美邦服饰,1.4,-2.1,1.19,0.9,-13.83,16.43,-4.76,-4.11,4.48,-9.09,-25.93,39580000.0,3517000000.0,3281000000.0
sz002431,002431,sz,ST棕榈,1.39,0.72,1.1,0.93,-2.17,8.43,3.73,4.51,9.45,-13.13,-41.84,27760000.0,2505000000.0,2505000000.0
sh601992,601992,sh,金隅集团,1.37,-0.72,0.23,0.78,-10.07,0.38,-2.14,-3.52,-1.44,-11.04,-15.43,26270000.0,14629000000.0,11418000000.0
sh600187,600187,sh,*ST国中,1.35,-2.88,2.0,1.3,-11.25,0.74,0.0,0.0,-3.57,1.5,-45.78,43600000.0,2179000000.0,2179000000.0
sh600518,600518,sh,康美药业,1.34,-1.47,0.81,0.69,-1257.04,2.55,-4.96,-1.47,0.0,-13.55,-29.84,149840000.0,18531000000.0,18522000000.0
sh600567,600567,sh,山鹰国际,1.33,0.0,0.55,0.8,-4.95,0.56,-0.75,-0.75,1.53,-1.48,-21.3,44990000.0,8253000000.0,8253000000.0
sh600022,600022,sh,山东钢铁,1.32,0.0,0.79,1.14,127.37,0.74,0.0,-2.22,-1.49,-1.49,-12.58,111600000.0,14122000000.0,14122000000.0
sh600221,600221,sh,海航控股,1.3,0.0,0.4,0.83,16.37,8.08,-1.52,-2.99,-2.99,-11.56,-28.18,223160000.0,56179999999.99999,55699000000.0
sz002731,002731,sz,*ST萃华,1.28,10.34,29.81,2.14,1.2,0.18,-19.5,-21.95,-30.05,-70.57,-89.81,78010000.0,328000000.0,294000000.0
sz002323,002323,sz,*ST雅博,1.28,-1.54,1.49,0.98,-15.95,14.17,-1.54,-2.29,-3.03,-12.93,-21.95,40610000.0,2715000000.0,2714000000.0
sz002501,002501,sz,*ST利源,1.26,-3.08,0.59,0.94,-26.26,27.88,-3.08,-4.55,3.28,-12.5,-49.4,26790000.0,4473000000.0,4469000000.0
sz002482,002482,sz,广田集团,1.25,-1.57,1.09,1.01,-39.9,10.54,-1.57,-3.1,2.46,-17.22,-26.04,51250000.0,4689000000.0,4680000000.0
sz000656,000656,sz,金科股份,1.25,0.81,1.21,0.68,0.43,3.37,-1.57,-3.1,-0.79,-14.38,-13.19,114390000.0,13236000000.000002,9484000000.0
sh600606,600606,sh,绿地控股,1.25,-1.57,0.4,0.62,-0.68,0.46,-2.34,-3.85,0.0,-14.97,-24.7,69960000.0,17568000000.0,17568000000.0
sh601005,601005,sh,重庆钢铁,1.19,0.85,0.22,0.41,-4.08,0.78,-0.83,-1.65,0.0,-8.46,-18.49,21400000.0,11435000000.0,9893000000.0
sz002024,002024,sz,ST易购,1.18,0.0,0.18,0.89,158.25,0.89,-1.67,-4.07,-0.84,-6.35,-30.59,19960000.0,10932000000.0,10919000000.0
sz002146,002146,sz,荣盛发展,1.13,-0.88,1.25,0.38,-0.53,0.97,-3.42,-0.88,3.67,-13.08,-31.1,55610000.0,4913000000.0,4420000000.0
sh600340,600340,sh,*ST华幸,1.09,0.0,0.59,0.72,-0.19,-0.22,0.0,-1.8,2.83,-14.84,-50.23,24800000.0,4244000000.0,4244000000.0
sz002717,002717,sz,*ST岭南,0.96,-1.03,1.83,0.73,-0.73,-1.18,-4.95,-5.88,-4.95,5.49,-40.74,30250000.0,1747000000.0,1650000000.0
sh688496,688496,sh,*ST清越,0.92,2.22,2.47,0.5,-3.59,0.46,6.98,6.98,3.37,-5.15,-84.51,5340000.0,413999999.99999994,219000000.0
sz002155,002155,sz,湖南黄金,24.56,0.0,0.0,0.0,21.45,4.46,-2.15,-9.31,7.81,2.42,18.13,0.0,38379000000.0,38375000000.0
sh600984,600984,sh,建设机械,4.49,0.0,0.0,0.0,-2.53,3.16,0.0,0.0,11.97,-3.85,9.78,0.0,5644000000.0,5644000000.0
sz000016,000016,sz,*ST康佳A,2.33,0.0,0.0,0.0,-0.44,-0.5,-2.92,-9.34,-6.43,-32.66,-53.12,0.0,5611000000.0,3720000000.0000005
